idx,prompt,prompt_cont,gen0,There are many farms crowding the area,", which all produce milk and pork.",", but the one you must see is"
1,Her father kept bringing her various medical treatments, and ain't nothing done ever worked.,", like a shot of adrenaline for her"
3,tin foil hat for the s,"arg, what size u wear?","ash, and a bright red scarf"
4,The toaster Tom done bought, from him ain't work., a new toaster and I
5,Where is it a very active tradition of hunting, of small to medium-sized wild game?,"?

I have seen a lot of"
6,a rarity among recent iranian films : it's a comedy, full of gentle humor that chides the absurdity of its protagonist plight,"/ drama with a happy ending.

Cast 
 A"
9,The film is not only a love song to the movies but it also is more fully an," example of the kind of lush, all-enveloping movie experience it rhapsodizes", expression of the artist's life and work. It is a tribute to the many people who made
10,Either an Analysis that covers a lot, of cases or a very rigorous analysis," of the same ground, or a"
12,": At her subsequent trial, the case against Tulisa collapsed at Southwark Crown Court in July 2014, with the judge commenting that there were ""","strong grounds"" to believe that Mahmood done lied at a pre-trial hearing and tried to manipulate evidence against the co-defendant Tulisa.","serious questions"" about the evidence.

The jury, however, acquitted Tulisa of the charge of perverting the course of justice, which carries"
13,The father carried the sleeping, boy in his arms.," child in his arms,"
14,CCC say ten substantive changes had been, made that would affect record keeping requirements.," made to the legislation.

"""
16,"Asphalt/bitumen is used to make Japan black, a lacquer known especially for its use on iron and steel, and it is also used in paint and marker ink by some graffiti supply companies to increase"," the weather resistance and permanence of the paint or ink, and to make the color much darker.[citation needed] Asphalt/bitumen is also used to seal some alkaline batteries during the manufacturing process."," their sales.

A:

Yes, it is used on iron and steel, and is also used in paint and marker ink by some graffiti supply companies to increase their sales.

A:
"
17,a slam-bang extravaganza is all about a wild,"-and-woolly, wall-to-wall good time.", and wacky ride through the world of the “little people.
18,you gotta give the audience a reason, to want to put forth that effort," to care""

The band"
19,It was a plan that we would visit, Glasgow today but the weathers terrible.," the Grand Canyon, and we would go"
20,Ablright Jewish cousin a, 21 year old man named George.,"-whirl

A recent"
21,How many inches of rain, central Nigeria get each year?, have you had this summer?
23,"The table was piled high with food, and on the floor beside it it"," was crocks, baskets, and a five-quart pail of milk."," was a pile of dead bodies.

It was a scene of horror and"
24,There's a hole in the tarp,aulin which that stone is holding down., that I can see in the middle of the
26,Why is stressed out the only popular twenty one pilots song? They," got many other beautiful, why is stressed out the only one?"," all look the same to me.

I love the song"
27,Will image quality be worse if, my lense got more glass?," I use a higher resolution?
"
28,In the unlikely event the Electoral College throws," the vote, how soon will we know?"," a wrench into the 2016 presidential election, the"
29,"It's likely that Tom gon win,", but itain't clear which race., but I don't think it will be
32,What effects gon trade sanctions imposed on and by, Russia have on the U.S. economy?," the US and UK, and the US and UK"
33,What NFL teams done won, the most Super Bowl rings?," the Super Bowl?

"
34,"The conventional therapy is counseling or medication, but now there is a new tool,"," one that puts the soldiers through the trauma again, only this time in virtual reality."," a drug called naltrexone, which can be used for opioid addiction.
"
35,How does the process in which Japanese grow, watermelon differ from the process Koreans use?," their own food impact the environment?

"
36,This theory captures that arrows, don't stop in midair, are a tool for creating a
38,A tan dog licked a, girls hand while laying down.," small boy's face, and"
39,What basic difference is it between the, teams of Barcelona and Real Madrid?," two, and how can I use"
40,Who released a guideline that recommends that, people follow a whole plant food diet?, your child use cannabis to treat their ADHD
43,It prove that John was, lying that he left town.," not a killer, but he"
44,"this a shameless sham, calculated to cash", in on the popularity of its stars.," in on the current economic crisis.
"
45,"Can I abscond from work, I been working in a company for"," only 2 months, and I think I ain't a perfect fit here?"," the last 8 years. I have my own business, but I have a"
46,you got no remains of an, A- at the pentagon.," old man?""

""Not"
47,"In the United Kingdom, BBC Radio 5 Live", and 5 Live Sports Extra gon carry the contest.," is the broadcaster of choice for many people, and"
48,The Islington police said they started receiving phone, calls only minutes after the objects started appearing., calls from a man claiming to be from a
50,What the most interesting products and innovations Bank, of America is coming out with in 2016?," of England has seen in the past year
"
51,"We got no idea about a time between roughly 300,000 and 1"," billion years after the Big Bang, when the universe was very hazy.",",000,000 years ago, and there are no good estimates of the"
52,It ain't until the 1930s that the, Supreme Court held a delegation of authority unconstitutional.," term ""sportswear"" was adopted"
53,The company gon offer songs for 99 cents, and albums for $9.95.," a piece?

It's a"
54,Who done tried self hypnosis,? And how it work?,"?

I have a"
55,Google search for Travel WODs gotta, whole lots of results which you can use," be a good one.

I"
57,"The other, al-Azhar, acquire this status in name and essence only in the course of numerous reforms during the 19th and 20","th century, notably the one of 1961 which introduced non-religious subjects to its curriculum, such as economics, engineering, medicine, and agriculture.","th centuries. The institution was founded by the first Imam (al-Azhar) in the year 691, and it is a centre of"
59,Is it sure that I will get my class, 12 improvement admit card delivered to my address?," in the end?

A:
"
60,I don't believe it was any, iceberg at all anywhere near the Titanic.," of my business."" ""I don't"
61,Financial firms now offer internally focused, products that improve business success., and externally focused services. The
62,"Frank may done told Chet,"," and Joe may have, too."," ""I got a call from the"
64,Most columnists claim that a senior, White House official been briefing them., member of the U.S.
65,to convince the audience that these br,ats gon ever be anything more than losers,"ides were not the product of
imag"
68,got a shambling charm... a, cheerfully inconsequential diversion.," sort of
fairy-tale"
69,Whats some topics you just cant ignore, while preparing for iit jee?,"?

I've been thinking about"
70,About half of all U.S,. households got money in mutual funds.,". households have a pet, and more"
72,"They also presented Jesus –  ""As it is written in the law of the Lord, Every male"," openeth the womb shall be called holy to the Lord"" (Luke 2:23other verses).", among you shall give his angels charge concerning his wife: and no man shall separate his wife from her
73,Dropbox Mobile use mobile data? Is it, any setting so that it sync only on WiFi?," a paid feature or a free one?

"
74,It was a fine selection, of Goethe writing.," of songs, but I"
75,"the chateau belong to rudd, whose portrait of a therapy-dependent", flakeball spouting french malapropisms... a nonstop hoot.," man is one of the most important in the history of art.

In the"
77,If checks aren't written to Indiana University," Foundation, there's gonna be an issue.","'s (IU) online banking system, they"
78,"While local cab drivers had compliments, not everyone appreciated the", company. The Brewers had lost their game the following day," gesture.

""It's a shame, because"
79,During the 1950s deyre was a citywide festival called, Fiesta del Pacifico highlighting the areas of Spanish and Mexican past," the ""Cinco de Mayo"" in honor of the"
80,Prime Minister Allawi gon return to Iraq, in time for the country national conference., to meet with the Iraqi government and military
81,It's more difficult to find a job in a city I don't live in than a," city I do live in, even if I'm willing to pay my own relocation costs?"," city I do.

—

I had a lot of friends in Boston,"
82,Latin and Euro-American rhythms, both present in discos.,".

The second was"
84,There's been much puzzlement among, critics about what the election symbolize., people who follow the news about the state
85,"""With Leukemia"" is a website bringing parents together world",-wide to share experiences on caring for children who have leukemia.,"-wide to learn, share, and celebrate the remarkable story of"
86,at the state scientific center of applied microbiology there is every kind of deadly bacteria that,was studied for use in the secret biological weapons program of the soviet union.," can infect you.

All of the major hospitals in the country are equipped with"
87,"In the early Olympic games, athletes used to run a mile and then recite a poem. The first poet-in-residence of an English football team, Ian McMillan, remarked that football chants are like huge tribal poems. Generally, though, sport and poetry done never seemed natural companions in human enterprise. Until the New York Mets baseball team suffered in 2007"," arguably the worst collapse in Major League Baseball history. To describe the anguish fans felt, The New York Times turned to a poet, Frank Messina. ""wasn't nothing really representing the fan point of view,"" Messina told Wikinews reporter David Shankbone in an interview. ""it's a lot of hurting people out there can't express what happened.""",", when the new coach, Terry Collins, introduced poetry into the team’s game.

Collins’s first poem, “Tear Down the Walls” (the title of which is a line from a poem by the poet John Berryman), was a sort of manifesto for the Mets. It was a call to arms. It was"
88,My meeting started at 4:00 and I needed to catch the train at 4:30,", so there wasn't much time. Luckily, it was delayed, so it worked out.",. I was a little late and I had to get out of the house early. I was
89,From what I'm seeing it's generally accepted that most English, speakers got a vocabulary size of 15000 to 20000 words.," speakers use the word ""bastard"" to refer to a"
91,Blair sorry for anyone done, lost their lives in Iraq.," wrong

The Labour leader"
92,The college coaches got the most responsibility to decide," which players got a problem, not the NCAA", the team's fate. But the captains were
93,"There is a total of 12,800 Buddha statues here, plus", the remains of the monastery founder embalmed in gold leaf., the three statues of the Buddha in the hall of the temple.
94,and EDS is very particular about this hair cuts i mean it was like you can,'t have you know such and such facial hair no beards you know and just really detailed,"'t get away from a certain kind of shape or the way your hair is shaped.
"
96,I put the cake away in the refrigerator., It got a lot of butter in it., I love the look of the cake. I
97,What traditional schooling done been considered modeled, after the traditional Islamic graduate schools?, on and what the model is built
98,Participation in the Premier League by some Scottish or," Irish clubs done sometimes been discussed, but without result.", Welsh clubs has always been a contentious issue. It is
99,Anson thought he, bought the paint stripper," could win the race,"
100,"Jane knocked on Susan's door, but", there was no answer. She was out., it was locked. She tried to call out
101,"I finished a web intensive program, and I've been looking for a job in web development.", I realize I don't really know web development work environment. How can I get this experience?," I've been told that there are a lot of job openings, but I'm not sure if"
102,"Michael said that Pinochet been came to Britain with a passport do not require no visa, and it likely that he may done presented, supported"," with evidence, medical reasons for requiring treatment and therefore, it was no reason for immigration authorities to prevent him from entering the country upon his arrival."," and advised him.

A new report by the UK government’s Foreign Office, “The Pinochet File”, reveals"
106,Ebola Epidemic, break out in Zaire.," in Central America

The"
107,"On Sunday Memoirs: 1939-1993 a memoir written by former Prime Minister of Canada Brian Mulroney gon be released. The 1,152 page tome outline Mulroney version of events during his time as prime minister. CTV gon broadcast a documentary on Brian Mulroney on the eve of his book launch. In addition, the"," network plan to air Triumph & Treachery: The Brian Mulroney Story on Sunday, CTV say the 90-minute special gon be the most complete interview the former prime minister done ever given and his first comprehensive interview since leaving office in 1993. The Quebec French language TVA network gon air a similar documentary exclusively in French later that night."," book will be available for pre-order on Amazon.com and also at CTV.com.

The book is scheduled for release on January 23, 2014.

“It’s a great honour to be able to release this book,” said Mulroney in a statement. “I am deeply grateful to"
108,uh no uh no no i do have a place, that's rusting I need to get something on it, we can take our dog so we can have a dog
110,"In particular the Shiva Sutras, an auxiliary text to the Ashtadhyayi, introduce what can be considered a list of the phonemes"," of the Sanskrit language, with a notational system for them  that is used throughout the main text, which deals with matters of morphology, syntax and semantics."," that the Sanskrit alphabet has to contain.

The phonemes in the Sanskrit language are called ādhyās (अद�"
111,After Hedges microphone was unplugged for a second time,", Pribbenow told him to wrap up his speech.",", the crowd was stunned into silence.

""I'm"
113,"Government forces killed the head of the Armed Islamic Group, or GIA",", which done claimed responsibility for killing 61 foreigners in the last year.",", in the city of Daraa, on Tuesday, according to"
114,"The ACS, developed jointly by four American agencies, was installed in March of 2002. It's a system of three cameras, filters, and dispersers which act to detect wavelengths of"," light ranging from near-infrared to ultraviolet. It's a system was designed to last five years, according to Preston Burch, associate director and program manager for the Hubble Space Telescope"," light that are invisible to the naked eye.

The system is designed to detect light emitted by natural and artificial sources of light, and to distinguish between wavelengths of light that are visible"
115,Grandma done set a place for Mary; and once Mrs.," Wyman was seated, she pulled her, protesting, to it.","
Cunningham told her, 'I hope, ma'am"
116,Exclusive-UPDATE 2-Egypt pro,-Mursi alliance signal flexibility in talks,"-Morsi party candidate wins

Egypt"
117,Microsoft gon stop developing versions of its Internet Explorer browser software for," Macintosh computers, saying that Apple Safari is now all Apple need"," Windows 8.1

Microsoft has announced that it will"
118,The thief who was seized by the, police turned out to be our cousin., police and was beaten to death in the
119,Mr Sahel said police done identified the bodies of seven of the 14-,strong cell believed to done carried out the five almost simultaneous attacks on Saturday.,"year-old boys.

The bodies were found in the back of"
120,"After a somewhat lengthy conversation, Nancy convinced the housekeeper it was no immediate cause for alarm. She did not"," mention no incident at the Hamilton bus station, knowing it would only add to Mrs. Gruen uneasiness."," want to have to go to the police.

The housekeeper, who was not in a position to be"
121,Rick Dinon the senior vice president, of 20th Century Insurance Co., of global marketing at the American International
122,Nations like Israel and, Australia already got such status., the US are very concerned about
123,"Has anyone ever gotten to middle age, had little experience but ain't", happy with what they was doing for an occupation the last 25 years?, that what it's all about? I'm not talking about a couple
125,Muriel got a famous painting of a ballerina by Cec,ile d'Arblay hanging in Muriel living room.,ilia Bartoli. She also got a famous painting of a ball
126,A higher price was paid for beer in the snug, and couldn't nobody look in and see the drinkers.,", and the barman was
asked if he"
127,John think that it is appropriate for it to, be a picture of himself in the corridor.," be the first chapter of a book.
"
128,"Aside from Walpole, who else denied that", it was no such thing as the prime minister?, he was involved in a sex scandal involving a teacher
129,How Alexis de Tocqu,eville describe the French Revolution?,eville had a “perfect
130,Who Bill said Frank claimed that Mary seem, to have been likely to have kissed?," to have had an affair with the
"
131,"During the weekend of Sunday 28 December the 75 year old children clothes retailer, Adams Childrenswear called in administrators PricewaterhouseCoopers. Adams done previously been placed in administration with PricewaterhouseCoopers in 2006, but was rescued by Northern Irish businessman John Shannon in February 2007. A large rebranding followed in 2008, after 42 stores was"," closed. Adams got outlets worldwide in places such as Saudi Arabia, and also make clothing under the Mini Mode brand for Boots. At the time of the 2008 administration dey was 260 stores in the UK and 116 outlets overseas, employing around 2000 people. Adams is reported to owe around £20 million to Mr Shannon and £10 million to Burdale."," sold to a new owner, who rebranded them as Adams Kids.

The new owners of Adams Kids, a newly formed company called Adams Kids Ltd, have announced they will be opening Adams Kids stores in the Republic of Ireland in the first half of 2009.

The new store is expected to be the largest in the UK, with a capacity"
132,"I am in a relationship with a girl. She want to spend her whole life with me. I love her too, but I ain't sure whether I'ma marry her."," If I told her about my unsureness about marriage, she would definitely leave me. I don't want to lose her. I am very confused. Can anyone give me any suggestions?"," I don't know what to do. I'm not sure whether I should say yes or no.

I'm a black man, and I'm in my early thirties"
134,Which foods are safe to, eat that have freezer burn?, eat in the presence of certain
135,"Stars are rotating, but thatain",'t no cause for their stability.,'t always the case. When you
136,What it feel like to see a, girl orgasm for the first time?, movie like “The Dark Knight
137,"What If I join for any CGL posts, would I", able to live a good retirement life after my tenure over?," get the same benefits as the other CGL members?
"
141,What government set standards, all schools gotta meet?, for the quality of the
142,"Three years ago, Anurag was thrice as old as Bhargav was. Two years hence",", Anurag age gon be twice that of Bhargav age. What is the present age?",", the three of them were in the same room, in the same house, in the same city."
143,I think you gotta apply a, little statistical thinking to this., little more pressure on the shoulders
145,"In 2001, El Salvador adopted the U.S. dollar as its currency,", while Panama done used it for decades due to its ties to the Canal Zone., and the U.S. dollar has been the official currency of El Salvador since
147,What is it besides degrees, of similarity with Occitan?," and degrees of separation?
"
148,"But the point is, do", anyone here go by Rita?," you have a plan, or"
149,Mary took out her flute and played one of her favorite, pieces. She has loved it since she was a child.," songs, “I’m in the Mood for"
150,How many players on the Barel,ona team done scored over 100 goals?,vis team have had their careers cut short
152,Wages ain't rising at, the same rate as inflation.," all.

They're"
153,"I sat there feeling rather like a chappie I'd once read about in a book, who murdered another cove and hid the body"," under the dining-room table, and then had to be the life and soul of a dinner party, with it there all the time."," in a hole in the ground.

The man was a friend of mine, and I'd been out with him a few times."
154,How can I succeed at Computer Science if Iain,'t too good at Math and Have never done Physics?," Murray is my hero?

Iain Murray is"
155,"Tropical Storm Arthur is projected to weaken tonight, but it gon likely regain strength after entering the Bay of Campeche on Sunday.The 2008 Atlantic  hurricane season done got off to an early start today when a tropical storm formed off the coast of Belize, one day before the season officially begin. Tropical Storm Arthur been formed Saturday afternoon"," and quickly made landfall at the Yucatan Peninsula, near the border between Belize and Mexico. Both  countries issued a tropical storm warning for the peninsula eastern coastline. In the Mexican state of Quintana Roo, ports was closed to small boats,  water sports was banned, and those living in coastal areas was encouraged to take precautions."," and was named by the National Hurricane Center as Tropical Storm Arthur.

The storm quickly strengthened and by late Saturday afternoon, the center of the storm was located about 30 miles north-northeast of the small town of Campeche, Belize. On Sunday, the center of the storm moved to the west-northwest and was"
156,"I was tryna open the lock with the key, but someone done filled"," the keyhole with chewing gum, and I couldn't get it out."," it with water, and I couldn't get it open. I thought I"
157,"A Chilean expert points out that the 1987 Montreal Protocol has notbeen effective in arresting the destruction of the ozone layer in the earth'satmosphere, resulting in the unprecedented size of the ozone hole"," this year, and causing 120,000 people in Chile to be on yellow alert for ultraviolet radiation (meaning a fair-skinned person would get burnt within 10 minutes of being exposed to the sun).",".

The Montreal Protocol is a treaty between the United Nations and the European Union that was signed in 1987 by the United Nations and the European Union. The Montreal Protocol is a treaty between the"
158,"The same source said that Cohen, who was received by the Prime Minister and Minister of Defense, Fayez Al-Tarawneh, gon"," hold talks especially with Jordan Crown Prince, Prince Al-Hassan Bin Talal,  who represents King Hussein in running the country's affairs.","ad, and the Minister of Communications, Omar Al-Bashir, gonad, and the Minister of Culture, Mohammad Al-Sharif Al"
159,Though the colt had been consistently the victor,", none of his rivals had been in his class."," in the past, the Kentucky Derby was the first race"
160,Most of Philip K Dick works ain't, hard Sci-Fi in the least.," sci-fi, but they're definitely"
161,The FCC should not done, came to conclusion they reached., with this case. It is
163,Iran's Parliament Questions A, Dismissive Ahmadinejad,"IG's Role

The"
164,Justice did not provide savings, data beyond fiscal year 1997.,".

The court ruled"
165,uh-huh yeah we've uh we  camped at the DeGray State Park in Arkansas in the fall and it ain't nobody else hardly, around and it been was just really nice that time of year we done taken our electric blanket too just in case it was unbearable but we ain't need it," no one else's campsite that we've seen.

(laughter)

Well, they've been there for a long time.

"
166,"In the storm, the tree fell down and crashed through the"," roof of my house. Now, I gotta get it repaired."," roof.

The tree had been rooted in a spot where"
167,"The Episcopal Church, with 2.3 million members, the American branch"," of the worldwide Anglican Communion, which got 77 million adherents."," of the worldwide Anglican Communion, is the second largest Christian denomination"
168,Every day after dinner Mr., Schmidt would take a long nap.," and Mrs. Smith took
to"
169,"they presume their audience won't sit still for no sociology lesson, however entertainingly presented, so they", trot out the conventional science-fiction elements of bug-eyed monsters and futuristic women in skimpy clothes," try to get their audience to laugh, in the hope that they can get their point across, and that"
170,i think by limiting the number of consecutive terms a congressman or senator can hold whether it be a state, congressman or senator or at the national level limiting the two terms and then they've gotta sit out one," or a federal office, you could potentially have a situation where the next president doesn't want to have"
171,"The red phycoerytherin pigment an adaptation to help red algae catch more sunlight in deep water—as such, some red"," algae live in shallow water got less phycoerytherin in their rhodoplasts, and can appear more greenish."," algae may be able to grow faster in the presence of sunlight.

This is a big deal, because the presence of sunlight is"
172,Police spokesman Brig. Gen. Edward Aritonang been confirmed Saturday that another two," done been arrested, one in Jakarta and another in Magelang, Central Java."," persons were killed in the incident.

The incident took place in the area of"
173,"Since then, the Bronx done always supported the Democratic Party nominee for President, starting with a vote of 2-1"," for the unsuccessful Al Smith in 1928, followed by four 2-1 votes for the successful Franklin D. Roosevelt."," in the Bronx on the first ballot in the New York primary in 1892.

In the late 1920s"
174,"But not Fox News Sunday Jim Angle, who reports, Jiang went toe-to","-toe with Bill Clinton, the smoothest talker in the Western world.","-toe with Hillary Clinton during the first Democratic debate, and then attacked her for"
175,The tenth series gon introduce Pearl Mackie as," Bill, the Doctor's newest traveling companion.", the new resident of the house I’
176,"When the sponsors of the bill gotta the town hall, they was surprised to find", that the room was full of opponents. They was very much in the majority., out that the bill was not to be passed. The sponsors of the bill were
177,We couldn't find no pictures, of Blind Mello Jello.," of him."" ""I'm sorry"
178,How we gon tell time on Mars? Will we go by," Mars rotation of the sun, or continue using Earth time?"," the sun or the moon?

I'm not a"
179,well i've seen some people try to just come in like over the weekend, because they want to use the TexTeller machine and they done said no," and just get it out of the way, but i'm looking for a"
180,"is throwing up his hands in surrender, is firing his r&d people",", and has decided he gon just screen the master of disguise 24/7"," at the problem, and is saying that the problem is a combination of both"
182,A three-judge panel of the 8th U.S. Circuit Court, of Appeals in St. Louis overturned a ruling issued last year supported the ordinance., of Appeals heard oral arguments on Tuesday in a case involving a lawsuit filed by the
183,This girl gon put a picture, of Bill on your desk  tomorrow," in my head."" ""You got"
184,We know how many papers this reviewer done," read, but we don't know which ones",. I am not sure how it got to
185,while the humor aspects of ` jason x,'were far more entertaining than i done expected, x x x x x x x x x
186,A rule of thumb I've heard is," ""for small children, big dogs""."," to never use the word ""fear"
187,In 5 U.S.C it define what records can be withheld under two (2) Freedom of Information Act exemptions if the, President of the U.S. or the President or Director of the OMB determine that the information fall into the exemption statutes.," agency has a good faith belief that the records are exempt from disclosure. The exemptions are:

Exemption (b)(1"
189,"When you got a cold, it better to take cough/",cold medicine or have your body fight it off without medicine?,"cough medicine or you could get a cold, because it"
190,Larry boss at the railroad company would not want, anyone but him to work in the office., to be in the same room with him.
191,"worth your time, especially if you got ellen p",ompeo sitting next to you for the ride.,"auls book.

I have a question for"
192,The two princesses was educated at home under the supervision of their mother and their," governess, Marion Crawford, was casually known as ""Crawfie""."," tutor, Princess Miki. The two princesses were the youngest of the three"
193,"""Is it really a """"Celtic"""" ethnicity and what proof is"," it of a shared ethnicity between supposed Celtic nations such as Wales and Scotland?"""," there that it is?"" ""Well, it's not Celtic, but it"
194,Palestine government jet used, to be kept in Egypt.," to crash in Gaza

"
199,Meanwhile all the people in town are hunting high and low," for Arthur and Celeste, and their mothers very worried."," for this man.

""We have to get him"
200,The men were able to mine, more gold from the abandoned mine.," a lot of the gold, which"
201,Iraq announced that it ain,'t gon cooperate with no inspectors,’t no ‘
202,i just got a bike myself because i'm hoping you know eventually maybe you know for, hikes or you know going out along the canal area or whatever to ride bikes with them," the price you can get the parts to do it

I'm not sure if"
203,It is possible that Sam ain't pick no, packages up which are to be mailed tomorrow.," one to play with, but I think he"
204,The goalkeepers the only players allowed to touch the ball with their hands, or arms while it is in play and only in their penalty area.,", and the only players allowed to take a shot from a distance of"
205,I am 26 years old and one of my wisdom teeth on my left lower jaw done never grown in. My dentist told me that I am, likely to have a problem with it at a later age. What could this problem be and what's the cause of the delay of tooth growth?, going to have a root canal on the left side of my jaw. I am scared of the pain and I am scared to tell my parents.
206,"""Tomorrow at the Mission Inn, I got the opportunity to", congratulate the governor-elect of the great state of California., speak to the world's leading experts in the field of UFO
207,but uh so this uh French I guess are into," the slapstick, so they would like Jerry Lewis yeah", this or whatever they are called uh it's just a
209,"This done led to widespread problems with antimicrobial and antibiotic resistance, so much as to prompt the World Health Organization to classify antimicrobial resistance as a ""serious threat [ no"," longer a prediction for the future, it is happening right now in every region of the world and got the potential to affect anyone, of any age, in any country""."," longer] to global health"" (Davies et al., [@B6]).

This is not the first time that a public health event has been associated"
210,"'s all-powerful, a voice for a pop-",cyber culture that feeds on her bjorkness.,culture-obsessed generation. It's a show that's
211,just goes to show that if you give, a filmmaker an unlimited amount of phony blood," a woman a good man, she will"
212,"Standard & Poor 500 index done rose 15.66 to 1,046.79",", its best advance since Oct. 1, when it gained 22.25.",", while the Standard & Poor's 500 Index rose 16.36 to 1,"
213,"An Xbox Live Gold account got an annual cost of US$59.99, C$59.","99, NZ$90.00, GB£39.99, or €59.99.","99, or €49.99 depending on the region. That's a big price increase, but"
214,"Aachen a very historic city (with Roman remains, natural hot springs as well as a world-famous cathedral where all German emperors from 900 a",".c. to about 1500 a.c. had been crowned) at the Western edge of Germany, located about 5 kilometres from the Netherlands and Belgium.",".d. to 1767 a.d. were crowned).

The city of Aachen was founded in the year 717 by the Mer"
215,It was San'doro who asked, how far you could do that.," you to come here, so I"
216,"Nobody did, which", was the great thing.," was a relief.
"
217,Civil disobedience can occur when people speak, about a certain topic deemed as?, out against the government and the way
218,The International Community know about the mass genocide done by Shivraj Singh Chou,han in the Vyappam Scam? Why BJP in genocide business?,han in the name of his political party and the Congress party. The Congress party
219,This opera was written in the 19th century,", but weain't sure by whom.",", and was originally performed in the style of"
220,"Another site within walking distance the beautiful, ancient walled Mon",astery of the Crose now hemmed in by suburbs.,astery of St. Martin of Tours. The monastery is also
221,"inject freshness and spirit into the romantic comedy genre, which has been", held hostage by generic scripts seek to remake sleepless in seattle again and again," around for centuries. The story follows the life of the title character, a young"
223,which is more plausible than the first version of events which appeared in the press relating that Bé,régovoy had returned alone to the car and had taken the gun from the glove box.,"dard had been killed by the partisans.)

It is not clear whether the second version"
224,The company didn't detail the, costs of the replacement and repairs., exact amount of money it was seeking
225,John done written the words,", and Paul the music.","

The words of the"
226,Stretching the woman's back,", the woman smiled at the girl.",", her buttocks, and her thighs,"
227,"After Apollo missions 18 and 19 were cancelled, what", happened to the Saturn Vs that was never used?," do we know about the Apollo 17 mission?
"
228,Whats something you caught your parents, doing you wish you ain't see?, doing that your brother or sister didn�
229,Rita Ranch also got, a planned development called what?, a lot of attention when she
231,"MEN who drink tea, particularly green tea, can greatly reduce"," their risk of prostate cancer, a landmark WA study has found."," their risk of developing chronic diseases and cancers.

Tea is"
232,"This morning, Joey done built a sand castle on the beach, and put a"," toy flag in the highest tower, but this afternoon the tide knocked it down.", sign up that reads “The best sand castle in the world is mine�
233,"Nasser berated Amer and Salem, and"," vowed, ""ain't nobody going to surrender."""," they all returned to their respective homes.

"
234,"the bodily function jokes are about what you 'd expect,", but there are rich veins of funny stuff in this movie.," after all, you are talking about a guy that is a"
235,Israel isn't gonna prosecute the police who killed 13 Israeli Arabs during pro-Palestinian," protests in 2000, because of a lack of evidence, an official inquiry said yesterday."," demonstrations in the West Bank in 2002.

But the IDF is still trying to"
236,to go see how it, worked and mine look real good," was all going.""

"
237,Which major global reinsurance company got, their headquarters east of the city center?, the most business from the global financial crisis
238,What exactly was FDR's New, Deal and what did it do?," Deal?

The New Deal"
241,This ain't good because it might, have a bad impact on the economy.," be a little too late, but you"
242,The American Express Corp. done pledged at least $,3 million of more than $5 million needed.,1 billion to a group of banks that are seeking
243,We should put them somewhere in the dining, room but itain't clear where.," room, so they can be seen and"
244,The foxes are getting in at night and, attacking the chickens. They done gotten very bold., we are going to have to take our chances.
245,"Although many of FBI functions are unique, its activities in support of national", security comparable to those of the British MI5 and the Russian FSB., security are not. The FBI’s role in the war on terrorism
246,Is it any travel writers or, travelers I can talk to?, travel bloggers that have made the
247,N,|A,$ is
248,"Two British tanks, sent to the police station where the"," soldiers are being held, was set alight in clashes."," riot was being held, were attacked by a group of angry"
249,How long does a wrestler have to, get themselves free of the hold?," wrestle?

A:
"
250,What practice differentiate the Angican Commun,on from Protestant churches at large?,itarian from the other communitarian models
251,I'm sure that my map will show, this building; it is very famous., you the most beautiful places in the world
252,These shoes won't fit into, the trunk they're next to.," my house, no matter how much"
254,"Previously, it reported a profit of $12 million",", or 0 cents a share, for that period.",", down from $28 million in fiscal year 2014."
255,The administration done issued a statement that it willing to meet with one," of the student groups, but Iain't sure which one.",-third of the members of the House and Senate Judiciary Committees to
256,Ain't nothing done made them madder, than seeing Arafat speaking at the podium.," than this."" ""They'll be wanting to"
258,"say that it don't follow the stale, standard, connect-the-dots", storyline which done become commonplace in movies that explore the seamy underbelly of the criminal world,"-and-line
method.

The fact is that the current way of doing things"
259,It illegal to attempt to clear hair, of a substance before a drug test?, from the face and body of a person
260,What's the best feeling you, done ever had in your life?, get when you know you're going
262,: London is home to, five major medical schools-, many of the world�
263,"Hyperthymesia, or hyperthymesic syndrome, a disorder that affect an individual's"," autobiographical memory, essentially meaning that they cannot forget small details that otherwise would not be stored."," ability to regulate body temperature, is a rare disorder. The disorder is characterized by inappropriately high body"
265,That ain't a good option for families with," children, and some people might find them uncomfortable."," children."" ""I'm sorry, I'm not"
266,Unless the kid quits trying to fight the war over again every time he sees an army bl,ouse or until he stops pouring whisky down him every time he hits town there may be shooting trouble.,"ossom into a new one, he’s not going to be a good leader.

"
267,Islam done joined a battle for the hearts and minds of Mexico volatile Tzotzil Indians in," Chiapas state, home of Zapatista rebels and a hotbed of sectarian strife between Christians."," the city of Tzotzil.

The Tzotzil tribe of indigenous Indians"
268,"According to plans, France should have minted", 7.6 billion Euro coins before 2002.," a new coin, the “Fillon"
269,I don't think it, is an answer for this.,'s worth it to get a
273,if it doesn't affect the," individual, nobody gon do it"," code in the question.
"
274,The toaster Frank done bought, from him ain't work., a toaster for his wife
276,Enron 401(k) plan covered about," 20,000 workers, retirees and beneficiaries."," 1,000 of the employees, but that"
278,"At the first proceeding, the jury decides the defendant's guilt; if the defendant is innocent"," or otherwise not convicted of first-degree murder, the death penalty will not be imposed.",", the jury must decide if the State has proved its case beyond a reasonable doubt. If"
280,wish there'd been more of the, `` queen '' and less of the `` damned," old man's stuff, but then again,"
281,Muriel got in her living room a famous painting of a, ballerina. She bought the painting when she was thirty.," dog, a white dog with a red nose and a red tail"
282,"Besides the general media and motion picture categories,", which category contains media that ain't static?, the most popular categories for the new releases are
283,"like a three-ring circus, it is side", stories aplenty -- none of them memorable.,"-splittingly funny, and it is packed"
284,Shandong ain't, far from Henan province., the only city in China that
285,"Charles was criticized by some students,", but I can't remember no ones, but he was a popular teacher.
286,There was no influence from China, to the culture of Greece.,"’s currency policy,"
287,what a diet oh no they, have nothing to do with that, dont know what a diet oh
288,Why can someone I ain't add,", see my story on snapchat?",icted to getting off my face and having
291,When you got a lot of money you have a lot, of problems with a lot of people tryna take it?, of things to do. You can buy a lot of stuff
292,"But they did not, as of the time of this particular tragic"," event, provide the security we done requested,"" Mr Jordan said."," occurrence, have any legal authority to do so.

At"
293,"They was eating, and I", wonder what they were eating.," was eating, and the sun"
294,well you think that we do it because we want it to deter crime or, itain't because we don't want to pay for inmates to stay in prison, because we want people to be safe. We do it because we want to protect
295,Mark heard Steve's feet going down the ladder. The door of, the shop closed after him. He ran to look out the window.," the workshop opened, and he was greeted by a young woman. She"
297,Conservative Party leader William Hague been attacked British Prime Minister Tony Blair's stance on further European integration Tuesday,", accusing him of handing over Britain's rights and powers ""slice by slice"".   Understanding:",", February 27, 2004. (AP Photo/Peter Macdiarmid)

The British"
298,Why Hilary Clinton get away, with things other people wouldn't?," with it?

In the"
300,"a larger-than-life figure, an", artist had been awarded mythic status in contemporary culture, artist who can make a difference in the world.
301,It is proud of him, that I have never been,", of the way he"
303,If you ain't sure how to do," it, don't do it at all."," it, just do it.
  "
304,We don't have no sales tax, up here so buy it here.,"."" ""We don't have no"
306,of china's now," numerous, world-renowned filmmakers",-famous 'doubling'
308,with notorious c.h.o. cho proves she got the stuff," to stand tall with pryor, carlin and murphy."," from a dealer in the
country.

""I know a"
309,'s exactly the kind of movie to,back  detractors always accuse him of making, be made when you're doing a lot
311,Many parts of tsunami-battered Ace,h province ain't safe for the military.,"h province are under water, with the worst"
312,Bolivia army fought to stop a column of dynamite-wielding miners from streaming," into the besieged capital on Wednesday, leaving two dead as a popular uprising against the President spread."," into the capital of La Paz.

The army was called in and the miners were"
313,The Clear Skies Act gotta do with ocean,ography and the impacts in that field., acidification. It's not an excuse
315,The Senate Banking Committee is scheduled to hold a hearing on Tuesday,", when Donaldson gon be questioned about hedge and mutual funds.", on the U.S. government’s proposed new financial
318,Gillian Anderson: What's David, Duchovny's best feature?," Bowie's new album called?

"
319,there's a vastness implied, in metropolis that is just breathtaking., in the word _vast_ ;
321,It is no reports so far as to whether any relatives done claimed the, bodies of the four military men who were reportedly killed when the plane crashed.," bodies.

The family of the deceased, a resident of the village"
322,Is it really a health difference between, Marlboro and American Spirit cigarettes?," a large and a small one?
"
323,Amazon Bezos to buy the, Washington Post for $250 million, Washington Post for $250 million
324,Gunman held suburban Atlanta firefighters," hostage now dead, police say", hostage for several hours in an
325,What cable network did the AFL, sign a regional contract with?,"-CIO choose?
"
326,"In a statement in The Washington Times, the executive director of 21st Century Democrats, Mark Lotwis, called the lawsuit ""frivolous"" and said: ""we're going to defend our organization integrity"". Landmark Education spokeswoman Deborah Beroset said that the Landmark Forum ""is in no way religious in nature and any claim to the contrary simply absurd,"" and stated",": ""While we ain't no party to this lawsuit and got no firsthand knowledge of it, we can only assume that we are being used as a legal and political football to further the plaintiff""s own financial interests."" The New York lawsuit was filed April 14, and still in early filing stages. A conference with the federal court judge in the case done been scheduled for June 17."," that the group's purpose is ""to promote the values of diversity, inclusion, and respect for all people, regardless of their religion or political beliefs"".

In a statement to The Washington Times, the executive director of the National Association for the Advancement of Colored People, a civil rights group that has endorsed the lawsuit, said that the group ""is not a religious organization and"
328,as blasphemous and nonsensical as a luis buñuel," film without the latter  attendant intelligence, poetry, passion, and genius.","os, and it is the last to be published.

The book"
329,jumps to the head of the class of women films managing to avoid the, ghetto of sentimental chick-flicks by treating female follies with a satirical style," all too common pitfalls of being a woman-centric, woman-driven, woman"
330,hard-won rewards over the bombastic self-glorification of other feel,-good fiascos like antwone fisher or the emperor  club any time,"-good, self-indulgent, self-important, self-important-"
331,There are ways to make the reading more," understandable, provided we work for it.", enjoyable. There are also ways to make
332,"It is considerable gaps in our knowledge of modern forms, but we know that during the Carboniferous period hundreds of different amphibian forms", roamed the swamps. Apart from caecilians modern amphibians lost their fish-like scales and developed a soft skin.," existed, including many very different species. The study of these forms is of great interest to evolutionary biologists, as they provide insight into the"
333,"Charles was criticized by some students,", but I can't remember no one.," including a woman who said he was """
334,What percentage got discussions of race in the, context of medical disorders increased from zero to?," comments?

I was wondering if anyone"
336,What notable author lived in Samoa called the," Samoans ""gentle people""?"," Pacific Islander?

The Pacific"
337,A ceremony was held at Mac,au Fisherman Wharf.,"au on Wednesday, the anniversary"
338,as long as you got congressmen and senators that are getting kickbacks kickbacks, from these different companies that are getting awarded for the defense contracts thats never going to happen," and tax breaks kickbacks, I mean, that’s what’s"
340,What kinds of courses are offered to, students who are not experiencing academic success?," students in the United States?

"
341,"These include the Mexico City Philharmonic, which perform at the Sala Ollin Yoliztli; the National Symphony Orchestra, whose home base the Palacio de Bellas Artes (Palace of the Fine Arts), a masterpiece of art nouveau and art decó styles;"," the Philharmonic Orchestra of the National Autonomous University of Mexico (OFUNAM), and the Minería Symphony Orchestra, both of which perform at the Sala Nezahualcóyotl, which was the first wrap-around concert hall in the Western Hemisphere when inaugurated in 1976."," the National Ballet of Mexico, which performs at the Teatro del Lago; the National Symphony Orchestra of Mexico City, which performs at the Teatro Nacional de México; the National Ballet of Mexico City, which performs at the Teatro de la Ciudad de México"
342,Muriel got  a famous painting of a ballerina, by Cecile d'Arblay in her living room.," in her room, which she hung on her wall.

"
343,We got little choice but to increase the," premiums, or work together to lower costs."," size of the pool.

The first"
344,Maytag gon give a brand new dryer to the winner of the," Mrs. Albania contest, and General Electric, four hundred light bulbs."," $500 Amazon Gift Card.

The winner will receive an Amazon"
345,Pyongyang said it was no point in the talks since the, US done termed North Korea an 'outpost of tyranny'.," North had already made a decision to abandon the talks, and"
346,"The epidemic began in November in the mainland Guangdong province, but the", People Republic of China refused to report truthfully about its spread for four months.," virus spread rapidly in the southern provinces of Guangxi, Guangdong, and"
347,"I like Bill's new wine,", but Max old is even better., but I'm not sure I want
348,"although what time offer tsai  usual style and themes, it"," got a more colorful, more playful tone than his other films."," is not easy for me to
tell you about the new season"
349,I am a mechanical engineer (26 age).I got a terrible job and I, think about computer engineering coz what we design alives by computer science. Help?, was told that I will get a better job and if I do well I will get
350,CSN produce 28 million, tons of steel per year.," tweets per day.

"
351,"The Downtown District the home of the Third Street Promenade, a major", outdoor pedestrian-only shopping district stretch for three blocks between Wilshire Blvd.," thoroughfare with many restaurants and shops.

The Downtown District the home"
353,US Steel mini-mill, gon be located in Ohio.,"

The U.S"
354,We done hoped to place copies of our newsletter on all the chairs in," the auditorium, but dey was simply too many of them."," the office, but we’ve been unable to do that."
355,"His girlfriends perfect, because she's", the only one who can stand him., not a hooker. But she's
356,"argue that entering a church, synagogue or temple doesn",'t mean you have to check your brain at the door,’t mean that you’re a member
357,The manufacturer gotta convince the, government it's safe., public that his product is
358,"He received a bachelor degree in Biblical studies on 9 March 1508, and", another bachelor degree in the Sentences by Peter Lombard in 1509., a master's degree on 1 July 1512. He was ordained as a
359,I can't cut no tree down with, no axe; it is too thick.," a chainsaw."" ""I can't"
360,Why steam come out of our mouth and nose," while breathing out, when it's cold outside?","?

Steam coming out of our mouth and"
361,shows that some studios firmly believe that people have lost the ability to think and will forgive any, shoddy product as long as there's a little girl-on-girl action.," kind of bad behavior.

With that in mind, we asked the editors to share"
362,it's the inimitable," diaz, holding it all together.", way in which he has put the story
363,well you're my third one and i had never, gotten no courage to do it myself ain't that funny, seen the movie i liked the movie but i didn't
365,Dan took the rear seat while Bill claimed the front," because Dan ""Dibs!"" was quicker.",".

""What do you think?"" Bill"
366,"It is possible that the inverted repeats help stabilize the rest of the chloroplast genome, as chlor",oplast DNAs which done lost some of the inverted repeat segments tend to get rearranged more.,oplast DNA is prone to deletions and rearrangements due to the presence of inverted repeats.
367,"In 1989, Jean-Louis Gassée done steadfastly refused to lower the profit margins on Mac computers, then it was a component"," shortage that rocked the exponentially-expanding PC industry that year, forcing Apple USA head Allan Loren to cut prices which dropped Apple margins."," of the computer industry.

The current Mac Pro is the result of a collaboration between Apple and IBM.

The Mac Pro"
369,What the best way to stop caring about, people that do not care about you?," the things I care about?

"
370,How can i make a carrier from being an athlete, but i got problem with money for supliments?,"?

This is a discussion on how can i"
371,"Aberdeen, the island's oldest settlement, once a pirate lair, is home to the floating population'the boat people who spend their entire"," lives on the junks in the harbor, some proudly claiming never to have set foot on land (except for funerals, which don't count)."," lives on the water, and the permanent residents who live on land.

The'boat people' are the descendants of the original inhabitants of Aberdeen"
372,"When Maude got to school, Nell Raleigh been was already there.", She tucked her mittened hand under Maude arm and squeezed it.,"

“You’ve got to come to school with me"
373,"However (and this can be proved mathematically), although such"," systems exist, cann't none of them be explicitly described."," a state is possible, it is not a stable state and"
374,Dozens of gay and lesbian couples had arrived in this rural town Friday to get married after a county," clerk announced she would grant marriage licenses to same-sex couples, but the offer was soon revoked."," judge ruled that the state’s ban on same-sex marriage was unconstitutional.

The"
375,How can massless particles (,photons) have momentum?,such as photons) be described
376,"Additionally, the h2210 cradle", got room to charge a second battery., is not designed to hold a battery of
377,What Anakin Force ghost at the end of the Return of, the Jedi originally look like before the new prequels?," the Jedi movie?

The Force ghost in the Return"
378,a pleasant ramble through the sort of idoosyncratic terrain that errol," morris done often dealt with... it possess a loose, lackadaisical charm."," of the london and the londonian are famous for.

The first thing"
379,"Other friends ain't surprised at his death. ""I wasn't surprised,"" said George Stranahan, a former owner of the Woody Creek Tavern, a favourite haunt of Thompson. ""I never expected Hunter to die in a hospital bed with tubes coming out of him."" Neighb","ours done said how his broken leg done prevented him from leaving his house as often as he done liked to. One neighbour and long-standing friend, Mike Cleverly, said Thompson was clearly hobbled by the broken leg. ""Medically speaking, he's had a rotten year.""","ours of the Thompson family have been in the same position, said Stranahan, who was a friend of the man's for many years. ""He was a gentle man, a good person,"" he said. ""I am sorry for his family.""

But Thompson's death"
380,They done viewed themselves as a distinctly separate nation since, the Peace of Westphalia of 1648.," the end of the war, but the country has"
381,Hipparchus star may be, depicted in a statue called what?, the only known star with a period
383,Johnny was going to get a pair of, scissors and cut out Johnny's heart.," new boots, but he didn't get"
384,Only browsers supported HTML5 Video using the H.264 or WebM formats," could play the videos, and not all videos on the site was available.",".

HTML5 Video is supported as well.

The HTML"
385,"Bersin held the same post - dubbed ""border czar"" - during the Clinton administration. And three Mexican drug gangs — the Sinaloa cartel, Los Zetas and La Familia Michoacana - been placed on a list of"," significant foreign narcotics traffickers targeted for special sanctions, the White House said April 15. This action allowed the United States to freeze all cartel assets in U.S. jurisdiction and bar Americans from dealing with organizations may be linked or associated with these groups and their operatives."," ""most wanted"" by the DEA.

Now, in a bizarre turn of events, the DEA is considering putting the Sinaloa cartel's leader, Joaquin ""El Chapo"" Guzman, on a ""most wanted"" list.

"
386,what we got here a load of clams left, in the broiling sun for a good three days," over from the last
time we were down there"
387,made eddie murphy a movie star, and the man hasn't aged a day.," and a good one at that.

"
388,"She always had a rough tongue, but there is no stauncher friend in England than Evelyn Howard."" He took"," the path through the plantation, and we walked down to the village through the woods which bordered one side of the estate."," a sip of his coffee. ""I was a bit surprised to hear you had a son. I thought you had married."""
390,seagal done ran out of movies," years ago, and this is just the proof",.<|endoftext|>
391,though moonlight mile is replete with acclaimed actors, and actresses and tackle a subject that's potentially moving, and actresses who have carved out a niche for themselves
392,The rain done ran down her, face and it looked like tears.," face, and she could not help"
394,Why guys only want me for a few dates, or sex but don't want nothing more?," a year

As a guy that is"
395,"it isn't too many films can be as simultaneously funny, offbeat and"," heartwarming ( without a thick shmear of the goo, at least )"," touching as this.

The film is a romantic comedy about a father and son"
396,What was removed from the website that Lê Min,h Phiếu done written about?,h Thiên was convicted of 'h
397,outer-space buffs might love this film,", but others gon find its pleasures intermittent.",", but I can’t help but"
398,How can I get a beautiful woman even, if Iain't a good looking guy?," more beautiful?

The answer is to"
399,How it feel to receive oral, sex while smoking a joint?," sex from a stranger?
"
401,"There are also tanneries, sawmills, textile mills,"," food-processing plants, breweries, and a film industry in the city.", and other industries that have been around for generations. It is possible to find
403,"MEXICO CITY (Reuters) - A deadly strain of swine flu never seen before done broken out in Mexico, killing as many as 60 people and raising fears it is spreading across North America. The World Health Organization said it was concerned about what it called 800 ""influenza-like"" cases in"," Mexico, and also about a confirmed outbreak of a new strain of swine flu in the United States. It said about 60 people done died in Mexico. Mexico government said it done confirmed that at least 16 people done died of the swine flu in central Mexico and that dey could be another 45 fatal victims."," Mexico, with more than 100 deaths.

Mexican authorities said the number of cases had risen to 80, with more than 50 deaths. Health officials said the virus was spreading in Mexico, the United States and Canada. The WHO said it was concerned about the possibility of a global spread.

Mexico's"
405,John is working on War and Peace, but I don't know which chapter,", the novel that will be published"
406,A monkey karate kicking, at someone gloved hand.," a monkey?

A"
407,Systematic analyses of the dog genome done revealed only four, major types of dogs can be said to be statistically distinct., genes which are not present in the dog genome and which are
408,"It is several issues to consider when evaluating study quality, including but not limited to 1) whether the sample estimates of WTP are representative of the population WTP; 2) whether the good to be valued is comprehended and accepted by the respondent; 3) whether the WTP elicitation format is designed to minimize strategic responses","; 4) whether WTP sensitive to respondent familiarity with the good, to the size of the change in the good, and to income; 5) whether the estimates of WTP are broadly consistent with other estimates of WTP for similar goods; and 6) the extent to which WTP responses consistent with established economic principles.","; 4) whether the WTP is interpreted in a way that maximizes the respondent\'s WTP; and 5) whether the WTP is interpreted in a way that minimizes the respondent\'s WTP.

The first three issues are addressed in this article. The last two issues are addressed in another article"
410,Why ain't investment banks allowed to fail, even though they don't take no deposits,"?

The US government has a"
411,"Yes, there is a reason", to not do what you propose., why I am writing this blog.
412,the humanizing stuff gon probably sink the film for, anyone don't think about no percentages all day long," me. I think if it was a
straight-"
414,"ramsay is clearly extraordinarily talented, and based on three short films and two"," features, here's betting her third feature gon be something to behold."," feature films he has made a unique contribution to the world of cinema.
"
416,"China done rejected Coca-Cola planned $2.4 billion acquisition of top juice maker Huiyuan Juice, saying the deal would have been bad for competition. The acquisition by Coca-Cola would have been the largest-ever takeover of a Chinese company by a foreign rival, and the latest rebuff for an overseas buyer of a Chinese company. ""This just"," show that China ain't still open to allowing the takeover of a national brand,"" said Jeffery Lau, an analyst with Polaris Capital. ""But this ain't exactly a huge surprise to the market, protectionism have been on the rise everywhere this year. This also explain why the stock been trading at a nearly 20 percent discount to the takeover price,"" he said."," shows that the Chinese government is not serious about promoting innovation and development in the country,"" said Zhang Yan, an analyst at the China Development Research Center. ""The government is not serious about promoting the development of new technologies and products.""

China is the world's second-largest producer and exporter of juice, after the United States.

Coca-"
417,The scientists are studying three species of fish done recently been found, living in the Indian Ocean. They had started two years ago.," in the waters around the Great Barrier Reef.

The researchers"
418,The United Nations Secretary General Ban, Ki-moon comes from Haiti., Ki-moon has called on the
419,One book Leslie praised for us to, read was Sense and Sensibility., read was The New Yorker’
421,Which two groups got cells bound by inter-cell connections," and membranes, muscles, a nervous system and sensory organs?","?

What is the probability that two groups of cells"
422,Jay My ex-fiance wouldn,'t use VA or Navy doctor's,'t have been surprised if he had
423,Jim signalled the barman and gest,ured toward The barman bathroom key.,"ured for a second drink.

"
424,As a batsman what are the significant records Sach,in Tendulkar ain't make them happen?,"in Tendulkar has?

Sach"
425,Couldn't nothing in S,iegel's work explain this perception,.E.A.L
426,The Japanese invasion of Manchuria in 1931 and their eventual attack on China, in 1937 also lead to vast areas of China not being under Chiang control," in 1937 were the beginning of the end for China's traditional power.
"
427,but had said that US forces would stand, down as Iraqi forces gradually take over.," down.

""We will continue"
428,goyer's screenplay and direction are thankfully understated,", and he done drawn excellent performances from his cast.",".

The film is a little too long,"
429,"Kenneth Branagh talks about his epic, uncut version of 'Hamlet'. Kenneth Branagh directed"," several celebrated film adaptations of Shakespeare's plays, but none reached the heights of his recent 'Hamlet'."," Hamlet from 1998 to 2000.

The legendary director Kenneth Branagh has always been one of the"
430,What type of bacteria-att,acking medicine gon treat tuberculosis?,racting peptides are used
431,Which is the best bike, under 500 cc in India?," you've ever ridden?
"
432,I ain't give Jack, Ed picture of anybody., a chance to say anything
433,A variety of styles have been in, vogue for the last year., use for many years. Some of
435,"The alleged mastermind behind the London bombings was reported captured in Cairo, Egypt last week. Police believe that a U.S. trained chemist, Magdi Asdi el-Nashar, 33, helped build the bombs that killed over 50 people. Mr. el-","Nashar, got a PhD from Leeds University, left England two weeks before the bombings. After the London bombings, British authorities initiated a worldwide manhunt that found him in Cairo. State security officials reported they done begun questioning el-Nashar with British agents in attendance","Nashar was reportedly taken into custody in a raid on his home in Cairo on Dec. 9.

The FBI and U.S. Department of Justice have said that they believe Mr. el-Nashar is the mastermind behind the attacks. He was detained"
436,"It contained ""a great number of inadmissible concepts"", he wrote, and did not acknowledge no calls for better Cuba-US ties. ""Who is now demanding our exclusion? Perhaps they don't understand that times of exclusionary agreements against our people done been left far behind,"" he wrote. US President Barack Obama done taken a less confrontational approach to"," the communist nation than his predecessor, George W Bush, our correspondent add. But his administration continue to insist that it must be progress towards democracy and on human rights before the trade embargo can be lifted. The US began imposing restrictions on Cuba after Mr Castro took power in 1959, making it the only Communist state in the Americas - and a Cold War flashpoint."," Cuba, saying in a speech in Havana in March 2013 that Cuba could not be an ally of the United States, but it could be an ally of the ""free world"".

In April 2013, Obama announced that he would lift the US trade embargo against Cuba and allow the island to participate in the World Trade Organization. Obama also announced that he would lift"
437,The latest findings contradict a California study implicating regular pot, smoking as having markedly higher risks for head and neck cancers.," use as a risk factor for psychosis.

The new"
438,IBM got its headquarters, in Armonk., in the same building as
439,"The Bolivian President, Evo Morales, 49, done claimed victory after voters ratified a new leftist constitution, granting more power to the country indigenous majority.  ""The indigenous farmers, the most marginalized sector throughout the history of the republic, are now recognized as people with the same rights as any citizen. Here begin the new Bolivia. Here we begin to reach true equality,"" Morales told a crowd in front of"," the flag-draped balcony of Palacio Quemado in La Paz, the administrative capital of Bolivia.  Ratified with about 60 percent support in a referendum on Sunday based on exit polls, the new constitution let Morales run for re-election later this year and grant him tighter control over the economy. An official vote count of some 3.8 million registered voters cast their ballots gon be announced February 4."," the National Congress.

This is, of course, a very positive development for Bolivia.  It is a good sign that the Bolivian government has finally recognized the indigenous peoples' right to self-determination.  However, the Bolivian government's response to the new constitution has been rather weak.  As a result, the Bolivian government has been unable to make any real progress towards the realization"
440,a vh1 behind the music special got something a little more special, behind it : music didn't sell many records but helped change a nation,", a special edition of the album. I've been a fan of the"
441,What can I access if I, got someone Google account details?, have a key and want to
442,"Look, too, for Cranach Lucryce and Le Repos de Diane",", and fine French works by Ingres, Courbet, and Bonnard.",".

And here is the latest from the great and the good of the"
443,What'll be the future of high, septons in Game of Thrones?,"-end fashion?

The future"
444,"In addition, the NTSB also recommended to NHTSA state legislation be enacted", to prohibit holders of learners permits and intermediate licenses from using mobile phones while driving., that requires the federal government to submit to the NTSB any information that may be
445,"The FMLN done prudently taken time before adopting a definite position, meanwhile the government done", increased its detentions and attacked the residences of leaders of the Social Christian People Movement.," very little in the meantime.

So, I think the answer is that the FML"
446,The WHO experts ain't say how many cases, in Hebei was in rural areas., of COVID-19 there are in the
447,"Had they been here now,", we wouldn't have no problem, the people of the city would
448,His episcopate done lasted 45 years (c. 8 June 328 – 2 May 373,"), of which over 17 was spent in five exiles ordered by four different Roman emperors.","), and he died in the reign of his successor, Emperor Wu (r. 377–420"
451,"gon be delighted with the fast,"," funny, and even touching story.", reliable and efficient service of our company
452,The session helps people to file for divorce, without a lawyer and have no assets., in Georgia. It is a very fast
453,"This the book of which Bill approves, and this", is the one of which he can't do so.," the book of which I approve: the
book of"
454,Was Apple Macintosh named after, the chemist Charles Macintosh?," a character?

"
455,There is a gap in the wall., You can see the garden through it., A gap in the wall of the world
456,60 million barrels of oil and gasoline, gon be available to the marketplace.,", and the company has the capacity"
457,Wasn't nobody monitoring the internet and the students were, able to use it to play games instead of research., doing some research and they found that the real name of
458,Subpart 3 does not establish, no sort of trading program.," a standard of care.
"
459,Got an infected wound on my finger. Was given antibiotics and been taking them religiously for 5, days already. But my wound still swollen and painful. this normal? Should I be worried?, days. It has been a very long time since I have been on antibiotics. I have been
460,Who stated that he could not support, the adoption since he was alive??, the motion because he was a member
461,A key figure in former state Treasurer Paul Silvester bribery scheme was accused Wednesday of, changing his story about Silvester's alleged corrupt dealings with a Boston investment firm., being part of a conspiracy to defraud the state’s public pension fund of
463,About 22% of twentysomethings obese,", which roughly 30 pounds over a healthy weight."," in the U.S. are women, according"
464,Blue chips edged lower by midday on Wednesday as a wave of profit warnings drained, some of the optimism that has driven a rally over the past three months.," share values, sending the S&P 500 down 1.5 percent."
465,an annoying orgy of excess and, exploitation got no point and goes nowhere.," we can't have it.

"
466,"In other words, with its 2 million inhabitants,", Slovenia got only 5.5 thousand professional soldiers., the city would be the third largest in the country
467,"it's real visual charge to the filmmaking, and", a strong erotic spark to the most crucial lip-reading sequence, its production is so good that it’s hard to
468,"""This was a persistent problem which has not been solved",", mechanically and physically,"" said board member Steven Wallace."," completely until now."" ""But we are doing our best"
470,Jane knocked on Susan's door, but she did not get an answer,".

""Mr. O"
471,What it mean to dream about, a guy you've never met?," the future?

In my"
472,Many people start to read Paul books and can't put, them down. They are gripped because Paul write so well.," them down.

Paul's ideas are a lot more"
473,Is there specific stories which your, family now share with you?, character would like to tell or
474,A kid runs in the opposite direction, of others who were playing a game.,".

I was waiting for my"
475,Should I just stop writing my answers on Quora, since none of my answers are being upvoted?,"?

I have an idea for a question that"
476,Plofsky said the commission won't investigate because, the three-year statute of limitations had expired.," the allegations were not substantiated.

"""
477,Paul books are gripped because, Paul write so well., he is a brilliant artist
479,"In 1994 the country held its first democratic elections and, during the last decade, the African National", Congress (ANC) done transformed from a struggling organisation to the governing political party of the country.," Congress (ANC) has been the main political force in the country.

In the early"
480,the treaties being discussed got international standing as had, been stated in a treaty study by the UN.," been expected, and the

world's attention"
481,The fifth row devoted to First-Class Mail in NHH-to-N,HH (Non-household-to-Non-household) sector.,"HH, the first column for 1st Class Mail in NHH-to-"
483,There are 360 million European citizens in 15 member states and yet we cannot find just, 20 men and women with the relevant professional competence and work experience to be commissioners.," one European citizen who is a member of the EU.

The EU is"
484,"polanski is saying what he done long wanted to say, confronting the roots of his"," own preoccupations and obsessions, and he allow nothing to get in the way."," own problems and the problems of all those who’ve been subject to his policies,"
486,"The campaign, which NSW Health has cost at AUD$600,000 will use a variety of print ads placed at bus stops and in youth magazines in addition to advertisements on websites"," such as MySpace and MSN. Print ads use a tag line saying ""Pot. It mightn't kill you, but it could turn you into a dickhead""."," and social media.

The campaign will also target the NSW Government's website, which is the primary source of information about the program, as well as NSW Health's social"
488,"Of this experience she commented, ""I studied with a vocal coach for Evita", and I realized it was a whole piece of my voice I wasn't using.,". I was a little nervous to sing. I had to sing, I had"
489,The CEF advanced scenario assume that increased funding, gon only be used for demand-side technologies., for the U.S. military budget will be
490,"The flexibility of our market-driven economy done allowed us, thus far, to weather reasonably well the steep rise in spot"," and futures prices for crude oil and natural gas we done experienced over the past two years, said Mr. Greenspan.",-market rates. The current volatility in interest rates is not a reflection of economic conditions; it is a reflection of our
491,Carol believed that Rebecca regretted, that Rebecca had stolen the watch., her decision to stay with her family
492,It was little evidence of organized warfare or professional soldiers during, the Uruk period and towns were generally unwalled.," the years of the Roman Republic, but the Romans were well"
494,The evidence was assembled by, the prosecution convinced the jury., the authors to support the conclusion
495,"""It's very difficult to do large syndicated loans in Japan",","" where there is a lack of expertise, says one banker.","."" ""It's not like we can just go to the bank"
496,"was afraid to show this movie to reviewers before its opening,", afraid of the bad reviews they thought they 'd earn., but I was excited to see the trailer for it. The
497,the gifted crudup got the perfect face to," play a handsome blank yearning to find himself, and"," make it look like a clown.

The clown"
498,Which college can I get with, 3000 rank in wbjee?," the best scholarship?

I"
499,Richter performance of Bach on the piano, don't please me as much as Glenn Gould,".

The first performance of the Bach"
501,It's no implication about Tom, whatsoever in such a sentence.," Cruise's personal life, but"
502,I wonder whose mother dog, we was all fond of.," is that, and what's"
503,show that if you give a filmmaker an unlimited," amount of phony blood, cann't nothing good happen"," budget and a few hours to shoot a scene,"
506,Is dey any mathematics coaching in Delhi for C,MI or ISI for a BSC entrance exam?,"SE

I am an engineering student who is"
507,"I'ma be blunt,", here: You don't., I'ma tell you right
508,(ain't nothing currently on the, site going to hurt Gore very much.," subject of this thread).

A"
510,"Speaking from my own experience, I would rather", carry different ND filters that combine two polarizers, take the time to read the entire book than
512,tskhinvali the, capital of georgia., district court's order denying the
513,"dey's no excuse for following up a delightful,", well-crafted family film with a computer-generated cold fish.," well written story with a very uninteresting plot.

I"
514,"The index, which measure activity in the service sector, done climbed", to 50.7 last month from 47.9 in March., to its highest level since the index was first published in the early
515,Does it make a loud, noise when it's shot?," noise when you press, say"
516,charges it done, generally denied., the same time
517,Fred the only man alive still remember my father as an infant.," When Fred first saw my father, he was twelve years old.","

A few years after I was born, my father was"
518,Susan knew that Ann's son had been in a," car accident, so she told her about it.", car accident and that she had to be at the
519,it turn out to be smarter and more di,abolical than you could've guessed at the beginning,"abolical than he had imagined.

"""
520,What the pay for an IIST bachelor in aerospace fresher at ISRO," (campus recruited), if he/she got a GPA>9.4?","

Paying Rs. 5,000 per month for a bachelor in aerospace"
521,The last time Prudie looked," it up, girlfriends could prescribe medication."," up, he was in his room,"
522,Why can’t I see my activity on, Quora? cann't nobody see my activity now," the internet?

I have a problem with"
523,"Bernard would seem to have been speaking of conception in the active sense of the mother cooperation, for in his argument he say: ""How can it be absence"," of sin where it is concupiscence (libido)?"" and stronger expressions follow, showing that he is speaking of the mother and not of the child."," of the mother who makes the child come into being, if it is an act of the mother, who is the cause, who is the cause of the child's"
524,"The Confederates, led by General James Longstreet,", attack General Burnside Fort Sanders at Knoxville and lost.," had been defeated in the Battle of Gettysburg, but not"
525,In what time was it many, socio-technological trends?," years ago?

The"
526,Arizona offer better mental-health care than most other states," but still struggle to deliver services to people who suffering,","

The University of Arizona offers a variety of programs"
527,Either Ted gin from New Jersey or Bill from Iowa, gon satisfy the uneducated palates of our guests.,", you can find a good gin in most of the"
528,State health officials done said today a young northeast Kansas woman likely, got the state first case of monkeypox among humans or animals., died after she was struck by a car in the town of F
529,to grab the old lady at the end of my aisle,'s walker and toss it at the screen in frustration," and drag her out of there.

I’"
530,Which regions of Thuringia, got the most political power?," are most attractive for investment
"
532,Is it true? Can someone, help me with other home remedies?," tell me?”

"
533,South Africa got the world highest caseload with, 4.7 million people infected with HIV or AIDS.," over 1,000 new cases of Ebola every day."
534,The departments important in maintaining the, well-being of citizens., public health in the country include
535,I went to the movies and, ain't pick up no shirts, I saw the latest Batman movie
537,Missing self describes cells that only got small, amounts of what cell-surface marker?, amounts of DNA damage and no mutations.
538,"Many artists was represented, but painting by Klee", or drawing by Miro the museum displayed no.," was probably the most popular.

The museum"
539,"Genghis Khan had the city's surviving population assemble in the main mosque of the town,"," where he declared that he was the flail of God, sent to punish them for their sins.", and the citizens of Khanbaliq were given a choice of two cities. One was to be the
540,Prime Minister John Howard say he ain't gon be swayed by a videotaped warning, that Australia face more terrorism attacks unless it withdraw its troops from Iraq and Afghanistan., from the Australian prime minister that Australia's relationship with the US is in danger.
541,French is the most widely, spoken language in Québec., spoken language in the world.
542,I'm afraid dey're ain,'t really a lot you can do,"'t no more."" ""I'm"
543,Pataki made this explicit at the bill's Albany signing History teach us, that the Great Hunger ain't no result of a massive Irish crop failure, that the people of the United States are not the only ones who are
544,When electrical load increase on alternator," then, how speed gon be decreased?",", the alternator rotates to provide"
545,What may explain why some Americans become, rich may done had a head start?, so angry when they hear the term �
547,Even one thread uncut gon, leave the slip too small.,zo. The man is a
548,In spite of those disparities it doesn't prevent Portuguese for example to purchase Bas,endwah of before tower to pieces cash flows from euro the flowers Austrian,"que products.

The main difference between the two languages is that Bas"
549,It was a major influence, on Ovid writing., on the way I thought
550,the movie's downfall, is to substitute plot for personality,".

The film is"
551,Iraq economy was shattered under former president Saddam Hussein and by the U,.S.-led war to oust him which ended in April.,".S. invasion of Iraq in 2003.

The Iraq"
555,"The official supporters club is FOREVERTON, and there are also", several fanzines including When Skies are Grey and Speke from the Harbour," a number of other fan clubs, such as the Football Association Supporters Club and"
557,"Germanic, Romance, Slavic, and Greek all got old"," terms for ""green"" which are derived from words for what?"," names, but
one of the most important was the
Greek"
558,"""What """"emotional attachment",""""" mean between two people?""",""" ""to others"" is"
559,"Bernard, who had not told the government official that he was less than 21 when he"," filed for a homestead claim, did not consider that the government official done anything dishonest."," was arrested, was given a life sentence without possibility of parole.

In his appeal"
560,I done completed Andrew Ng Coursera class on Machine Learning., What should I do next? What *can* I do next?,"

I’ve been looking for a good book on Machine"
561,"Canadian wireless technology licensing company Wi-LAN done begun legal action against Cisco, alleging the networking", giant Linksys and Aironet products are making use of its intellectual property without permission.," giant has violated its patents.

The suit, filed today in the U.S"
562,Is there a place where lovers of the chicken, are able to see some of its best attributes?," can go to get their chicken fix?

"
564,You can't ask for no driver, that speak the same language as you.,"."" ""You can't ask for no"
566,Through what can Link reaction and, mood can be discerned?, the formation of the protein-
567,What the most horrible movie, you done ever seen?, ever made has to be
568,Anne done gave birth to a daughter last, month. She a very charming baby.," month.

The former two-"
569,we get a cinematic postcard, that's superficial and unrealized," of the planet.

"
570,"As the plane approached Athens, all communication abruptly ceased, and the plane never issued a mayday distress signal. Two Greek F-16 military aircrafts", were assigned to observe the plane. The pilots of the F-16s noted that one airliner pilot appeared to be unconscious and the other wasn't in cockpit," were dispatched to intercept the plane as it approached Athens airport. The two aircrafts were intercepted, but the planes were unable to intercept the plane. The plane"
572,Ain't council tax, been frozen for most people?,"

Ain't council"
573,Are there any, numbers for these?, other ways to get
574,deliver a perfect performance that capture the, innocence and budding demons within a wallflower.," attention of the audience.

The team"
576,"Governor of Iran Qazvin province,"," Massoud Emami, and eight others was killed"," Hossein Amini, has said that the Iranian"
577,Can a woman get pregnant a few days, before her period and still have her period?," after giving birth?

A:
"
578,They demand that Beijing pressure Pyongyang, to capitulate to Washington demands.," to abandon its nuclear program, and"
579,"If I skip breakfast and lunch, and only got dinner and two cups"," of coffee in a whole day,  Am I gon lose weight?"," of tea, I will feel like I ate a good meal and didn"
583,"It is 500 Spanish newspapers, 152 magazines, and 205 publishers in the United States; magazine and local television advertising expenditures"," for the Hispanic market done increased much from 1999 to 2003, with growth of 58 percent and 43 percent, respectively.", in the United States are approximately $2.5 billion a year. The total advertising budget for U.S.
584,"Under this approach, an owner prepare a project scope definition and then engage a single", entity that'll provide all services necessary to complete the design and construct the facility., contractor to develop the scope of work (SOW) for the project. The
588,"full of profound, real-life moments anyone"," can relate to, it deserves a wide audience."," will find fascinating.

But if you�"
589,"Completed in 1972 it done achieved both, but the fertility of Egyptian farming land is now", falling as it is cut off from the yearly layer of fresh nutrients brought by the flood., at an all-time low. The country’s population has been growing at a
590,neighboring kyrgyzstan done also experienced raids, by taliban-backed islamic militants in recent years.," from the north and the south.

The Russian-backed"
591,"If the United States gets a female president, will her husband be called the", first gentleman? What's Bill Clinton gonna be called if Hillary is elected?," ""First Gentleman""?

A few weeks ago, I wrote about the"
593,Does terracing of hills,ides prevent soil erosion?, and dales be a
594,He put the phone down and then stared at, the food that was displayed on the pan.," the screen.

""This is what"
595,He must have been being interrogated by, the police at that very moment., the men from the FSB.
596,a fanciful drama about napoleon  last, years and his surprising discovery of love and humility.," night it was a very good one. 
"
597,I'm babysitting for 30 year old and I think she want to have sex, with me and she's married and I'm only 16 what should I do?,. I'm not sure if she is going to be able to give me a
600,How we know that we ain,'t living in a computer simulation,'t got no problem with the
601,the film ain't really, so much bad as bland.," about the music, but I"
602,"The tour go through Izmir, and pass the", Cumhuriyet Meydane on the way., famous Byzantine fortress of the Black Mountain and the beautiful city
603,"Brazilian comedienne and actress Dercy Gonçalves done died at the age of 101. Gonçalves died of pneumonia on Saturday in Rio de Janeiro, Brazil. She was born Dolores Gonçalves Costa on June 23,"," 1907 in Santa Maria Madalena, Rio de Janeiro, Brazil. In her 80-year long career, Gonçalves done worked in the theater, revues, film, radio and television, becoming famous by her humorous use of vulgar language."," 1906 in Rio de Janeiro, Brazil. She was a member of the Brazilian Academy of Letters and was a member of the Brazilian Academy of Fine Arts.

Gonçalves is the only person ever to have played both a woman and a man"
604,deyre's no other, reason why anyone should bother remembering it," way than to be a great
"
605,Cardinals who weren't bishops have been promoted to, Cardinal around the age of 80 since what year?, the rank of archbishop in the Church of England
606,Wouldn't nobody ever be interested, in dogs playing News Quiz.," in that?"" ""I know,"
607,The American Roman Catholic archdiocese of Boston done offered $,55 million to settle more than 500 sex abuse lawsuits involving priests.,"1 million to the victims of the Boston Marathon bombing.

"
608,What's the best, QB ranking Cam Newton hold, way to get the most
609,woulda just gone more over-the-,top instead of tryna have it both ways,top with the whole 'I'm a bad
611,dey ain't no ounce, of honesty in the entire production.," of that."" ""You're a"
613,My son ain't become potty, trained until about his 4th birthday.,"-trained, but he is becoming a"
614,Muriel got a famous painting of the ballerina Theresa Rubio by Cecile d'Arblay in her," living room. It's very characteristic of her later work --- impetuous, almost crude, rather than realistic."," studio. She was a big fan of the dancer, and thought she was a good choice to model for the new"
