0,POSITIVE,0.9806
1,NEGATIVE,0.9665
2,NEGATIVE,0.9188
3,NEGATIVE,0.9924
4,POSITIVE,0.625
5,NEGATIVE,0.8687
6,NEGATIVE,0.9838
7,NEGATIVE,0.9965
8,NEGATIVE,0.9039
9,NEGATIVE,0.9899
10,NEGATIVE,0.9989
11,NEGATIVE,0.9927
12,POSITIVE,0.973
13,NEGATIVE,0.9998
14,NEGATIVE,0.9595
15,NEGATIVE,0.9803
16,NEGATIVE,0.9991
17,NEGATIVE,0.9909
18,NEGATIVE,0.6733
19,NEGATIVE,0.5547
20,POSITIVE,0.769
21,POSITIVE,0.6525
22,NEGATIVE,0.9088
23,NEGATIVE,0.9906
24,POSITIVE,0.9845
25,POSITIVE,0.9966
26,NEGATIVE,0.9985
27,NEGATIVE,0.9819
28,POSITIVE,0.9926
29,POSITIVE,0.9971
30,NEGATIVE,0.9842
31,NEGATIVE,0.9804
32,NEGATIVE,0.9926
33,POSITIVE,0.9946
34,NEGATIVE,0.9981
35,POSITIVE,0.9097
36,NEGATIVE,0.9872
37,NEGATIVE,0.9969
38,POSITIVE,0.9985
39,NEGATIVE,0.9995
40,NEGATIVE,0.9875
41,NEGATIVE,0.9404
42,POSITIVE,0.9943
43,POSITIVE,0.9825
44,NEGATIVE,0.975
45,NEGATIVE,0.9846
46,POSITIVE,0.9892
47,NEGATIVE,0.9836
48,POSITIVE,0.9842
49,NEGATIVE,0.948
50,NEGATIVE,0.9988
51,NEGATIVE,0.5787
52,NEGATIVE,0.8097
53,POSITIVE,0.9895
54,NEGATIVE,0.9948
55,POSITIVE,0.9898
56,NEGATIVE,0.8096
57,POSITIVE,0.9983
58,POSITIVE,0.9925
59,POSITIVE,0.9939
60,NEGATIVE,0.9998
61,POSITIVE,0.9109
62,POSITIVE,0.972
63,POSITIVE,0.9587
64,POSITIVE,0.6821
65,POSITIVE,0.9909
66,POSITIVE,0.9621
67,POSITIVE,0.9997
68,NEGATIVE,0.9855
69,NEGATIVE,0.9995
70,NEGATIVE,0.9963
71,POSITIVE,0.9976
72,NEGATIVE,0.944
73,NEGATIVE,0.9695
74,NEGATIVE,0.7816
75,POSITIVE,0.9321
76,NEGATIVE,0.8714
77,NEGATIVE,0.9731
78,NEGATIVE,0.9859
79,NEGATIVE,0.9545
80,POSITIVE,0.9977
81,NEGATIVE,0.9974
82,POSITIVE,0.9995
83,NEGATIVE,0.9867
84,POSITIVE,0.9419
85,POSITIVE,0.9985
86,NEGATIVE,0.9916
87,POSITIVE,0.9984
88,POSITIVE,0.9994
89,POSITIVE,0.9895
90,POSITIVE,0.9749
91,NEGATIVE,0.9897
92,NEGATIVE,0.9949
93,NEGATIVE,0.9965
94,NEGATIVE,0.993
95,POSITIVE,0.8803
96,POSITIVE,0.993
97,NEGATIVE,0.9897
98,NEGATIVE,0.9737
99,POSITIVE,0.9997
100,NEGATIVE,0.9995
101,POSITIVE,0.9949
102,POSITIVE,0.6472
103,POSITIVE,0.9998
104,NEGATIVE,0.8265
105,POSITIVE,0.691
106,NEGATIVE,0.9985
107,POSITIVE,0.7477
108,POSITIVE,0.965
109,POSITIVE,0.9659
110,NEGATIVE,0.9921
111,POSITIVE,0.9966
112,NEGATIVE,0.979
113,NEGATIVE,0.9996
114,POSITIVE,0.9989
115,POSITIVE,0.9998
116,NEGATIVE,0.9971
117,NEGATIVE,0.9935
118,NEGATIVE,0.9978
119,NEGATIVE,0.9986
120,POSITIVE,0.9998
121,NEGATIVE,0.9768
122,NEGATIVE,0.991
123,NEGATIVE,0.9755
124,NEGATIVE,0.8655
125,NEGATIVE,0.9392
126,POSITIVE,0.9963
127,NEGATIVE,0.9935
128,NEGATIVE,0.9932
129,POSITIVE,0.9999
130,NEGATIVE,0.9945
131,NEGATIVE,0.847
132,POSITIVE,0.9839
133,POSITIVE,0.9447
134,NEGATIVE,0.8638
135,POSITIVE,0.9529
136,NEGATIVE,0.8925
137,POSITIVE,0.9921
138,NEGATIVE,0.6207
139,NEGATIVE,0.9816
140,POSITIVE,0.9987
141,NEGATIVE,0.9648
142,POSITIVE,0.9856
143,NEGATIVE,0.9821
144,POSITIVE,0.9923
145,NEGATIVE,0.9883
146,NEGATIVE,0.9593
147,POSITIVE,0.9967
148,NEGATIVE,0.9617
149,NEGATIVE,0.8891
150,POSITIVE,0.9817
151,POSITIVE,0.9989
152,NEGATIVE,0.9932
153,NEGATIVE,0.7817
154,NEGATIVE,0.9917
155,POSITIVE,0.9997
156,POSITIVE,0.947
157,NEGATIVE,0.8531
158,NEGATIVE,0.9539
159,POSITIVE,0.9972
160,NEGATIVE,0.9989
161,NEGATIVE,0.973
162,NEGATIVE,0.9868
163,NEGATIVE,0.8816
164,NEGATIVE,0.6984
165,POSITIVE,0.9881
166,NEGATIVE,0.9957
167,POSITIVE,0.9963
168,POSITIVE,0.9963
169,POSITIVE,0.9928
170,NEGATIVE,0.9858
171,POSITIVE,0.9416
172,NEGATIVE,0.9995
173,NEGATIVE,0.9961
174,NEGATIVE,0.9984
175,NEGATIVE,0.9416
176,NEGATIVE,0.8444
177,POSITIVE,0.9938
178,NEGATIVE,0.9694
179,NEGATIVE,0.9962
180,POSITIVE,0.9993
181,POSITIVE,0.9993
182,NEGATIVE,0.9571
183,NEGATIVE,0.8257
184,POSITIVE,0.9985
185,NEGATIVE,0.99
186,POSITIVE,0.9957
187,NEGATIVE,0.998
188,POSITIVE,0.9968
189,NEGATIVE,0.978
190,POSITIVE,0.9998
191,NEGATIVE,0.9995
192,NEGATIVE,0.6592
193,NEGATIVE,0.9606
194,NEGATIVE,0.9845
195,NEGATIVE,0.9995
196,POSITIVE,0.9998
197,POSITIVE,0.9197
198,NEGATIVE,0.985
199,NEGATIVE,0.9607
200,NEGATIVE,0.8889
201,NEGATIVE,0.9743
202,NEGATIVE,0.5471
203,NEGATIVE,0.6782
204,NEGATIVE,0.7223
205,POSITIVE,0.9925
206,POSITIVE,0.9846
207,POSITIVE,0.9998
208,NEGATIVE,0.9746
209,POSITIVE,0.9957
210,POSITIVE,0.9941
211,NEGATIVE,0.9915
212,NEGATIVE,0.9905
213,POSITIVE,0.6051
214,NEGATIVE,0.9923
215,POSITIVE,0.9999
216,NEGATIVE,0.9818
217,POSITIVE,0.9977
218,NEGATIVE,0.9817
219,NEGATIVE,0.9781
220,POSITIVE,0.7574
221,POSITIVE,0.9994
222,NEGATIVE,0.9876
223,NEGATIVE,0.9798
224,NEGATIVE,0.7432
225,POSITIVE,0.9996
226,NEGATIVE,0.775
227,POSITIVE,0.9988
228,NEGATIVE,0.9954
229,NEGATIVE,0.9871
230,NEGATIVE,0.9371
231,NEGATIVE,0.998
232,NEGATIVE,0.996
233,POSITIVE,0.9988
234,NEGATIVE,0.9753
235,NEGATIVE,0.9978
236,POSITIVE,0.9812
237,POSITIVE,0.9981
238,POSITIVE,0.9892
239,NEGATIVE,0.8416
240,POSITIVE,0.9987
241,NEGATIVE,0.9698
242,NEGATIVE,0.9603
243,POSITIVE,0.5253
244,NEGATIVE,0.9902
245,NEGATIVE,0.9963
246,POSITIVE,0.9917
247,POSITIVE,0.9927
248,POSITIVE,0.9998
249,NEGATIVE,0.9991
250,NEGATIVE,0.9992
251,NEGATIVE,0.9955
252,POSITIVE,0.6458
253,POSITIVE,0.9876
254,POSITIVE,0.9868
255,POSITIVE,0.9986
256,NEGATIVE,0.9987
257,POSITIVE,0.7605
258,POSITIVE,0.9996
259,POSITIVE,0.9351
260,NEGATIVE,0.9873
261,NEGATIVE,0.9886
262,NEGATIVE,0.9842
263,NEGATIVE,0.995
264,NEGATIVE,0.9951
265,NEGATIVE,0.8749
266,NEGATIVE,0.9954
267,POSITIVE,0.9969
268,NEGATIVE,0.9866
269,POSITIVE,0.9923
270,NEGATIVE,0.8997
271,NEGATIVE,0.9847
272,NEGATIVE,0.9983
273,NEGATIVE,0.9796
274,NEGATIVE,0.9634
275,POSITIVE,0.9934
276,NEGATIVE,0.9897
277,NEGATIVE,0.9694
278,POSITIVE,0.9528
279,POSITIVE,0.9845
280,NEGATIVE,0.9997
281,NEGATIVE,0.9104
282,POSITIVE,0.9746
283,NEGATIVE,0.9771
284,POSITIVE,0.9996
285,NEGATIVE,0.9335
286,NEGATIVE,0.9879
287,POSITIVE,0.993
288,NEGATIVE,0.958
289,POSITIVE,0.9992
290,NEGATIVE,0.9161
291,NEGATIVE,0.9853
292,NEGATIVE,0.9939
293,NEGATIVE,0.9992
294,NEGATIVE,0.9984
295,NEGATIVE,0.9873
296,NEGATIVE,0.9934
297,NEGATIVE,0.9899
298,POSITIVE,0.9598
299,NEGATIVE,0.9927
300,NEGATIVE,0.9886
301,NEGATIVE,0.912
302,POSITIVE,0.9816
303,POSITIVE,0.6525
304,NEGATIVE,0.9953
305,POSITIVE,0.9284
306,NEGATIVE,0.9785
307,POSITIVE,0.9513
308,NEGATIVE,0.9817
309,NEGATIVE,0.9648
310,NEGATIVE,0.9962
311,NEGATIVE,0.9569
312,POSITIVE,0.8739
313,POSITIVE,0.9997
314,POSITIVE,0.9344
315,POSITIVE,0.5794
316,POSITIVE,0.9997
317,NEGATIVE,0.9996
318,NEGATIVE,0.9671
319,POSITIVE,0.7255
320,NEGATIVE,0.9974
321,POSITIVE,0.997
322,NEGATIVE,0.9604
323,NEGATIVE,0.9991
324,NEGATIVE,0.994
325,NEGATIVE,0.9692
326,NEGATIVE,0.9995
327,NEGATIVE,0.9303
328,NEGATIVE,0.9692
329,NEGATIVE,0.9989
330,POSITIVE,0.9953
331,NEGATIVE,0.9997
332,POSITIVE,0.9993
333,NEGATIVE,0.9777
334,NEGATIVE,0.7761
335,POSITIVE,0.9995
336,NEGATIVE,0.963
337,NEGATIVE,0.9951
338,NEGATIVE,0.9984
339,POSITIVE,0.6248
340,NEGATIVE,0.998
341,NEGATIVE,0.9812
342,NEGATIVE,0.8415
343,POSITIVE,0.9959
344,POSITIVE,0.9381
345,POSITIVE,0.9951
346,NEGATIVE,0.999
347,POSITIVE,0.9997
348,POSITIVE,0.9809
349,POSITIVE,0.9988
350,NEGATIVE,0.8686
351,NEGATIVE,0.8935
352,NEGATIVE,0.9865
353,NEGATIVE,0.9463
354,NEGATIVE,0.9983
355,POSITIVE,0.9809
356,NEGATIVE,0.9989
357,POSITIVE,0.9982
358,NEGATIVE,0.9996
359,NEGATIVE,0.9417
360,POSITIVE,0.8596
361,NEGATIVE,0.9884
362,NEGATIVE,0.9478
363,POSITIVE,0.9904
364,POSITIVE,0.7452
365,POSITIVE,0.9976
366,NEGATIVE,0.9915
367,NEGATIVE,0.9808
368,NEGATIVE,0.9863
369,POSITIVE,0.9738
370,NEGATIVE,0.9981
371,NEGATIVE,0.8753
372,POSITIVE,0.8474
373,NEGATIVE,0.8274
374,NEGATIVE,0.9944
375,NEGATIVE,0.9862
376,POSITIVE,0.9994
377,NEGATIVE,0.7797
378,NEGATIVE,0.8815
379,POSITIVE,0.992
380,POSITIVE,0.9996
381,NEGATIVE,0.9007
382,POSITIVE,0.9996
383,NEGATIVE,0.9375
384,POSITIVE,0.9998
385,POSITIVE,0.9946
386,POSITIVE,0.9359
387,NEGATIVE,0.9994
388,NEGATIVE,0.9641
389,NEGATIVE,0.9952
390,POSITIVE,0.9948
391,NEGATIVE,0.9935
392,NEGATIVE,0.9867
393,POSITIVE,0.9974
394,POSITIVE,0.9913
395,POSITIVE,0.9851
396,NEGATIVE,0.8579
397,NEGATIVE,0.9015
398,NEGATIVE,0.9995
399,NEGATIVE,0.9993
400,NEGATIVE,0.9996
401,POSITIVE,0.9813
402,NEGATIVE,0.9963
403,NEGATIVE,0.9453
404,POSITIVE,0.9903
405,POSITIVE,0.9946
406,POSITIVE,0.9977
407,NEGATIVE,0.9788
408,POSITIVE,0.9965
409,POSITIVE,0.9752
410,POSITIVE,0.8743
411,POSITIVE,0.9719
412,POSITIVE,0.9851
413,NEGATIVE,0.9954
414,NEGATIVE,0.6167
415,NEGATIVE,0.9871
416,NEGATIVE,0.9344
417,NEGATIVE,0.9927
418,POSITIVE,0.9135
419,NEGATIVE,0.8099
420,NEGATIVE,0.9547
421,NEGATIVE,0.9913
422,POSITIVE,0.9996
423,NEGATIVE,0.9881
424,NEGATIVE,0.9681
425,POSITIVE,0.8942
426,NEGATIVE,0.9904
427,NEGATIVE,0.9281
428,NEGATIVE,0.9985
429,NEGATIVE,0.8962
430,NEGATIVE,0.9954
431,NEGATIVE,0.9989
432,POSITIVE,0.9995
433,NEGATIVE,0.6368
434,NEGATIVE,0.9996
435,NEGATIVE,0.9987
436,POSITIVE,0.537
437,NEGATIVE,0.9854
438,POSITIVE,0.9958
439,NEGATIVE,0.9889
440,NEGATIVE,0.9709
441,NEGATIVE,0.9771
442,NEGATIVE,0.9922
443,POSITIVE,0.9998
444,NEGATIVE,0.9995
445,NEGATIVE,0.9446
446,NEGATIVE,0.9698
447,NEGATIVE,0.9993
448,NEGATIVE,0.9969
449,NEGATIVE,0.792
450,NEGATIVE,0.9684
451,NEGATIVE,0.9681
452,NEGATIVE,0.9203
453,POSITIVE,0.7613
454,POSITIVE,0.9681
455,POSITIVE,0.998
456,NEGATIVE,0.9484
457,POSITIVE,0.7091
458,NEGATIVE,0.9218
459,POSITIVE,0.6731
460,NEGATIVE,0.9809
461,NEGATIVE,0.9976
462,POSITIVE,0.9827
463,NEGATIVE,0.8918
464,NEGATIVE,0.991
465,POSITIVE,0.9948
466,NEGATIVE,0.9953
467,NEGATIVE,0.6999
468,NEGATIVE,0.9901
469,NEGATIVE,0.9499
470,POSITIVE,0.9972
471,NEGATIVE,0.9995
472,NEGATIVE,0.97
473,POSITIVE,0.999
474,NEGATIVE,0.994
475,NEGATIVE,0.6137
476,NEGATIVE,0.8404
477,NEGATIVE,0.9889
478,NEGATIVE,0.9998
479,POSITIVE,0.9198
480,POSITIVE,0.9992
481,NEGATIVE,0.6801
482,NEGATIVE,0.9438
483,NEGATIVE,0.9507
484,NEGATIVE,0.9883
485,POSITIVE,0.9437
486,NEGATIVE,0.9991
487,NEGATIVE,0.7695
488,POSITIVE,0.9849
489,NEGATIVE,0.992
490,POSITIVE,0.9953
491,POSITIVE,0.986
492,POSITIVE,0.9892
493,POSITIVE,0.9999
494,POSITIVE,0.8491
495,POSITIVE,0.9556
496,NEGATIVE,0.9975
497,POSITIVE,0.9957
498,NEGATIVE,0.9929
499,NEGATIVE,0.9779
500,NEGATIVE,0.9901
501,NEGATIVE,0.5704
502,NEGATIVE,0.9947
503,NEGATIVE,0.9988
504,NEGATIVE,0.9714
505,NEGATIVE,0.9784
506,NEGATIVE,0.9775
507,POSITIVE,0.9288
508,POSITIVE,0.9672
509,NEGATIVE,0.9847
510,NEGATIVE,0.8808
511,NEGATIVE,0.9706
512,NEGATIVE,0.9815
513,POSITIVE,0.9842
514,NEGATIVE,0.9951
515,POSITIVE,0.9997
516,POSITIVE,0.9782
517,POSITIVE,0.9979
518,NEGATIVE,0.994
519,NEGATIVE,0.9937
520,POSITIVE,0.8853
521,NEGATIVE,0.6994
522,POSITIVE,0.9952
523,NEGATIVE,0.9897
524,NEGATIVE,0.988
525,NEGATIVE,0.9998
526,POSITIVE,0.7782
527,POSITIVE,0.9994
528,POSITIVE,0.9992
529,NEGATIVE,0.995
530,NEGATIVE,0.948
531,POSITIVE,0.974
532,NEGATIVE,0.9948
533,NEGATIVE,0.9997
534,NEGATIVE,0.9699
535,NEGATIVE,0.9661
536,POSITIVE,0.9997
537,NEGATIVE,0.935
538,NEGATIVE,0.9849
539,NEGATIVE,0.9919
540,NEGATIVE,0.9989
541,NEGATIVE,0.9668
542,POSITIVE,0.9981
543,NEGATIVE,0.8838
544,NEGATIVE,0.9665
545,NEGATIVE,0.9984
546,NEGATIVE,0.9982
547,NEGATIVE,0.9744
548,NEGATIVE,0.9512
549,NEGATIVE,0.9914
550,NEGATIVE,0.9637
551,NEGATIVE,0.9994
552,POSITIVE,0.9996
553,NEGATIVE,0.9764
554,NEGATIVE,0.9732
555,POSITIVE,0.5976
556,NEGATIVE,0.9969
557,NEGATIVE,0.9992
558,POSITIVE,0.9917
559,NEGATIVE,0.9705
560,NEGATIVE,0.9841
561,POSITIVE,0.6397
562,NEGATIVE,0.9869
563,POSITIVE,0.998
564,NEGATIVE,0.9988
565,POSITIVE,0.9995
566,POSITIVE,0.9825
567,POSITIVE,0.9998
568,NEGATIVE,0.8365
569,NEGATIVE,0.9949
570,POSITIVE,0.9897
571,POSITIVE,0.9997
572,POSITIVE,0.9998
573,NEGATIVE,0.6361
574,POSITIVE,0.9965
575,POSITIVE,0.9975
576,NEGATIVE,0.9369
577,NEGATIVE,0.9937
578,NEGATIVE,0.9911
579,NEGATIVE,0.9923
580,NEGATIVE,0.9895
581,POSITIVE,0.9753
582,NEGATIVE,0.815
583,NEGATIVE,0.9984
584,NEGATIVE,0.9882
585,POSITIVE,0.9975
586,POSITIVE,0.9998
587,NEGATIVE,0.9996
588,NEGATIVE,0.9849
589,POSITIVE,0.9993
590,POSITIVE,0.8205
591,NEGATIVE,0.9823
592,POSITIVE,0.6189
593,NEGATIVE,0.998
594,POSITIVE,0.9934
595,NEGATIVE,0.9919
596,POSITIVE,0.8453
597,POSITIVE,0.9976
598,NEGATIVE,0.521
599,NEGATIVE,0.989
600,NEGATIVE,0.9997
601,NEGATIVE,0.9912
602,NEGATIVE,0.9753
603,POSITIVE,0.9984
604,NEGATIVE,0.949
605,POSITIVE,0.9989
606,NEGATIVE,0.8595
607,NEGATIVE,0.9929
608,POSITIVE,0.9989
609,NEGATIVE,0.9982
610,NEGATIVE,0.6434
611,NEGATIVE,0.9863
612,NEGATIVE,0.9975
613,NEGATIVE,0.6934
614,POSITIVE,0.9759
615,NEGATIVE,0.8605
616,NEGATIVE,0.5451
617,NEGATIVE,0.9913
618,POSITIVE,0.9998
619,NEGATIVE,0.9087
620,NEGATIVE,0.9821
621,POSITIVE,0.9741
622,NEGATIVE,0.9762
623,POSITIVE,0.9657
624,POSITIVE,0.9998
625,POSITIVE,0.8751
626,NEGATIVE,0.7651
627,POSITIVE,0.9894
628,NEGATIVE,0.9966
629,NEGATIVE,0.9896
630,NEGATIVE,0.9928
631,POSITIVE,0.6608
632,NEGATIVE,0.9997
633,NEGATIVE,0.9996
634,NEGATIVE,0.9955
635,POSITIVE,0.9897
636,POSITIVE,0.9466
637,NEGATIVE,0.9823
638,NEGATIVE,0.9719
639,POSITIVE,0.9834
640,NEGATIVE,0.9886
641,NEGATIVE,0.9646
642,NEGATIVE,0.9979
643,NEGATIVE,0.9921
644,POSITIVE,0.9987
645,POSITIVE,0.9997
646,NEGATIVE,0.7331
647,POSITIVE,0.992
648,NEGATIVE,0.9649
649,POSITIVE,0.9996
650,POSITIVE,0.9997
651,NEGATIVE,0.9789
652,NEGATIVE,0.999
653,POSITIVE,0.999
654,NEGATIVE,0.7719
655,POSITIVE,0.9832
656,NEGATIVE,0.9995
657,POSITIVE,0.9997
658,POSITIVE,0.7404
659,NEGATIVE,0.9952
660,NEGATIVE,0.9989
661,NEGATIVE,0.9718
662,NEGATIVE,0.7952
663,POSITIVE,0.9999
664,POSITIVE,0.9991
665,NEGATIVE,0.9279
666,POSITIVE,0.9796
667,NEGATIVE,0.9993
668,POSITIVE,0.9995
669,POSITIVE,0.9956
670,NEGATIVE,0.9927
671,POSITIVE,0.9998
672,POSITIVE,0.9989
673,POSITIVE,0.9975
674,NEGATIVE,0.9917
675,NEGATIVE,0.7759
676,POSITIVE,0.9911
677,NEGATIVE,0.9313
678,NEGATIVE,0.9724
679,POSITIVE,0.9995
680,NEGATIVE,0.9089
681,NEGATIVE,0.8348
682,POSITIVE,0.9989
683,NEGATIVE,0.6495
684,POSITIVE,0.7449
685,NEGATIVE,0.9832
686,NEGATIVE,0.9535
687,NEGATIVE,0.988
688,POSITIVE,0.9997
689,POSITIVE,0.999
690,NEGATIVE,0.9743
691,NEGATIVE,0.8338
692,NEGATIVE,0.9123
693,NEGATIVE,0.6022
694,POSITIVE,0.9948
695,POSITIVE,0.9721
696,NEGATIVE,0.9333
697,POSITIVE,0.9995
698,POSITIVE,0.9901
699,NEGATIVE,0.987
700,NEGATIVE,0.9785
701,NEGATIVE,0.9634
702,POSITIVE,0.976
703,NEGATIVE,0.9543
704,POSITIVE,0.9998
705,POSITIVE,0.9933
706,NEGATIVE,0.9967
707,NEGATIVE,0.9983
708,NEGATIVE,0.9369
709,NEGATIVE,0.988
710,NEGATIVE,0.9994
711,POSITIVE,0.9873
712,NEGATIVE,0.991
713,NEGATIVE,0.7167
714,POSITIVE,0.9956
715,POSITIVE,0.9871
716,NEGATIVE,0.9613
717,NEGATIVE,0.995
718,NEGATIVE,0.9973
719,POSITIVE,0.5127
720,NEGATIVE,0.9611
721,NEGATIVE,0.8641
722,NEGATIVE,0.9857
723,NEGATIVE,0.9924
724,POSITIVE,0.9935
725,NEGATIVE,0.9774
726,NEGATIVE,0.9233
727,NEGATIVE,0.9987
728,POSITIVE,0.9975
729,POSITIVE,0.99
730,POSITIVE,0.6271
731,NEGATIVE,0.5393
732,NEGATIVE,0.9826
733,NEGATIVE,0.9996
734,NEGATIVE,0.7349
735,NEGATIVE,0.9988
736,POSITIVE,0.9863
737,NEGATIVE,0.9703
738,NEGATIVE,0.9427
739,NEGATIVE,0.9924
740,POSITIVE,0.9971
741,NEGATIVE,0.9944
742,NEGATIVE,0.9993
743,POSITIVE,0.5874
744,POSITIVE,0.9998
745,POSITIVE,0.9986
746,NEGATIVE,0.9875
747,NEGATIVE,0.9995
748,POSITIVE,0.9645
749,POSITIVE,0.7676
750,NEGATIVE,0.9247
751,POSITIVE,0.9836
752,NEGATIVE,0.9891
753,NEGATIVE,0.9919
754,NEGATIVE,0.888
755,NEGATIVE,0.9729
756,POSITIVE,0.9793
757,POSITIVE,0.8839
758,NEGATIVE,0.9998
759,NEGATIVE,0.9526
760,POSITIVE,0.9995
761,POSITIVE,0.5294
762,POSITIVE,0.89
763,POSITIVE,0.9987
764,NEGATIVE,0.9792
765,NEGATIVE,0.9975
766,NEGATIVE,0.9993
767,NEGATIVE,0.9978
768,POSITIVE,0.9996
769,NEGATIVE,0.7334
770,NEGATIVE,0.9748
771,NEGATIVE,0.9821
772,POSITIVE,0.9332
773,POSITIVE,0.9992
774,NEGATIVE,0.9231
775,POSITIVE,0.9998
776,NEGATIVE,0.9976
777,NEGATIVE,0.9486
778,POSITIVE,0.9073
779,POSITIVE,0.9952
780,POSITIVE,0.999
781,NEGATIVE,0.9944
782,POSITIVE,0.8535
783,NEGATIVE,0.986
784,NEGATIVE,0.9844
785,NEGATIVE,0.9974
786,NEGATIVE,0.9593
787,NEGATIVE,0.9066
788,NEGATIVE,0.9788
789,POSITIVE,0.9676
790,NEGATIVE,0.9985
791,POSITIVE,0.8059
792,POSITIVE,0.5795
793,POSITIVE,0.5588
794,NEGATIVE,0.9559
795,NEGATIVE,0.9817
796,POSITIVE,0.9984
797,POSITIVE,0.9993
798,NEGATIVE,0.995
799,NEGATIVE,0.9812
800,NEGATIVE,0.9841
801,NEGATIVE,0.9775
802,POSITIVE,0.9994
803,NEGATIVE,0.9802
804,POSITIVE,0.9953
805,POSITIVE,0.9526
806,POSITIVE,0.9912
807,POSITIVE,0.9998
808,NEGATIVE,0.9998
809,POSITIVE,0.6963
810,NEGATIVE,0.9732
811,NEGATIVE,0.9852
812,POSITIVE,0.8784
813,NEGATIVE,0.997
814,NEGATIVE,0.9995
815,POSITIVE,0.9937
816,POSITIVE,0.6406
817,NEGATIVE,0.9656
818,POSITIVE,0.9991
819,POSITIVE,0.9772
820,NEGATIVE,0.998
821,POSITIVE,0.7979
822,POSITIVE,0.9999
823,NEGATIVE,0.9998
824,NEGATIVE,0.9065
825,POSITIVE,0.9998
826,POSITIVE,0.9906
827,POSITIVE,0.9977
828,POSITIVE,0.9686
829,NEGATIVE,0.9993
830,POSITIVE,0.9929
831,POSITIVE,0.9958
832,NEGATIVE,0.9994
833,NEGATIVE,0.9916
834,POSITIVE,0.6045
835,POSITIVE,0.9992
836,POSITIVE,0.9636
837,NEGATIVE,0.9959
838,POSITIVE,0.9946
839,NEGATIVE,0.9949
840,NEGATIVE,0.9992
841,POSITIVE,0.8086
842,NEGATIVE,0.9733
843,POSITIVE,0.9992
844,POSITIVE,0.9899
845,NEGATIVE,0.9072
846,POSITIVE,0.9332
847,POSITIVE,0.9961
848,NEGATIVE,0.99
849,POSITIVE,0.9975
850,NEGATIVE,0.9797
851,POSITIVE,0.9998
852,POSITIVE,0.9878
853,NEGATIVE,0.9918
854,NEGATIVE,0.9772
855,NEGATIVE,0.9548
856,NEGATIVE,0.6636
857,POSITIVE,0.9986
858,POSITIVE,0.9997
859,NEGATIVE,0.9631
860,NEGATIVE,0.9885
861,POSITIVE,0.9994
862,POSITIVE,0.9997
863,POSITIVE,0.9937
864,NEGATIVE,0.9954
865,POSITIVE,0.9559
866,POSITIVE,0.6728
867,NEGATIVE,0.9939
868,POSITIVE,0.9287
869,POSITIVE,0.9974
870,NEGATIVE,0.7765
871,POSITIVE,0.9988
872,NEGATIVE,0.9985
873,POSITIVE,0.9743
874,POSITIVE,0.9853
875,NEGATIVE,0.9998
876,POSITIVE,0.997
877,NEGATIVE,0.9968
878,NEGATIVE,0.9996
879,NEGATIVE,0.9764
880,NEGATIVE,0.9343
881,NEGATIVE,0.9909
882,POSITIVE,0.9998
883,NEGATIVE,0.9982
884,POSITIVE,0.9935
885,POSITIVE,0.9307
886,POSITIVE,0.9994
887,POSITIVE,0.6238
888,NEGATIVE,0.9965
889,NEGATIVE,0.8926
890,POSITIVE,0.9615
891,NEGATIVE,0.9988
892,POSITIVE,0.8935
893,NEGATIVE,0.8066
894,POSITIVE,0.9995
895,POSITIVE,0.6877
896,NEGATIVE,0.9996
897,NEGATIVE,0.9953
898,NEGATIVE,0.8649
899,POSITIVE,0.9882
900,POSITIVE,0.9988
901,NEGATIVE,0.9954
902,POSITIVE,0.9996
903,POSITIVE,0.9349
904,NEGATIVE,0.8333
905,POSITIVE,0.6918
906,POSITIVE,0.9271
907,NEGATIVE,0.9878
908,NEGATIVE,0.9893
909,NEGATIVE,0.9465
910,NEGATIVE,0.9925
911,POSITIVE,0.9978
912,POSITIVE,0.9092
913,NEGATIVE,0.9854
914,NEGATIVE,0.9845
915,POSITIVE,0.9998
916,POSITIVE,0.9991
917,NEGATIVE,0.564
918,POSITIVE,0.997
919,POSITIVE,0.9844
920,NEGATIVE,0.9998
921,NEGATIVE,0.9704
922,NEGATIVE,0.9737
923,NEGATIVE,0.5012
924,POSITIVE,0.9662
925,POSITIVE,0.9945
926,POSITIVE,0.9839
927,POSITIVE,0.9992
928,NEGATIVE,0.9971
929,NEGATIVE,0.9926
930,NEGATIVE,0.9997
931,POSITIVE,0.925
932,POSITIVE,0.7966
933,POSITIVE,0.9997
934,NEGATIVE,0.9995
935,NEGATIVE,0.9995
936,NEGATIVE,0.9997
937,NEGATIVE,0.9992
938,NEGATIVE,0.998
939,NEGATIVE,0.9945
940,NEGATIVE,0.9712
941,POSITIVE,0.9077
942,POSITIVE,0.9993
943,NEGATIVE,0.9805
944,POSITIVE,0.9866
945,NEGATIVE,0.8338
946,POSITIVE,0.9935
947,NEGATIVE,0.9992
948,POSITIVE,0.672
949,NEGATIVE,0.9998
950,POSITIVE,0.9997
951,NEGATIVE,0.9903
952,POSITIVE,0.7754
953,POSITIVE,0.9873
954,POSITIVE,0.9813
955,POSITIVE,0.9888
956,NEGATIVE,0.9998
957,POSITIVE,0.9987
958,POSITIVE,0.9851
959,NEGATIVE,0.9958
960,NEGATIVE,0.9998
961,NEGATIVE,0.9726
962,POSITIVE,0.9946
963,NEGATIVE,0.9232
964,POSITIVE,0.9332
965,POSITIVE,0.9997
966,POSITIVE,0.9897
967,NEGATIVE,0.99
968,POSITIVE,0.9984
969,NEGATIVE,0.9268
970,NEGATIVE,0.7959
971,NEGATIVE,0.8659
972,NEGATIVE,0.9981
973,NEGATIVE,0.9723
974,NEGATIVE,0.976
975,NEGATIVE,0.9655
976,POSITIVE,0.9994
977,NEGATIVE,0.9903
978,NEGATIVE,0.9998
979,POSITIVE,0.9863
980,NEGATIVE,0.9998
981,POSITIVE,0.9583
982,NEGATIVE,0.9964
983,NEGATIVE,0.992
984,NEGATIVE,0.9949
985,NEGATIVE,0.9621
986,NEGATIVE,0.9757
987,NEGATIVE,0.9881
988,NEGATIVE,0.9801
989,POSITIVE,0.9978
990,POSITIVE,0.8695
991,NEGATIVE,0.9329
992,NEGATIVE,0.9816
993,NEGATIVE,0.9977
994,NEGATIVE,0.982
995,POSITIVE,0.9855
996,POSITIVE,0.6399
997,NEGATIVE,0.9701
998,NEGATIVE,0.9985
999,NEGATIVE,0.9918
1000,POSITIVE,0.9974
1001,NEGATIVE,0.9885
1002,NEGATIVE,0.8309
1003,NEGATIVE,0.9805
1004,NEGATIVE,0.9604
1005,POSITIVE,0.9998
1006,POSITIVE,0.9916
1007,POSITIVE,0.9887
1008,POSITIVE,0.9988
1009,POSITIVE,0.9999
1010,NEGATIVE,0.9704
1011,POSITIVE,0.9246
1012,NEGATIVE,0.9985
1013,POSITIVE,0.9994
1014,NEGATIVE,0.9648
1015,NEGATIVE,0.9823
1016,POSITIVE,0.5984
1017,NEGATIVE,0.9962
1018,NEGATIVE,0.7957
1019,POSITIVE,0.9952
1020,POSITIVE,0.9998
1021,NEGATIVE,0.9714
1022,NEGATIVE,0.9956
1023,POSITIVE,0.9911
1024,NEGATIVE,0.9998
1025,POSITIVE,0.9976
1026,POSITIVE,0.9917
1027,NEGATIVE,0.9956
1028,NEGATIVE,0.9286
1029,NEGATIVE,0.9777
1030,NEGATIVE,0.9905
1031,NEGATIVE,0.9924
1032,NEGATIVE,0.9704
1033,POSITIVE,0.9992
1034,NEGATIVE,0.9981
1035,POSITIVE,0.9961
1036,NEGATIVE,0.9675
1037,NEGATIVE,0.9988
1038,POSITIVE,0.8349
1039,NEGATIVE,0.9839
1040,NEGATIVE,0.9896
1041,NEGATIVE,0.9955
1042,POSITIVE,0.9994
1043,NEGATIVE,0.9983
1044,POSITIVE,0.9386
1045,POSITIVE,0.9999
1046,NEGATIVE,0.99
1047,NEGATIVE,0.9754
1048,NEGATIVE,0.9948
1049,POSITIVE,0.9452
1050,NEGATIVE,0.9909
1051,NEGATIVE,0.8101
1052,NEGATIVE,0.6666
1053,NEGATIVE,0.9826
1054,NEGATIVE,0.9997
1055,NEGATIVE,0.9974
1056,POSITIVE,0.9788
1057,POSITIVE,0.9923
1058,NEGATIVE,0.9987
1059,POSITIVE,0.997
1060,POSITIVE,0.9793
1061,POSITIVE,0.9605
1062,POSITIVE,0.6878
1063,POSITIVE,0.9658
1064,NEGATIVE,0.9948
1065,POSITIVE,0.9207
1066,NEGATIVE,0.9616
1067,POSITIVE,0.9153
1068,NEGATIVE,0.9977
1069,NEGATIVE,0.9445
1070,NEGATIVE,0.9995
1071,NEGATIVE,0.9657
1072,NEGATIVE,0.9453
1073,POSITIVE,0.9932
1074,NEGATIVE,0.9978
1075,POSITIVE,0.9986
1076,NEGATIVE,0.9965
1077,NEGATIVE,0.985
1078,POSITIVE,0.5795
1079,NEGATIVE,0.9859
1080,NEGATIVE,0.9941
1081,NEGATIVE,0.9867
1082,NEGATIVE,0.9986
1083,POSITIVE,0.9983
1084,NEGATIVE,0.9992
1085,NEGATIVE,0.9707
1086,POSITIVE,0.9996
1087,POSITIVE,0.9994
1088,POSITIVE,0.9976
1089,POSITIVE,0.9954
1090,POSITIVE,0.9364
1091,NEGATIVE,0.9974
1092,NEGATIVE,0.9863
1093,POSITIVE,0.887
1094,NEGATIVE,0.9973
1095,POSITIVE,0.9997
1096,POSITIVE,0.9982
1097,POSITIVE,0.9933
1098,POSITIVE,0.9385
1099,POSITIVE,0.9708
1100,POSITIVE,0.645
1101,NEGATIVE,0.9992
1102,NEGATIVE,0.9986
1103,NEGATIVE,0.9703
1104,POSITIVE,0.9969
1105,POSITIVE,0.9321
1106,POSITIVE,0.9953
1107,NEGATIVE,0.8206
1108,POSITIVE,0.8127
1109,NEGATIVE,0.8628
1110,NEGATIVE,0.99
1111,POSITIVE,0.9998
1112,POSITIVE,0.9989
1113,POSITIVE,0.9792
1114,POSITIVE,0.9284
1115,NEGATIVE,0.9996
1116,POSITIVE,0.8063
1117,NEGATIVE,0.6612
1118,POSITIVE,0.9903
1119,NEGATIVE,0.9957
1120,NEGATIVE,0.9814
1121,NEGATIVE,0.9325
1122,NEGATIVE,0.9972
1123,NEGATIVE,0.7737
1124,NEGATIVE,0.9272
1125,NEGATIVE,0.9743
1126,POSITIVE,0.9958
1127,POSITIVE,0.9984
1128,NEGATIVE,0.9927
1129,NEGATIVE,0.9807
1130,NEGATIVE,0.9963
1131,NEGATIVE,0.9909
1132,POSITIVE,0.9963
1133,POSITIVE,0.9922
1134,NEGATIVE,0.9995
1135,POSITIVE,0.9992
1136,POSITIVE,0.9994
1137,POSITIVE,0.9951
1138,POSITIVE,0.9947
1139,NEGATIVE,0.9997
1140,POSITIVE,0.9993
1141,NEGATIVE,0.9936
1142,NEGATIVE,0.8323
1143,POSITIVE,0.9032
1144,POSITIVE,0.9541
1145,NEGATIVE,0.7092
1146,NEGATIVE,0.9398
1147,NEGATIVE,0.9797
1148,POSITIVE,0.9922
1149,NEGATIVE,0.975
1150,POSITIVE,0.9886
1151,POSITIVE,0.9909
1152,NEGATIVE,0.9816
1153,NEGATIVE,0.9832
1154,POSITIVE,0.9905
1155,NEGATIVE,0.7231
1156,NEGATIVE,0.9958
1157,POSITIVE,0.9227
1158,NEGATIVE,0.9772
1159,POSITIVE,0.9995
1160,NEGATIVE,0.997
1161,POSITIVE,0.9976
1162,NEGATIVE,0.9397
1163,NEGATIVE,0.9907
1164,NEGATIVE,0.9856
1165,NEGATIVE,0.9994
1166,POSITIVE,0.9983
1167,POSITIVE,0.9968
1168,NEGATIVE,0.9891
1169,NEGATIVE,0.9606
1170,POSITIVE,0.9953
1171,NEGATIVE,0.9708
1172,NEGATIVE,0.9923
1173,POSITIVE,0.9802
1174,NEGATIVE,0.9979
1175,POSITIVE,0.9034
1176,NEGATIVE,0.7033
1177,POSITIVE,0.9754
1178,NEGATIVE,0.9828
1179,NEGATIVE,0.8841
1180,NEGATIVE,0.9126
1181,NEGATIVE,0.9964
1182,NEGATIVE,0.794
1183,NEGATIVE,0.9986
1184,POSITIVE,0.9996
1185,POSITIVE,0.9917
1186,POSITIVE,0.9808
1187,POSITIVE,0.9977
1188,POSITIVE,0.6792
1189,POSITIVE,0.9593
1190,NEGATIVE,0.9979
1191,POSITIVE,0.9924
1192,NEGATIVE,0.9781
1193,NEGATIVE,0.9933
1194,POSITIVE,0.9907
1195,POSITIVE,0.9997
1196,NEGATIVE,0.9534
1197,POSITIVE,0.9981
1198,NEGATIVE,0.9795
1199,NEGATIVE,0.9992
1200,NEGATIVE,0.9678
1201,NEGATIVE,0.997
1202,NEGATIVE,0.9771
1203,NEGATIVE,0.665
1204,POSITIVE,0.9869
1205,POSITIVE,0.9943
1206,POSITIVE,0.9841
1207,POSITIVE,0.975
1208,POSITIVE,0.6963
1209,NEGATIVE,0.9773
1210,NEGATIVE,0.9858
1211,NEGATIVE,0.9743
1212,POSITIVE,0.9958
1213,POSITIVE,0.9799
1214,POSITIVE,0.8045
1215,POSITIVE,0.9973
1216,NEGATIVE,0.9356
1217,POSITIVE,0.6405
1218,POSITIVE,0.9638
1219,NEGATIVE,0.761
1220,POSITIVE,0.9917
1221,NEGATIVE,0.9426
1222,NEGATIVE,0.9994
1223,POSITIVE,0.9972
1224,POSITIVE,0.9782
1225,POSITIVE,0.9876
1226,POSITIVE,0.9945
1227,POSITIVE,0.8034
1228,POSITIVE,0.9978
1229,NEGATIVE,0.9534
1230,POSITIVE,0.9944
1231,POSITIVE,0.9998
1232,NEGATIVE,0.983
1233,POSITIVE,0.9993
1234,NEGATIVE,0.9935
1235,NEGATIVE,0.9703
1236,POSITIVE,0.9997
1237,POSITIVE,0.9996
1238,NEGATIVE,0.6066
1239,NEGATIVE,0.9515
1240,POSITIVE,0.9988
1241,POSITIVE,0.9969
1242,POSITIVE,0.968
1243,NEGATIVE,0.988
1244,NEGATIVE,0.9875
1245,POSITIVE,0.9995
1246,POSITIVE,0.9996
1247,POSITIVE,0.7944
1248,POSITIVE,0.9998
1249,NEGATIVE,0.9978
1250,POSITIVE,0.9239
1251,POSITIVE,0.9975
1252,NEGATIVE,0.9887
1253,NEGATIVE,0.9516
1254,POSITIVE,0.9915
1255,POSITIVE,0.9123
1256,NEGATIVE,0.9916
1257,NEGATIVE,0.9246
1258,NEGATIVE,0.9761
1259,NEGATIVE,0.8071
1260,POSITIVE,0.9978
1261,POSITIVE,0.8454
1262,NEGATIVE,0.7779
1263,NEGATIVE,0.9251
1264,POSITIVE,0.9702
1265,POSITIVE,0.9984
1266,NEGATIVE,0.9458
1267,NEGATIVE,0.9856
1268,POSITIVE,0.9791
1269,NEGATIVE,0.9527
1270,POSITIVE,0.7351
1271,POSITIVE,0.9998
1272,NEGATIVE,0.6882
1273,POSITIVE,0.998
1274,NEGATIVE,0.9884
1275,NEGATIVE,0.9996
1276,NEGATIVE,0.9909
1277,NEGATIVE,0.9771
1278,POSITIVE,0.7948
1279,NEGATIVE,0.9941
1280,POSITIVE,0.9492
1281,POSITIVE,0.9945
1282,NEGATIVE,0.9646
1283,POSITIVE,0.9998
1284,POSITIVE,0.9993
1285,POSITIVE,0.9484
1286,NEGATIVE,0.8719
1287,POSITIVE,0.9998
1288,POSITIVE,0.9842
1289,NEGATIVE,0.9936
1290,NEGATIVE,0.8692
1291,POSITIVE,0.9972
1292,NEGATIVE,0.989
1293,NEGATIVE,0.9919
1294,NEGATIVE,0.9833
1295,POSITIVE,0.9965
1296,NEGATIVE,0.972
1297,POSITIVE,0.7073
1298,NEGATIVE,0.82
1299,NEGATIVE,0.9992
1300,NEGATIVE,0.9442
1301,NEGATIVE,0.8912
1302,NEGATIVE,0.9864
1303,POSITIVE,0.9901
1304,NEGATIVE,0.9997
1305,NEGATIVE,0.6622
1306,NEGATIVE,0.8388
1307,POSITIVE,0.9952
1308,POSITIVE,0.9917
1309,POSITIVE,0.9996
1310,POSITIVE,0.5807
1311,NEGATIVE,0.9568
1312,NEGATIVE,0.9566
1313,NEGATIVE,0.9858
1314,POSITIVE,0.9992
1315,NEGATIVE,0.5966
1316,POSITIVE,0.9998
1317,NEGATIVE,0.9937
1318,POSITIVE,0.9993
1319,NEGATIVE,0.9969
1320,NEGATIVE,0.9934
1321,POSITIVE,0.9829
1322,POSITIVE,0.9962
1323,NEGATIVE,0.9969
1324,POSITIVE,0.9993
1325,NEGATIVE,0.6791
1326,POSITIVE,0.6856
1327,POSITIVE,0.9883
1328,NEGATIVE,0.9332
1329,NEGATIVE,0.997
1330,NEGATIVE,0.9347
1331,NEGATIVE,0.8041
1332,NEGATIVE,0.9996
1333,NEGATIVE,0.9605
1334,NEGATIVE,0.9869
1335,NEGATIVE,0.9991
1336,NEGATIVE,0.9957
1337,NEGATIVE,0.7913
1338,NEGATIVE,0.9985
1339,NEGATIVE,0.9926
1340,NEGATIVE,0.9998
1341,POSITIVE,0.99
1342,NEGATIVE,0.9988
1343,NEGATIVE,0.9998
1344,NEGATIVE,0.9852
1345,NEGATIVE,0.9988
1346,NEGATIVE,0.9865
1347,POSITIVE,0.7727
1348,POSITIVE,0.9996
1349,NEGATIVE,0.7754
1350,NEGATIVE,0.8761
1351,NEGATIVE,0.9855
1352,NEGATIVE,0.9934
1353,NEGATIVE,0.98
1354,POSITIVE,0.994
1355,POSITIVE,0.8412
1356,NEGATIVE,0.9571
1357,NEGATIVE,0.9842
1358,POSITIVE,0.9961
1359,POSITIVE,0.9972
1360,NEGATIVE,0.9991
1361,POSITIVE,0.9997
1362,POSITIVE,0.9995
1363,NEGATIVE,0.9996
1364,POSITIVE,0.9997
1365,NEGATIVE,0.9907
1366,POSITIVE,0.9974
1367,NEGATIVE,0.9629
1368,POSITIVE,0.9963
1369,NEGATIVE,0.742
1370,NEGATIVE,0.9652
1371,NEGATIVE,0.9233
1372,POSITIVE,0.9929
1373,NEGATIVE,0.9962
1374,POSITIVE,0.969
1375,NEGATIVE,0.9624
1376,POSITIVE,0.9923
1377,POSITIVE,0.89
1378,NEGATIVE,0.9892
1379,NEGATIVE,0.9615
1380,POSITIVE,0.9975
1381,NEGATIVE,0.985
1382,POSITIVE,0.9934
1383,POSITIVE,0.9979
1384,POSITIVE,0.9327
1385,POSITIVE,0.9992
1386,POSITIVE,0.9998
1387,POSITIVE,0.9911
1388,POSITIVE,0.6082
1389,POSITIVE,0.9986
1390,NEGATIVE,0.999
1391,POSITIVE,0.9811
1392,POSITIVE,0.9888
1393,NEGATIVE,0.9945
1394,NEGATIVE,0.9938
1395,POSITIVE,0.9496
1396,NEGATIVE,0.9924
1397,NEGATIVE,0.8257
1398,NEGATIVE,0.9842
1399,NEGATIVE,0.9709
1400,NEGATIVE,0.9967
1401,POSITIVE,0.9978
1402,NEGATIVE,0.9972
1403,NEGATIVE,0.9988
1404,POSITIVE,0.9978
1405,NEGATIVE,0.9765
1406,POSITIVE,0.6662
1407,NEGATIVE,0.9714
1408,NEGATIVE,0.9686
1409,POSITIVE,0.9604
1410,NEGATIVE,0.9483
1411,POSITIVE,0.9568
1412,NEGATIVE,0.977
1413,POSITIVE,0.9984
1414,NEGATIVE,0.9852
1415,NEGATIVE,0.9831
1416,POSITIVE,0.9546
1417,POSITIVE,0.9972
1418,NEGATIVE,0.9893
1419,POSITIVE,0.5338
1420,NEGATIVE,0.934
1421,NEGATIVE,0.9899
1422,NEGATIVE,0.9751
1423,POSITIVE,0.9983
1424,NEGATIVE,0.9914
1425,NEGATIVE,0.9994
1426,POSITIVE,0.63
1427,NEGATIVE,0.9693
1428,NEGATIVE,0.9942
1429,NEGATIVE,0.9907
1430,NEGATIVE,0.947
1431,NEGATIVE,0.9971
1432,POSITIVE,0.9999
1433,NEGATIVE,0.7889
1434,NEGATIVE,0.9463
1435,NEGATIVE,0.9989
1436,POSITIVE,0.9999
1437,POSITIVE,0.9955
1438,POSITIVE,0.9972
1439,POSITIVE,0.998
1440,POSITIVE,0.8969
1441,NEGATIVE,0.9982
1442,POSITIVE,0.9987
1443,NEGATIVE,0.9881
1444,NEGATIVE,0.9959
1445,NEGATIVE,0.9989
1446,NEGATIVE,0.9609
1447,POSITIVE,0.9998
1448,NEGATIVE,0.9883
1449,POSITIVE,0.9983
1450,POSITIVE,0.9955
1451,POSITIVE,0.9963
1452,POSITIVE,0.9972
1453,NEGATIVE,0.9061
1454,POSITIVE,0.9454
1455,NEGATIVE,0.9964
1456,POSITIVE,0.9989
1457,POSITIVE,0.9877
1458,POSITIVE,0.9474
1459,POSITIVE,0.9923
1460,NEGATIVE,0.5754
1461,NEGATIVE,0.9993
1462,NEGATIVE,0.9927
1463,NEGATIVE,0.9977
1464,POSITIVE,0.926
1465,NEGATIVE,0.9607
1466,NEGATIVE,0.975
1467,NEGATIVE,0.8616
1468,NEGATIVE,0.9865
1469,POSITIVE,0.5661
1470,NEGATIVE,0.9976
1471,POSITIVE,0.9894
1472,NEGATIVE,0.701
1473,NEGATIVE,0.9877
1474,NEGATIVE,0.9946
1475,POSITIVE,0.995
1476,NEGATIVE,0.939
1477,NEGATIVE,0.9696
1478,NEGATIVE,0.9663
1479,NEGATIVE,0.9891
1480,NEGATIVE,0.7672
1481,NEGATIVE,0.9892
1482,NEGATIVE,0.9894
1483,POSITIVE,0.9627
1484,NEGATIVE,0.9887
1485,NEGATIVE,0.975
1486,POSITIVE,0.9994
1487,NEGATIVE,0.8308
1488,POSITIVE,0.5214
1489,POSITIVE,0.6499
1490,POSITIVE,0.9999
1491,POSITIVE,0.9996
1492,NEGATIVE,0.9827
1493,NEGATIVE,0.8717
1494,NEGATIVE,0.9648
1495,POSITIVE,0.9431
1496,NEGATIVE,0.9922
1497,NEGATIVE,0.9748
1498,POSITIVE,0.7316
1499,NEGATIVE,0.5782
1500,POSITIVE,0.9734
1501,POSITIVE,0.9875
1502,NEGATIVE,0.9971
1503,POSITIVE,0.9397
1504,NEGATIVE,0.9779
1505,POSITIVE,0.7824
1506,POSITIVE,0.7941
1507,NEGATIVE,0.9539
1508,NEGATIVE,0.9828
1509,NEGATIVE,0.97
1510,NEGATIVE,0.9933
1511,NEGATIVE,0.9699
1512,NEGATIVE,0.9996
1513,POSITIVE,0.9697
1514,NEGATIVE,0.9932
1515,POSITIVE,0.9887
1516,NEGATIVE,0.9823
1517,NEGATIVE,0.9975
1518,NEGATIVE,0.9998
1519,POSITIVE,0.9999
1520,NEGATIVE,0.9996
1521,NEGATIVE,0.6259
1522,POSITIVE,0.9925
1523,NEGATIVE,0.9976
1524,POSITIVE,0.9983
1525,NEGATIVE,0.913
1526,POSITIVE,0.955
1527,POSITIVE,0.9896
1528,POSITIVE,0.9619
1529,POSITIVE,0.9597
1530,NEGATIVE,0.9981
1531,NEGATIVE,0.9921
1532,POSITIVE,0.9581
1533,NEGATIVE,0.9928
1534,NEGATIVE,0.9914
1535,NEGATIVE,0.9753
1536,NEGATIVE,0.9839
1537,NEGATIVE,0.9787
1538,NEGATIVE,0.7105
1539,POSITIVE,0.9973
1540,NEGATIVE,0.5303
1541,NEGATIVE,0.9961
1542,NEGATIVE,0.9996
1543,POSITIVE,0.9945
1544,NEGATIVE,0.9743
1545,POSITIVE,0.9989
1546,NEGATIVE,0.9489
1547,NEGATIVE,0.9648
1548,NEGATIVE,0.9925
1549,NEGATIVE,0.9692
1550,NEGATIVE,0.996
1551,NEGATIVE,0.9429
1552,POSITIVE,0.9982
1553,NEGATIVE,0.9863
1554,POSITIVE,0.9599
1555,NEGATIVE,0.9678
1556,NEGATIVE,0.9375
1557,NEGATIVE,0.9863
1558,POSITIVE,0.9869
1559,NEGATIVE,0.9313
1560,NEGATIVE,0.6889
1561,NEGATIVE,0.979
1562,POSITIVE,0.7943
1563,NEGATIVE,0.9879
1564,POSITIVE,0.9995
1565,NEGATIVE,0.9852
1566,POSITIVE,0.9483
1567,POSITIVE,0.7338
1568,NEGATIVE,0.9984
1569,POSITIVE,0.9327
1570,POSITIVE,0.9992
1571,NEGATIVE,0.9806
1572,POSITIVE,0.9952
1573,NEGATIVE,0.9889
1574,NEGATIVE,0.9983
1575,POSITIVE,0.6798
1576,POSITIVE,0.9998
1577,NEGATIVE,0.9978
1578,POSITIVE,0.9996
1579,NEGATIVE,0.9064
1580,NEGATIVE,0.7159
1581,POSITIVE,0.9871
1582,POSITIVE,0.9995
1583,NEGATIVE,0.9867
1584,NEGATIVE,0.9197
1585,POSITIVE,0.9969
1586,NEGATIVE,0.9932
1587,NEGATIVE,0.9909
1588,NEGATIVE,0.987
1589,NEGATIVE,0.981
1590,NEGATIVE,0.9864
1591,NEGATIVE,0.9931
1592,POSITIVE,0.9965
1593,NEGATIVE,0.9988
1594,POSITIVE,0.9983
1595,NEGATIVE,0.9913
1596,NEGATIVE,0.9956
1597,NEGATIVE,0.9914
1598,NEGATIVE,0.9989
1599,NEGATIVE,0.9989
1600,POSITIVE,0.8558
1601,NEGATIVE,0.9994
1602,NEGATIVE,0.9903
1603,NEGATIVE,0.9884
1604,NEGATIVE,0.9957
1605,NEGATIVE,0.9996
1606,NEGATIVE,0.9918
1607,POSITIVE,0.9969
1608,NEGATIVE,0.9903
1609,POSITIVE,0.9996
1610,NEGATIVE,0.998
1611,NEGATIVE,0.9996
1612,NEGATIVE,0.9917
1613,POSITIVE,0.9998
1614,NEGATIVE,0.9215
1615,NEGATIVE,0.9882
1616,NEGATIVE,0.9873
1617,NEGATIVE,0.8673
1618,POSITIVE,0.9994
1619,POSITIVE,0.999
1620,NEGATIVE,0.9917
1621,POSITIVE,0.9485
1622,NEGATIVE,0.9781
1623,POSITIVE,0.9991
1624,POSITIVE,0.986
1625,POSITIVE,0.9997
1626,NEGATIVE,0.9862
1627,POSITIVE,0.9989
1628,NEGATIVE,0.9911
1629,POSITIVE,0.9965
1630,POSITIVE,0.9748
1631,POSITIVE,0.9986
1632,NEGATIVE,0.9971
1633,NEGATIVE,0.9862
1634,NEGATIVE,0.9705
1635,POSITIVE,0.9892
1636,NEGATIVE,0.9969
1637,NEGATIVE,0.9869
1638,POSITIVE,0.9644
1639,NEGATIVE,0.9647
1640,POSITIVE,0.6513
1641,NEGATIVE,0.9711
1642,NEGATIVE,0.9955
1643,NEGATIVE,0.9955
1644,NEGATIVE,0.9054
1645,NEGATIVE,0.8114
1646,NEGATIVE,0.9985
1647,NEGATIVE,0.9959
1648,NEGATIVE,0.9986
1649,POSITIVE,0.9253
1650,NEGATIVE,0.9975
1651,NEGATIVE,0.9837
1652,NEGATIVE,0.9703
1653,NEGATIVE,0.9974
1654,POSITIVE,0.9961
1655,POSITIVE,0.8087
1656,NEGATIVE,0.6993
1657,POSITIVE,0.9997
1658,NEGATIVE,0.9925
1659,NEGATIVE,0.996
1660,POSITIVE,0.8846
1661,NEGATIVE,0.9979
1662,POSITIVE,0.9966
1663,NEGATIVE,0.994
1664,NEGATIVE,0.874
1665,POSITIVE,0.986
1666,POSITIVE,0.9858
1667,NEGATIVE,0.8849
1668,NEGATIVE,0.5545
1669,NEGATIVE,0.999
1670,NEGATIVE,0.9742
1671,NEGATIVE,0.9972
1672,NEGATIVE,0.9889
1673,NEGATIVE,0.8331
1674,NEGATIVE,0.9762
1675,NEGATIVE,0.9953
1676,NEGATIVE,0.9944
1677,POSITIVE,0.9904
1678,NEGATIVE,0.7663
1679,NEGATIVE,0.9997
1680,POSITIVE,0.9845
1681,POSITIVE,0.9863
1682,POSITIVE,0.994
1683,NEGATIVE,0.9772
1684,NEGATIVE,0.97
1685,POSITIVE,0.9997
1686,NEGATIVE,0.993
1687,NEGATIVE,0.9823
1688,POSITIVE,0.8138
1689,NEGATIVE,0.683
1690,NEGATIVE,0.9936
1691,POSITIVE,0.8866
1692,NEGATIVE,0.9959
1693,NEGATIVE,0.9996
1694,NEGATIVE,0.9993
1695,POSITIVE,0.9987
1696,POSITIVE,0.9899
1697,POSITIVE,0.9811
1698,NEGATIVE,0.9524
1699,POSITIVE,0.6053
1700,NEGATIVE,0.9635
1701,POSITIVE,0.9985
1702,NEGATIVE,0.9332
1703,POSITIVE,0.9991
1704,POSITIVE,0.9954
1705,NEGATIVE,0.9767
1706,POSITIVE,0.9983
1707,POSITIVE,0.8392
1708,NEGATIVE,0.9975
1709,NEGATIVE,0.9998
1710,NEGATIVE,0.9775
1711,NEGATIVE,0.9958
1712,POSITIVE,0.9952
1713,POSITIVE,0.8475
1714,NEGATIVE,0.994
1715,NEGATIVE,0.575
1716,NEGATIVE,0.8681
1717,NEGATIVE,0.9742
1718,NEGATIVE,0.9867
1719,POSITIVE,0.9996
1720,POSITIVE,0.9812
1721,NEGATIVE,0.9666
1722,POSITIVE,0.9965
1723,POSITIVE,0.9966
1724,POSITIVE,0.9979
1725,POSITIVE,0.9952
1726,POSITIVE,0.9967
1727,NEGATIVE,0.9979
1728,POSITIVE,0.8628
1729,POSITIVE,0.8204
1730,POSITIVE,0.6022
1731,NEGATIVE,0.9475
1732,NEGATIVE,0.8166
1733,POSITIVE,0.999
1734,NEGATIVE,0.9977
1735,NEGATIVE,0.9874
1736,NEGATIVE,0.9985
1737,POSITIVE,0.9013
1738,NEGATIVE,0.9859
1739,POSITIVE,0.9994
1740,POSITIVE,0.9745
1741,NEGATIVE,0.9988
1742,NEGATIVE,0.9994
1743,NEGATIVE,0.8753
1744,NEGATIVE,0.9719
1745,NEGATIVE,0.975
1746,POSITIVE,0.9892
1747,NEGATIVE,0.9688
1748,NEGATIVE,0.9976
1749,NEGATIVE,0.9696
1750,POSITIVE,0.9976
1751,POSITIVE,0.5196
1752,NEGATIVE,0.998
1753,POSITIVE,0.9963
1754,NEGATIVE,0.9844
1755,NEGATIVE,0.9908
1756,NEGATIVE,0.9622
1757,NEGATIVE,0.9808
1758,POSITIVE,0.9982
1759,NEGATIVE,0.965
1760,POSITIVE,0.9999
1761,POSITIVE,0.8836
1762,POSITIVE,0.9932
1763,POSITIVE,0.9887
1764,POSITIVE,0.6545
1765,NEGATIVE,0.9834
1766,NEGATIVE,0.9517
1767,NEGATIVE,0.6821
1768,NEGATIVE,0.9998
1769,NEGATIVE,0.9957
1770,POSITIVE,0.9652
1771,NEGATIVE,0.9663
1772,NEGATIVE,0.9998
1773,NEGATIVE,0.9866
1774,POSITIVE,0.9948
1775,POSITIVE,0.9953
1776,NEGATIVE,0.8829
1777,NEGATIVE,0.9611
1778,NEGATIVE,0.9971
1779,POSITIVE,0.6617
1780,NEGATIVE,0.9965
1781,POSITIVE,0.9952
1782,POSITIVE,0.9949
1783,NEGATIVE,0.9955
1784,NEGATIVE,0.9994
1785,NEGATIVE,0.9914
1786,NEGATIVE,0.9752
1787,NEGATIVE,0.9959
1788,NEGATIVE,0.9947
1789,NEGATIVE,0.9965
1790,NEGATIVE,0.9996
1791,NEGATIVE,0.987
1792,NEGATIVE,0.8963
1793,POSITIVE,0.762
1794,POSITIVE,0.5404
1795,NEGATIVE,0.9996
1796,NEGATIVE,0.9102
1797,NEGATIVE,0.9836
1798,NEGATIVE,0.9781
1799,NEGATIVE,0.9938
1800,POSITIVE,0.8512
1801,NEGATIVE,0.977
1802,NEGATIVE,0.6411
1803,NEGATIVE,0.9911
1804,NEGATIVE,0.9603
1805,POSITIVE,0.9952
1806,NEGATIVE,0.9963
1807,NEGATIVE,0.809
1808,NEGATIVE,0.9976
1809,POSITIVE,0.9475
1810,POSITIVE,0.9949
1811,NEGATIVE,0.9997
1812,NEGATIVE,0.9985
1813,POSITIVE,0.9094
1814,POSITIVE,0.9996
1815,NEGATIVE,0.9981
1816,NEGATIVE,0.9937
1817,POSITIVE,0.5043
1818,POSITIVE,0.9936
1819,NEGATIVE,0.9783
1820,POSITIVE,0.9006
1821,NEGATIVE,0.993
1822,NEGATIVE,0.787
1823,POSITIVE,0.9682
1824,POSITIVE,0.7571
1825,POSITIVE,0.9837
1826,POSITIVE,0.8693
1827,NEGATIVE,0.9122
1828,NEGATIVE,0.9935
1829,NEGATIVE,0.9948
1830,NEGATIVE,0.9854
1831,POSITIVE,0.9994
1832,NEGATIVE,0.9595
1833,NEGATIVE,0.9603
1834,POSITIVE,0.9937
1835,NEGATIVE,0.999
1836,NEGATIVE,0.9961
1837,NEGATIVE,0.7935
1838,NEGATIVE,0.8821
1839,NEGATIVE,0.9084
1840,NEGATIVE,0.9938
1841,NEGATIVE,0.9991
1842,NEGATIVE,0.9327
1843,POSITIVE,0.9999
1844,POSITIVE,0.9827
1845,NEGATIVE,0.9863
1846,POSITIVE,0.9852
1847,NEGATIVE,0.9935
1848,NEGATIVE,0.9406
1849,POSITIVE,0.9413
1850,NEGATIVE,0.9988
1851,POSITIVE,0.9782
1852,NEGATIVE,0.9969
1853,POSITIVE,0.9885
1854,NEGATIVE,0.8304
1855,NEGATIVE,0.974
1856,POSITIVE,0.9253
1857,NEGATIVE,0.9997
1858,POSITIVE,0.686
1859,NEGATIVE,0.8934
1860,NEGATIVE,0.9967
1861,POSITIVE,0.9937
1862,POSITIVE,0.9999
1863,POSITIVE,0.9997
1864,POSITIVE,0.9994
1865,POSITIVE,0.9761
1866,NEGATIVE,0.8918
1867,POSITIVE,0.9911
1868,NEGATIVE,0.994
1869,POSITIVE,0.9873
1870,NEGATIVE,0.9806
1871,NEGATIVE,0.9974
1872,POSITIVE,0.9657
1873,NEGATIVE,0.9868
1874,NEGATIVE,0.9997
1875,POSITIVE,0.8504
1876,POSITIVE,0.9949
1877,POSITIVE,0.9136
1878,POSITIVE,0.9513
1879,NEGATIVE,0.8901
1880,POSITIVE,0.9952
1881,NEGATIVE,0.7561
1882,POSITIVE,0.9732
1883,POSITIVE,0.9958
1884,NEGATIVE,0.9872
1885,POSITIVE,0.7359
1886,POSITIVE,0.9985
1887,POSITIVE,0.9984
1888,NEGATIVE,0.9767
1889,NEGATIVE,0.996
1890,POSITIVE,0.9773
1891,POSITIVE,0.9407
1892,NEGATIVE,0.9409
1893,NEGATIVE,0.9934
1894,POSITIVE,0.776
1895,POSITIVE,0.999
1896,NEGATIVE,0.9627
1897,POSITIVE,0.9976
1898,NEGATIVE,0.9659
1899,NEGATIVE,0.9872
1900,POSITIVE,0.9989
1901,NEGATIVE,0.9946
1902,POSITIVE,0.7151
1903,NEGATIVE,0.9949
1904,NEGATIVE,0.9977
1905,NEGATIVE,0.9648
1906,NEGATIVE,0.998
1907,NEGATIVE,0.8235
1908,NEGATIVE,0.6971
1909,NEGATIVE,0.9967
1910,NEGATIVE,0.9934
1911,NEGATIVE,0.8916
1912,NEGATIVE,0.9636
1913,NEGATIVE,0.6037
1914,NEGATIVE,0.9921
1915,POSITIVE,0.9994
1916,NEGATIVE,0.7813
1917,NEGATIVE,0.9329
1918,POSITIVE,0.9679
1919,NEGATIVE,0.8415
1920,POSITIVE,0.9935
1921,POSITIVE,0.9332
1922,NEGATIVE,0.9969
1923,POSITIVE,0.9984
1924,POSITIVE,0.9986
1925,NEGATIVE,0.9229
1926,NEGATIVE,0.9845
1927,NEGATIVE,0.9984
1928,POSITIVE,0.9989
1929,POSITIVE,0.9941
1930,POSITIVE,0.9498
1931,NEGATIVE,0.9924
1932,NEGATIVE,0.9905
1933,POSITIVE,0.9622
1934,NEGATIVE,0.9902
1935,NEGATIVE,0.9704
1936,POSITIVE,0.9901
1937,POSITIVE,0.9985
1938,POSITIVE,0.7004
1939,NEGATIVE,0.9321
1940,POSITIVE,0.9364
1941,NEGATIVE,0.9919
1942,NEGATIVE,0.9898
1943,POSITIVE,0.9838
1944,NEGATIVE,0.9817
1945,NEGATIVE,0.9628
1946,POSITIVE,0.9842
1947,POSITIVE,0.5945
1948,POSITIVE,0.6237
1949,NEGATIVE,0.999
1950,NEGATIVE,0.6833
1951,NEGATIVE,0.9959
1952,NEGATIVE,0.6606
1953,NEGATIVE,0.9989
1954,POSITIVE,0.9924
1955,NEGATIVE,0.9527
1956,POSITIVE,0.9227
1957,NEGATIVE,0.9868
1958,POSITIVE,0.9994
1959,POSITIVE,0.9988
1960,POSITIVE,0.9635
1961,NEGATIVE,0.9995
1962,POSITIVE,0.9884
1963,NEGATIVE,0.9994
1964,NEGATIVE,0.9939
1965,POSITIVE,0.8368
1966,NEGATIVE,0.9818
1967,NEGATIVE,0.9996
1968,POSITIVE,0.8866
1969,NEGATIVE,0.9968
1970,NEGATIVE,0.9862
1971,NEGATIVE,0.9959
1972,POSITIVE,0.534
1973,NEGATIVE,0.9883
1974,POSITIVE,0.9995
1975,NEGATIVE,0.985
1976,NEGATIVE,0.9519
1977,NEGATIVE,0.9909
1978,POSITIVE,0.9648
1979,NEGATIVE,0.8346
1980,NEGATIVE,0.991
1981,NEGATIVE,0.8623
1982,POSITIVE,0.9984
1983,POSITIVE,0.9987
1984,NEGATIVE,0.9624
1985,NEGATIVE,0.9989
1986,NEGATIVE,0.9998
1987,NEGATIVE,0.9865
1988,NEGATIVE,0.8892
1989,NEGATIVE,0.9772
1990,NEGATIVE,0.9912
1991,POSITIVE,0.9195
1992,NEGATIVE,0.9985
1993,NEGATIVE,0.9865
1994,NEGATIVE,0.9716
1995,NEGATIVE,0.9964
1996,POSITIVE,0.9994
1997,POSITIVE,0.9983
1998,NEGATIVE,0.998
1999,NEGATIVE,0.9817
2000,POSITIVE,0.9998
2001,NEGATIVE,0.9824
2002,POSITIVE,0.9991
2003,NEGATIVE,0.9912
2004,POSITIVE,0.9996
2005,POSITIVE,0.9514
2006,NEGATIVE,0.9851
2007,POSITIVE,0.8052
2008,POSITIVE,0.9992
2009,NEGATIVE,0.6928
2010,NEGATIVE,0.9934
2011,NEGATIVE,0.9274
2012,NEGATIVE,0.9982
2013,POSITIVE,0.9697
2014,NEGATIVE,0.9446
2015,POSITIVE,0.9988
2016,NEGATIVE,0.996
2017,POSITIVE,0.9256
2018,POSITIVE,0.9381
