0,POSITIVE,0.7662
1,NEGATIVE,0.9803
2,NEGATIVE,0.9935
3,NEGATIVE,0.9892
4,NEGATIVE,0.9997
5,POSITIVE,0.9977
6,NEGATIVE,0.6088
7,POSITIVE,0.9996
8,POSITIVE,0.6764
9,POSITIVE,0.9993
10,NEGATIVE,0.9989
11,POSITIVE,0.9991
12,POSITIVE,0.9946
13,POSITIVE,0.9997
14,POSITIVE,0.9734
15,POSITIVE,0.9488
16,POSITIVE,0.6862
17,POSITIVE,0.985
18,NEGATIVE,0.9929
19,NEGATIVE,0.9992
20,NEGATIVE,0.9986
21,NEGATIVE,0.987
22,NEGATIVE,0.9378
23,POSITIVE,0.9993
24,NEGATIVE,0.503
25,POSITIVE,0.9166
26,NEGATIVE,0.9995
27,NEGATIVE,0.9998
28,POSITIVE,0.9997
29,POSITIVE,0.9918
30,POSITIVE,0.9762
31,POSITIVE,0.9949
32,NEGATIVE,0.9283
33,POSITIVE,0.9933
34,POSITIVE,0.998
35,NEGATIVE,0.9897
36,POSITIVE,0.9938
37,NEGATIVE,0.9994
38,NEGATIVE,0.9552
39,NEGATIVE,0.9993
40,NEGATIVE,0.9971
41,NEGATIVE,0.8605
42,NEGATIVE,0.935
43,NEGATIVE,0.5148
44,NEGATIVE,0.9864
45,POSITIVE,0.9965
46,NEGATIVE,0.9926
47,NEGATIVE,0.9995
48,NEGATIVE,0.995
49,NEGATIVE,0.9993
50,POSITIVE,0.9949
51,POSITIVE,0.9997
52,NEGATIVE,0.9979
53,NEGATIVE,0.9855
54,NEGATIVE,0.9973
55,POSITIVE,0.7856
56,NEGATIVE,0.996
57,NEGATIVE,0.9992
58,POSITIVE,0.9993
59,POSITIVE,0.8116
60,NEGATIVE,0.9985
61,POSITIVE,0.9997
62,POSITIVE,0.9997
63,NEGATIVE,0.9
64,NEGATIVE,0.998
65,POSITIVE,0.9956
66,POSITIVE,0.9984
67,NEGATIVE,0.987
68,POSITIVE,0.9973
69,POSITIVE,0.9914
70,POSITIVE,0.9994
71,POSITIVE,0.9955
72,NEGATIVE,0.9953
73,POSITIVE,0.9998
74,POSITIVE,0.9996
75,NEGATIVE,0.9987
76,NEGATIVE,0.9902
77,NEGATIVE,0.9992
78,NEGATIVE,0.9956
79,NEGATIVE,0.9991
80,POSITIVE,0.9996
81,NEGATIVE,0.9678
82,NEGATIVE,0.9996
83,POSITIVE,0.9998
84,NEGATIVE,0.9986
85,NEGATIVE,0.9585
86,POSITIVE,0.9992
87,POSITIVE,0.9986
88,NEGATIVE,0.9962
89,POSITIVE,0.9964
90,POSITIVE,0.8925
91,NEGATIVE,0.9975
92,NEGATIVE,0.9998
93,POSITIVE,0.982
94,POSITIVE,0.9997
95,NEGATIVE,0.9989
96,NEGATIVE,0.9363
97,NEGATIVE,0.9934
98,POSITIVE,0.999
99,NEGATIVE,0.9995
100,NEGATIVE,0.9857
101,NEGATIVE,0.7244
102,POSITIVE,0.998
103,POSITIVE,0.999
104,POSITIVE,0.9979
105,NEGATIVE,0.9851
106,NEGATIVE,0.9989
107,NEGATIVE,0.9996
108,NEGATIVE,0.9676
109,NEGATIVE,0.9934
110,POSITIVE,0.8562
111,NEGATIVE,0.8976
112,POSITIVE,0.9998
113,NEGATIVE,0.9998
114,NEGATIVE,0.6782
115,POSITIVE,0.9941
116,POSITIVE,0.9998
117,NEGATIVE,0.9286
118,NEGATIVE,0.9987
119,POSITIVE,0.9997
120,NEGATIVE,0.998
121,POSITIVE,0.8919
122,POSITIVE,0.9998
123,NEGATIVE,0.9994
124,POSITIVE,0.9996
125,NEGATIVE,0.9982
126,NEGATIVE,0.9996
127,NEGATIVE,0.9886
128,NEGATIVE,0.9777
129,NEGATIVE,0.9702
130,NEGATIVE,0.9939
131,POSITIVE,0.9998
132,NEGATIVE,0.9543
133,NEGATIVE,0.8932
134,NEGATIVE,0.9989
135,NEGATIVE,0.9996
136,NEGATIVE,0.9976
137,NEGATIVE,0.9896
138,NEGATIVE,0.9975
139,POSITIVE,0.9993
140,POSITIVE,0.9949
141,NEGATIVE,0.9995
142,POSITIVE,0.9819
143,NEGATIVE,0.9792
144,NEGATIVE,0.9921
145,NEGATIVE,0.9994
146,NEGATIVE,0.9815
147,POSITIVE,0.9998
148,POSITIVE,0.9963
149,POSITIVE,0.9998
150,NEGATIVE,0.9651
151,POSITIVE,0.9467
152,POSITIVE,0.9994
153,NEGATIVE,0.9993
154,NEGATIVE,0.9875
155,NEGATIVE,0.9988
156,POSITIVE,0.9973
157,POSITIVE,0.9527
158,NEGATIVE,0.9676
159,NEGATIVE,0.7964
160,POSITIVE,0.986
161,NEGATIVE,0.9645
162,POSITIVE,0.9998
163,NEGATIVE,0.9808
164,POSITIVE,0.9985
165,POSITIVE,0.976
166,NEGATIVE,0.7565
167,NEGATIVE,0.9995
168,POSITIVE,0.9982
169,POSITIVE,0.9998
170,NEGATIVE,0.9708
171,POSITIVE,0.826
172,POSITIVE,0.9999
173,NEGATIVE,0.913
174,NEGATIVE,0.9888
175,POSITIVE,0.9992
176,POSITIVE,0.6833
177,NEGATIVE,0.9901
178,POSITIVE,0.9696
179,NEGATIVE,0.9378
180,POSITIVE,0.9901
181,NEGATIVE,0.9962
182,NEGATIVE,0.9966
183,NEGATIVE,0.9958
184,POSITIVE,0.6084
185,POSITIVE,0.9947
186,POSITIVE,0.9814
187,POSITIVE,0.9886
188,NEGATIVE,0.9972
189,POSITIVE,0.9974
190,POSITIVE,0.9791
191,POSITIVE,0.9998
192,NEGATIVE,0.9925
193,POSITIVE,0.9363
194,POSITIVE,0.9977
195,NEGATIVE,0.9901
196,POSITIVE,0.9994
197,NEGATIVE,0.9794
198,POSITIVE,0.9925
199,NEGATIVE,0.6765
200,NEGATIVE,0.996
201,POSITIVE,0.9914
202,POSITIVE,0.9928
203,POSITIVE,0.9998
204,NEGATIVE,0.9983
205,POSITIVE,0.9979
206,POSITIVE,0.9974
207,POSITIVE,0.6845
208,POSITIVE,0.9997
209,POSITIVE,0.838
210,POSITIVE,0.9805
211,POSITIVE,0.9999
212,NEGATIVE,0.9993
213,POSITIVE,0.9815
214,POSITIVE,0.9972
215,NEGATIVE,0.9997
216,POSITIVE,0.9949
217,POSITIVE,0.9998
218,POSITIVE,0.993
219,POSITIVE,0.9996
220,POSITIVE,0.9483
221,POSITIVE,0.9997
222,NEGATIVE,0.9966
223,NEGATIVE,0.7292
224,POSITIVE,0.9996
225,NEGATIVE,0.9958
226,POSITIVE,0.9999
227,NEGATIVE,0.9967
228,POSITIVE,0.9616
229,POSITIVE,0.9995
230,NEGATIVE,0.6287
231,NEGATIVE,0.994
232,POSITIVE,0.995
233,POSITIVE,0.9985
234,POSITIVE,0.9997
235,NEGATIVE,0.9936
236,POSITIVE,0.9992
237,NEGATIVE,0.9931
238,POSITIVE,0.9986
239,POSITIVE,0.9993
240,POSITIVE,0.9998
241,NEGATIVE,0.9799
242,NEGATIVE,0.9856
243,POSITIVE,0.9652
244,POSITIVE,0.9992
245,POSITIVE,0.9956
246,NEGATIVE,0.9453
247,NEGATIVE,0.9976
248,NEGATIVE,0.9708
249,POSITIVE,0.9906
250,NEGATIVE,0.9972
251,NEGATIVE,0.9944
252,POSITIVE,0.9999
253,NEGATIVE,0.9774
254,NEGATIVE,0.9921
255,POSITIVE,0.9998
256,POSITIVE,0.9998
257,NEGATIVE,0.9992
258,POSITIVE,0.9907
259,POSITIVE,0.9997
260,NEGATIVE,0.9993
261,NEGATIVE,0.9809
262,NEGATIVE,0.9992
263,NEGATIVE,0.9994
264,POSITIVE,0.636
265,POSITIVE,0.9983
266,POSITIVE,0.9865
267,POSITIVE,0.9998
268,NEGATIVE,0.9943
269,NEGATIVE,0.99
270,POSITIVE,0.9948
271,POSITIVE,0.9948
272,POSITIVE,0.9978
273,POSITIVE,0.9993
274,NEGATIVE,0.9841
275,NEGATIVE,0.9946
276,NEGATIVE,0.9678
277,NEGATIVE,0.9972
278,POSITIVE,0.9981
279,POSITIVE,0.9961
280,POSITIVE,0.8508
281,NEGATIVE,0.941
282,POSITIVE,0.9999
283,POSITIVE,0.9994
284,NEGATIVE,0.9953
285,POSITIVE,0.9993
286,NEGATIVE,0.9435
287,POSITIVE,0.9976
288,POSITIVE,0.9992
289,POSITIVE,0.9998
290,NEGATIVE,0.9993
291,NEGATIVE,0.9985
292,NEGATIVE,0.9991
293,NEGATIVE,0.9982
294,POSITIVE,0.9994
295,POSITIVE,0.9998
296,POSITIVE,0.9977
297,POSITIVE,0.8509
298,NEGATIVE,0.9955
299,NEGATIVE,0.9904
300,NEGATIVE,0.9949
301,POSITIVE,0.9969
302,NEGATIVE,0.9994
303,NEGATIVE,0.9761
304,POSITIVE,0.9987
305,POSITIVE,0.9994
306,POSITIVE,0.9988
307,POSITIVE,0.8995
308,NEGATIVE,0.9315
309,NEGATIVE,0.8021
310,NEGATIVE,0.998
311,POSITIVE,0.9946
312,POSITIVE,0.9208
313,POSITIVE,0.9998
314,POSITIVE,0.9529
315,POSITIVE,0.9946
316,POSITIVE,0.9993
317,NEGATIVE,0.9856
318,POSITIVE,0.9997
319,POSITIVE,0.9503
320,NEGATIVE,0.9987
321,NEGATIVE,0.9991
322,POSITIVE,0.9989
323,NEGATIVE,0.9997
324,NEGATIVE,0.7913
325,NEGATIVE,0.9976
326,POSITIVE,0.9974
327,NEGATIVE,0.9962
328,POSITIVE,0.9999
329,POSITIVE,0.9971
330,POSITIVE,0.9986
331,POSITIVE,0.9936
332,NEGATIVE,0.946
333,POSITIVE,0.9998
334,POSITIVE,0.9994
335,POSITIVE,0.9996
336,NEGATIVE,0.9996
337,POSITIVE,0.9998
338,NEGATIVE,0.9987
339,NEGATIVE,0.9972
340,NEGATIVE,0.9514
341,NEGATIVE,0.9958
342,NEGATIVE,0.854
343,POSITIVE,0.9989
344,POSITIVE,0.9998
345,NEGATIVE,0.9984
346,POSITIVE,0.9987
347,NEGATIVE,0.9814
348,NEGATIVE,0.9937
349,NEGATIVE,0.9995
350,POSITIVE,0.9192
351,NEGATIVE,0.9609
352,NEGATIVE,0.9847
353,POSITIVE,0.9955
354,NEGATIVE,0.9266
355,POSITIVE,0.9944
356,POSITIVE,0.6907
357,NEGATIVE,0.9822
358,POSITIVE,0.9984
359,POSITIVE,0.9975
360,POSITIVE,0.9987
361,NEGATIVE,0.9981
362,NEGATIVE,0.7252
363,NEGATIVE,0.9811
364,NEGATIVE,0.9985
365,NEGATIVE,0.9995
366,POSITIVE,0.9217
367,POSITIVE,0.6911
368,POSITIVE,0.9978
369,POSITIVE,0.9965
370,POSITIVE,0.9998
371,NEGATIVE,0.9972
372,NEGATIVE,0.9996
373,NEGATIVE,0.9929
374,NEGATIVE,0.9751
375,NEGATIVE,0.9846
376,POSITIVE,0.9997
377,NEGATIVE,0.9978
378,NEGATIVE,0.9957
379,POSITIVE,0.9905
380,NEGATIVE,0.9517
381,NEGATIVE,0.9969
382,POSITIVE,0.9985
383,NEGATIVE,0.9975
384,POSITIVE,0.999
385,POSITIVE,0.8408
386,POSITIVE,0.8612
387,POSITIVE,0.9991
388,POSITIVE,0.9963
389,NEGATIVE,0.9826
390,NEGATIVE,0.927
391,POSITIVE,0.9946
392,POSITIVE,0.9999
393,POSITIVE,0.9995
394,NEGATIVE,0.9426
395,POSITIVE,0.9995
396,NEGATIVE,0.9944
397,NEGATIVE,0.9518
398,NEGATIVE,0.9986
399,NEGATIVE,0.9203
400,NEGATIVE,0.9186
401,POSITIVE,0.9998
402,POSITIVE,0.9985
403,NEGATIVE,0.9933
404,POSITIVE,0.9603
405,NEGATIVE,0.9506
406,NEGATIVE,0.999
407,POSITIVE,0.9924
408,NEGATIVE,0.9054
409,NEGATIVE,0.7307
410,POSITIVE,0.9915
411,POSITIVE,0.7953
412,POSITIVE,0.997
413,POSITIVE,0.9765
414,POSITIVE,0.9901
415,NEGATIVE,0.9987
416,NEGATIVE,0.9965
417,NEGATIVE,0.9997
418,POSITIVE,0.9978
419,POSITIVE,0.9998
420,POSITIVE,0.9999
421,NEGATIVE,0.9854
422,POSITIVE,0.9997
423,NEGATIVE,0.9961
424,NEGATIVE,0.9994
425,POSITIVE,0.9767
426,NEGATIVE,0.9957
427,POSITIVE,0.9998
428,NEGATIVE,0.9976
429,NEGATIVE,0.9751
430,NEGATIVE,0.9997
431,POSITIVE,0.889
432,POSITIVE,0.9998
433,NEGATIVE,0.9965
434,NEGATIVE,0.9997
435,POSITIVE,0.9953
436,NEGATIVE,0.9918
437,NEGATIVE,0.9942
438,POSITIVE,0.9964
439,POSITIVE,0.9999
440,NEGATIVE,0.9879
441,POSITIVE,0.9991
442,POSITIVE,0.9996
443,POSITIVE,0.9997
444,NEGATIVE,0.9891
445,POSITIVE,0.9992
446,POSITIVE,0.9748
447,NEGATIVE,0.954
448,POSITIVE,0.9503
449,NEGATIVE,0.9984
450,POSITIVE,0.9999
451,POSITIVE,0.9998
452,POSITIVE,0.9999
453,NEGATIVE,0.999
454,NEGATIVE,0.5163
455,POSITIVE,0.9999
456,POSITIVE,0.9996
457,POSITIVE,0.8987
458,POSITIVE,0.9902
459,NEGATIVE,0.8981
460,POSITIVE,0.9523
461,POSITIVE,0.9998
462,NEGATIVE,0.9985
463,POSITIVE,0.783
464,POSITIVE,0.9975
465,POSITIVE,0.9984
466,NEGATIVE,0.9985
467,NEGATIVE,0.7361
468,POSITIVE,0.7863
469,POSITIVE,0.9997
470,POSITIVE,0.8981
471,NEGATIVE,0.9985
472,NEGATIVE,0.9428
473,POSITIVE,0.9995
474,NEGATIVE,0.9943
475,NEGATIVE,0.9998
476,NEGATIVE,0.9985
477,NEGATIVE,0.9976
478,NEGATIVE,0.9929
479,POSITIVE,0.9923
480,NEGATIVE,0.9751
481,POSITIVE,0.9903
482,NEGATIVE,0.9383
483,NEGATIVE,0.9916
484,NEGATIVE,0.9997
485,NEGATIVE,0.9908
486,NEGATIVE,0.982
487,NEGATIVE,0.999
488,POSITIVE,0.999
489,POSITIVE,0.9949
490,NEGATIVE,0.9707
491,POSITIVE,0.9999
492,POSITIVE,0.9989
493,NEGATIVE,0.9421
494,NEGATIVE,0.999
495,POSITIVE,0.9703
496,NEGATIVE,0.9982
497,POSITIVE,0.9986
498,NEGATIVE,0.9861
499,NEGATIVE,0.9877
500,NEGATIVE,0.9734
501,NEGATIVE,0.9612
502,POSITIVE,0.9961
503,POSITIVE,0.997
504,NEGATIVE,0.8901
505,POSITIVE,0.9782
506,NEGATIVE,0.9924
507,NEGATIVE,0.999
508,POSITIVE,0.9969
509,NEGATIVE,0.9996
510,NEGATIVE,0.9955
511,POSITIVE,0.9646
512,NEGATIVE,0.9997
513,POSITIVE,0.9997
514,NEGATIVE,0.9933
515,NEGATIVE,0.9996
516,NEGATIVE,0.9806
517,NEGATIVE,0.9985
518,NEGATIVE,0.9998
519,NEGATIVE,0.9744
520,NEGATIVE,0.9959
521,POSITIVE,0.9994
522,POSITIVE,0.9787
523,NEGATIVE,0.9727
524,POSITIVE,0.9767
525,NEGATIVE,0.7461
526,NEGATIVE,0.9992
527,POSITIVE,0.9988
528,NEGATIVE,0.9349
529,POSITIVE,0.9822
530,NEGATIVE,0.9961
531,POSITIVE,0.9949
532,NEGATIVE,0.9129
533,NEGATIVE,0.9988
534,POSITIVE,0.9924
535,POSITIVE,0.9996
536,POSITIVE,0.9981
537,POSITIVE,0.9989
538,NEGATIVE,0.9968
539,NEGATIVE,0.9816
540,POSITIVE,0.9543
541,NEGATIVE,0.9984
542,NEGATIVE,0.9861
543,NEGATIVE,0.9958
544,POSITIVE,0.9998
545,POSITIVE,0.9973
546,NEGATIVE,0.9925
547,NEGATIVE,0.7303
548,NEGATIVE,0.9856
549,POSITIVE,0.9987
550,POSITIVE,0.833
551,POSITIVE,0.9997
552,NEGATIVE,0.9604
553,NEGATIVE,0.9969
554,NEGATIVE,0.9997
555,POSITIVE,0.9986
556,POSITIVE,0.8305
557,NEGATIVE,0.9916
558,POSITIVE,0.9734
559,NEGATIVE,0.5073
560,NEGATIVE,0.9903
561,NEGATIVE,0.9946
562,NEGATIVE,0.8131
563,POSITIVE,0.9994
564,POSITIVE,0.9677
565,POSITIVE,0.6939
566,POSITIVE,0.9996
567,POSITIVE,0.9995
568,POSITIVE,0.7569
569,POSITIVE,0.9897
570,POSITIVE,0.9984
571,POSITIVE,0.7769
572,NEGATIVE,0.9852
573,POSITIVE,0.9334
574,POSITIVE,0.9995
575,POSITIVE,0.993
576,POSITIVE,0.9998
577,POSITIVE,0.9972
578,POSITIVE,0.9997
579,POSITIVE,0.9997
580,POSITIVE,0.9997
581,POSITIVE,0.9999
582,NEGATIVE,0.9854
583,NEGATIVE,0.9679
584,NEGATIVE,0.999
585,POSITIVE,0.977
586,POSITIVE,0.9807
587,POSITIVE,0.9997
588,POSITIVE,0.9954
589,POSITIVE,0.9999
590,NEGATIVE,0.9989
591,NEGATIVE,0.9817
592,NEGATIVE,0.816
593,NEGATIVE,0.677
594,POSITIVE,0.8768
595,POSITIVE,0.9302
596,POSITIVE,0.9867
597,NEGATIVE,0.962
598,NEGATIVE,0.9967
599,NEGATIVE,0.9776
600,POSITIVE,0.9963
601,POSITIVE,0.8392
602,POSITIVE,0.9997
603,NEGATIVE,0.9989
604,POSITIVE,0.9997
605,POSITIVE,0.9522
606,POSITIVE,0.999
607,NEGATIVE,0.983
608,POSITIVE,0.9832
609,NEGATIVE,0.976
610,POSITIVE,0.9989
611,POSITIVE,0.991
612,NEGATIVE,0.9995
613,POSITIVE,0.5603
614,NEGATIVE,0.8863
615,NEGATIVE,0.9606
616,POSITIVE,0.5553
617,POSITIVE,0.9754
618,POSITIVE,0.9996
619,NEGATIVE,0.9992
620,POSITIVE,0.9548
621,POSITIVE,0.9998
622,POSITIVE,0.9878
623,NEGATIVE,0.9199
624,POSITIVE,0.6325
625,NEGATIVE,0.8959
626,NEGATIVE,0.9996
627,NEGATIVE,0.9996
628,NEGATIVE,0.9427
629,POSITIVE,0.9984
630,NEGATIVE,0.9883
631,NEGATIVE,0.9946
632,NEGATIVE,0.9825
633,NEGATIVE,0.8969
634,NEGATIVE,0.9969
635,POSITIVE,0.9725
636,POSITIVE,0.6817
637,NEGATIVE,0.9972
638,POSITIVE,0.9984
639,POSITIVE,0.9999
640,POSITIVE,0.9999
641,POSITIVE,0.9996
642,NEGATIVE,0.9907
643,NEGATIVE,0.9271
644,POSITIVE,0.9996
645,POSITIVE,0.9789
646,POSITIVE,0.9997
647,POSITIVE,0.9994
648,NEGATIVE,0.6951
649,POSITIVE,0.9998
650,POSITIVE,0.9998
651,POSITIVE,0.9984
652,NEGATIVE,0.8819
653,POSITIVE,0.9991
654,POSITIVE,0.9981
655,POSITIVE,0.993
656,NEGATIVE,0.9995
657,POSITIVE,0.5716
658,POSITIVE,0.9701
659,POSITIVE,0.9996
660,NEGATIVE,0.9835
661,NEGATIVE,0.9904
662,NEGATIVE,0.9731
663,NEGATIVE,0.9978
664,POSITIVE,0.9703
665,POSITIVE,0.9565
666,POSITIVE,0.9943
667,NEGATIVE,0.9939
668,POSITIVE,0.9947
669,POSITIVE,0.9999
670,NEGATIVE,0.9963
671,NEGATIVE,0.5065
672,POSITIVE,0.9265
673,POSITIVE,0.6091
674,NEGATIVE,0.5851
675,POSITIVE,0.9945
676,POSITIVE,0.9996
677,POSITIVE,0.9989
678,POSITIVE,0.9976
679,NEGATIVE,0.9475
680,POSITIVE,0.9636
681,NEGATIVE,0.9995
682,POSITIVE,0.9997
683,POSITIVE,0.9998
684,NEGATIVE,0.9965
685,POSITIVE,0.9478
686,NEGATIVE,0.9862
687,POSITIVE,0.9998
688,POSITIVE,0.9936
689,NEGATIVE,0.995
690,NEGATIVE,0.9965
691,POSITIVE,0.9966
692,NEGATIVE,0.8105
693,NEGATIVE,0.9726
694,NEGATIVE,0.9964
695,NEGATIVE,0.9934
696,NEGATIVE,0.86
697,POSITIVE,0.9986
698,POSITIVE,0.9978
699,NEGATIVE,0.9682
700,POSITIVE,0.9994
701,NEGATIVE,0.988
702,NEGATIVE,0.9242
703,NEGATIVE,0.9674
704,NEGATIVE,0.8683
705,NEGATIVE,0.993
706,NEGATIVE,0.9973
707,NEGATIVE,0.9704
708,NEGATIVE,0.8017
709,POSITIVE,0.9966
710,POSITIVE,0.9998
711,NEGATIVE,0.998
712,POSITIVE,0.9998
713,POSITIVE,0.8369
714,NEGATIVE,0.9995
715,POSITIVE,0.9958
716,NEGATIVE,0.9991
717,NEGATIVE,0.9457
718,POSITIVE,0.9998
719,NEGATIVE,0.6329
720,NEGATIVE,0.718
721,POSITIVE,0.9998
722,NEGATIVE,0.9565
723,NEGATIVE,0.9967
724,NEGATIVE,0.9693
725,NEGATIVE,0.9925
726,POSITIVE,0.9805
727,POSITIVE,0.9999
728,NEGATIVE,0.9997
729,POSITIVE,0.999
730,POSITIVE,0.9996
731,NEGATIVE,0.994
732,NEGATIVE,0.992
733,NEGATIVE,0.9983
734,POSITIVE,0.9997
735,NEGATIVE,0.9894
736,NEGATIVE,0.9968
737,NEGATIVE,0.9969
738,NEGATIVE,0.9977
739,POSITIVE,0.9999
740,NEGATIVE,0.9985
741,NEGATIVE,0.9846
742,POSITIVE,0.9959
743,NEGATIVE,0.9986
744,POSITIVE,0.9998
745,NEGATIVE,0.9987
746,POSITIVE,0.9966
747,NEGATIVE,0.9943
748,POSITIVE,0.9222
749,NEGATIVE,0.9801
750,NEGATIVE,0.9552
751,POSITIVE,0.9992
752,NEGATIVE,0.9811
753,POSITIVE,0.9487
754,POSITIVE,0.9985
755,POSITIVE,0.9725
756,POSITIVE,0.9999
757,POSITIVE,0.9921
758,POSITIVE,0.9996
759,NEGATIVE,0.9864
760,POSITIVE,0.9902
761,NEGATIVE,0.9985
762,POSITIVE,0.9977
763,NEGATIVE,0.8816
764,NEGATIVE,0.5748
765,POSITIVE,0.9974
766,POSITIVE,0.9945
767,NEGATIVE,0.9981
768,POSITIVE,0.9998
769,NEGATIVE,0.9701
770,NEGATIVE,0.9969
771,NEGATIVE,0.9989
772,NEGATIVE,0.9941
773,POSITIVE,0.9991
774,POSITIVE,0.9996
775,POSITIVE,0.999
776,NEGATIVE,0.9969
777,POSITIVE,0.9989
778,NEGATIVE,0.9755
779,NEGATIVE,0.51
780,POSITIVE,0.9985
781,NEGATIVE,0.8646
782,POSITIVE,0.995
783,NEGATIVE,0.8894
784,NEGATIVE,0.998
785,NEGATIVE,0.6974
786,NEGATIVE,0.9934
787,NEGATIVE,0.9977
788,NEGATIVE,0.9915
789,POSITIVE,0.9995
790,NEGATIVE,0.9932
791,POSITIVE,0.9996
792,NEGATIVE,0.9971
793,NEGATIVE,0.8062
794,POSITIVE,0.9998
795,POSITIVE,0.9996
796,NEGATIVE,0.9997
797,POSITIVE,0.9134
798,POSITIVE,0.9977
799,POSITIVE,0.9624
800,NEGATIVE,0.9916
801,NEGATIVE,0.9932
802,NEGATIVE,0.7287
803,NEGATIVE,0.9301
804,NEGATIVE,0.8887
805,NEGATIVE,0.9961
806,POSITIVE,0.9782
807,POSITIVE,0.9999
808,POSITIVE,0.8853
809,NEGATIVE,0.9996
810,NEGATIVE,0.9944
811,NEGATIVE,0.9876
812,NEGATIVE,0.999
813,NEGATIVE,0.9969
814,NEGATIVE,0.9606
815,POSITIVE,0.999
816,POSITIVE,0.9988
817,NEGATIVE,0.9641
818,NEGATIVE,0.9949
819,NEGATIVE,0.9998
820,NEGATIVE,0.9644
821,POSITIVE,0.9997
822,POSITIVE,0.9999
823,NEGATIVE,0.9996
824,POSITIVE,0.9854
825,POSITIVE,0.997
826,POSITIVE,0.999
827,NEGATIVE,0.9989
828,NEGATIVE,0.8958
829,POSITIVE,0.9996
830,NEGATIVE,0.9959
831,NEGATIVE,0.9686
832,NEGATIVE,0.9756
833,NEGATIVE,0.9807
834,POSITIVE,0.9913
835,POSITIVE,0.9935
836,NEGATIVE,0.9976
837,NEGATIVE,0.9995
838,POSITIVE,0.9999
839,POSITIVE,0.9706
840,NEGATIVE,0.7191
841,NEGATIVE,0.9998
842,NEGATIVE,0.9961
843,NEGATIVE,0.9165
844,POSITIVE,0.9959
845,POSITIVE,0.9987
846,POSITIVE,0.9976
847,NEGATIVE,0.9987
848,NEGATIVE,0.9993
849,NEGATIVE,0.989
850,NEGATIVE,0.9955
851,POSITIVE,0.9966
852,POSITIVE,0.7067
853,NEGATIVE,0.9561
854,NEGATIVE,0.9976
855,POSITIVE,0.9394
856,NEGATIVE,0.9803
857,NEGATIVE,0.9986
858,POSITIVE,0.998
859,POSITIVE,0.9685
860,POSITIVE,0.9997
861,POSITIVE,0.9965
862,POSITIVE,0.808
863,NEGATIVE,0.9962
864,NEGATIVE,0.954
865,NEGATIVE,0.9723
866,POSITIVE,0.9998
867,NEGATIVE,0.9858
868,NEGATIVE,0.9995
869,NEGATIVE,0.9998
870,POSITIVE,0.9979
871,POSITIVE,0.9629
872,NEGATIVE,0.9887
873,POSITIVE,0.9991
874,NEGATIVE,0.9963
875,NEGATIVE,0.9988
876,NEGATIVE,0.9793
877,POSITIVE,0.998
878,NEGATIVE,0.9989
879,POSITIVE,0.9958
880,NEGATIVE,0.9949
881,NEGATIVE,0.9982
882,POSITIVE,0.9973
883,NEGATIVE,0.9998
884,NEGATIVE,0.8617
885,NEGATIVE,0.8457
886,NEGATIVE,0.7253
887,POSITIVE,0.9605
888,NEGATIVE,0.9956
889,POSITIVE,0.8663
890,NEGATIVE,0.9994
891,POSITIVE,0.9999
892,NEGATIVE,0.9884
893,NEGATIVE,0.9982
894,POSITIVE,0.9977
895,POSITIVE,0.9998
896,NEGATIVE,0.9994
897,POSITIVE,0.9998
898,POSITIVE,0.7956
899,NEGATIVE,0.9651
900,POSITIVE,0.9999
901,POSITIVE,0.9998
902,NEGATIVE,0.9958
903,NEGATIVE,0.9988
904,NEGATIVE,0.7779
905,NEGATIVE,0.5065
906,POSITIVE,0.9992
907,NEGATIVE,0.9947
908,NEGATIVE,0.9995
909,POSITIVE,0.9998
910,NEGATIVE,0.9965
911,POSITIVE,0.9109
912,POSITIVE,0.9977
913,POSITIVE,0.9994
914,NEGATIVE,0.9989
915,POSITIVE,0.606
916,POSITIVE,0.986
917,POSITIVE,0.9998
918,POSITIVE,0.6126
919,NEGATIVE,0.9973
920,POSITIVE,0.9991
921,NEGATIVE,0.8277
922,POSITIVE,0.9934
923,NEGATIVE,0.9984
924,POSITIVE,0.8566
925,POSITIVE,0.999
926,NEGATIVE,0.9965
927,POSITIVE,0.9944
928,POSITIVE,0.9591
929,POSITIVE,0.9996
930,NEGATIVE,0.9998
931,POSITIVE,0.9983
932,POSITIVE,0.9749
933,NEGATIVE,0.9816
934,NEGATIVE,0.9996
935,NEGATIVE,0.9993
936,NEGATIVE,0.9998
937,POSITIVE,0.9919
938,NEGATIVE,0.9998
939,NEGATIVE,0.9065
940,POSITIVE,0.9974
941,NEGATIVE,0.9976
942,NEGATIVE,0.6546
943,NEGATIVE,0.9686
944,POSITIVE,0.9992
945,POSITIVE,0.9998
946,NEGATIVE,0.9268
947,POSITIVE,0.9997
948,NEGATIVE,0.6383
949,POSITIVE,0.9999
950,POSITIVE,0.9998
951,NEGATIVE,0.9989
952,POSITIVE,0.9944
953,POSITIVE,0.9912
954,POSITIVE,0.9875
955,POSITIVE,0.9997
956,NEGATIVE,0.982
957,POSITIVE,0.9994
958,NEGATIVE,0.9985
959,POSITIVE,0.9924
960,NEGATIVE,0.9996
961,POSITIVE,0.9162
962,NEGATIVE,0.9924
963,NEGATIVE,0.9929
964,POSITIVE,0.6417
965,POSITIVE,0.9856
966,NEGATIVE,0.9991
967,POSITIVE,0.9991
968,POSITIVE,0.9998
969,NEGATIVE,0.9282
970,NEGATIVE,0.9958
971,POSITIVE,0.8617
972,NEGATIVE,0.9791
973,POSITIVE,0.9999
974,POSITIVE,0.9999
975,NEGATIVE,0.9984
976,POSITIVE,0.9104
977,NEGATIVE,0.5982
978,POSITIVE,0.9996
979,POSITIVE,0.9998
980,NEGATIVE,0.9996
981,POSITIVE,0.5908
982,NEGATIVE,0.9976
983,POSITIVE,0.9984
984,NEGATIVE,0.9091
985,NEGATIVE,0.9996
986,POSITIVE,0.9933
987,NEGATIVE,0.8167
988,NEGATIVE,0.9986
989,POSITIVE,0.9996
990,NEGATIVE,0.9736
991,POSITIVE,0.9877
992,NEGATIVE,0.9777
993,POSITIVE,0.9992
994,POSITIVE,0.9996
995,POSITIVE,0.9997
996,NEGATIVE,0.9497
997,NEGATIVE,0.9766
998,POSITIVE,0.9994
999,NEGATIVE,0.9932
1000,POSITIVE,0.9733
1001,POSITIVE,0.9993
1002,NEGATIVE,0.7319
1003,NEGATIVE,0.9914
1004,NEGATIVE,0.9755
1005,POSITIVE,0.9992
1006,NEGATIVE,0.9961
1007,POSITIVE,0.9789
1008,POSITIVE,0.9814
1009,POSITIVE,0.9997
1010,POSITIVE,0.9899
1011,NEGATIVE,0.9613
1012,POSITIVE,0.9996
1013,POSITIVE,0.9999
1014,NEGATIVE,0.9972
1015,NEGATIVE,0.9752
1016,NEGATIVE,0.9997
1017,NEGATIVE,0.9835
1018,NEGATIVE,0.9984
1019,POSITIVE,0.9948
1020,POSITIVE,0.995
1021,POSITIVE,0.9785
1022,NEGATIVE,0.9261
1023,NEGATIVE,0.8683
1024,POSITIVE,0.9995
1025,POSITIVE,0.9998
1026,NEGATIVE,0.999
1027,NEGATIVE,0.9901
1028,NEGATIVE,0.8328
1029,NEGATIVE,0.9993
1030,POSITIVE,0.9978
1031,NEGATIVE,0.9947
1032,POSITIVE,0.9998
1033,POSITIVE,0.9994
1034,NEGATIVE,0.8224
1035,POSITIVE,0.9106
1036,NEGATIVE,0.9952
1037,NEGATIVE,0.9952
1038,NEGATIVE,0.9933
1039,POSITIVE,0.9997
1040,POSITIVE,0.9942
1041,NEGATIVE,0.9993
1042,NEGATIVE,0.6996
1043,NEGATIVE,0.9979
1044,POSITIVE,0.9999
1045,NEGATIVE,0.9993
1046,NEGATIVE,0.9868
1047,POSITIVE,0.9979
1048,POSITIVE,0.9996
1049,POSITIVE,0.9927
1050,POSITIVE,0.9997
1051,NEGATIVE,0.9979
1052,NEGATIVE,0.9881
1053,POSITIVE,0.7764
1054,POSITIVE,0.6871
1055,POSITIVE,0.9779
1056,NEGATIVE,0.9845
1057,POSITIVE,0.9998
1058,POSITIVE,0.9996
1059,POSITIVE,0.9998
1060,NEGATIVE,0.9981
1061,POSITIVE,0.994
1062,POSITIVE,0.9975
1063,NEGATIVE,0.9974
1064,NEGATIVE,0.9934
1065,POSITIVE,0.9996
1066,POSITIVE,0.9989
1067,POSITIVE,0.7159
1068,POSITIVE,0.9968
1069,POSITIVE,0.996
1070,NEGATIVE,0.9996
1071,NEGATIVE,0.998
1072,POSITIVE,0.5315
1073,POSITIVE,0.9989
1074,POSITIVE,0.9998
1075,POSITIVE,0.9967
1076,NEGATIVE,0.9969
1077,NEGATIVE,0.9727
1078,NEGATIVE,0.9955
1079,NEGATIVE,0.9445
1080,POSITIVE,0.9679
1081,NEGATIVE,0.9996
1082,NEGATIVE,0.9994
1083,NEGATIVE,0.9985
1084,NEGATIVE,0.9873
1085,NEGATIVE,0.9992
1086,NEGATIVE,0.9881
1087,POSITIVE,0.9993
1088,NEGATIVE,0.9915
1089,POSITIVE,0.9697
1090,NEGATIVE,0.9997
1091,POSITIVE,0.9997
1092,NEGATIVE,0.9979
1093,POSITIVE,0.9982
1094,POSITIVE,0.9697
1095,POSITIVE,0.9941
1096,POSITIVE,0.9988
1097,POSITIVE,0.8733
1098,NEGATIVE,0.9847
1099,NEGATIVE,0.9834
1100,POSITIVE,0.9985
1101,POSITIVE,0.9134
1102,POSITIVE,0.9971
1103,POSITIVE,0.9992
1104,POSITIVE,0.9999
1105,NEGATIVE,0.7142
1106,NEGATIVE,0.9985
1107,NEGATIVE,0.9912
1108,NEGATIVE,0.9876
1109,POSITIVE,0.5112
1110,NEGATIVE,0.9867
1111,POSITIVE,0.9841
1112,NEGATIVE,0.9932
1113,POSITIVE,0.9907
1114,NEGATIVE,0.9983
1115,NEGATIVE,0.9975
1116,NEGATIVE,0.8744
1117,NEGATIVE,0.9915
1118,POSITIVE,0.9525
1119,POSITIVE,0.9977
1120,POSITIVE,0.9993
1121,NEGATIVE,0.9957
1122,NEGATIVE,0.9544
1123,POSITIVE,0.8619
1124,NEGATIVE,0.9699
1125,NEGATIVE,0.8793
1126,POSITIVE,0.9921
1127,POSITIVE,0.9999
1128,POSITIVE,0.9995
1129,NEGATIVE,0.9793
1130,POSITIVE,0.9998
1131,POSITIVE,0.9997
1132,NEGATIVE,0.9989
1133,POSITIVE,0.854
1134,NEGATIVE,0.9989
1135,NEGATIVE,0.9991
1136,NEGATIVE,0.9745
1137,POSITIVE,0.9963
1138,POSITIVE,0.999
1139,NEGATIVE,0.8958
1140,POSITIVE,0.9935
1141,NEGATIVE,0.5081
1142,NEGATIVE,0.9991
1143,NEGATIVE,0.9928
1144,POSITIVE,0.9994
1145,NEGATIVE,0.9939
1146,POSITIVE,0.9993
1147,POSITIVE,0.9967
1148,POSITIVE,0.9993
1149,POSITIVE,0.9998
1150,NEGATIVE,0.9988
1151,POSITIVE,0.9996
1152,NEGATIVE,0.9915
1153,POSITIVE,0.9995
1154,POSITIVE,0.9977
1155,POSITIVE,0.999
1156,POSITIVE,0.9908
1157,NEGATIVE,0.9103
1158,NEGATIVE,0.5659
1159,POSITIVE,0.9991
1160,POSITIVE,0.9978
1161,NEGATIVE,0.9909
1162,POSITIVE,0.9813
1163,POSITIVE,0.9948
1164,POSITIVE,0.9752
1165,NEGATIVE,0.9997
1166,NEGATIVE,0.9768
1167,NEGATIVE,0.9233
1168,NEGATIVE,0.9988
1169,NEGATIVE,0.9997
1170,POSITIVE,0.9997
1171,NEGATIVE,0.9988
1172,NEGATIVE,0.7954
1173,POSITIVE,0.9996
1174,NEGATIVE,0.9468
1175,NEGATIVE,0.9976
1176,POSITIVE,0.9999
1177,NEGATIVE,0.9998
1178,POSITIVE,0.9954
1179,NEGATIVE,0.9903
1180,POSITIVE,0.9966
1181,POSITIVE,0.9988
1182,NEGATIVE,0.9985
1183,NEGATIVE,0.9952
1184,POSITIVE,0.8648
1185,NEGATIVE,0.9938
1186,POSITIVE,0.9955
1187,NEGATIVE,0.9988
1188,POSITIVE,0.9965
1189,POSITIVE,0.9998
1190,POSITIVE,0.9984
1191,POSITIVE,0.8084
1192,NEGATIVE,0.9571
1193,POSITIVE,0.9998
1194,NEGATIVE,0.9988
1195,NEGATIVE,0.9997
1196,NEGATIVE,0.9933
1197,NEGATIVE,0.9971
1198,POSITIVE,0.9968
1199,NEGATIVE,0.9991
1200,NEGATIVE,0.9998
1201,NEGATIVE,0.9938
1202,NEGATIVE,0.9989
1203,POSITIVE,0.9998
1204,NEGATIVE,0.9933
1205,POSITIVE,0.9958
1206,NEGATIVE,0.9541
1207,POSITIVE,0.7661
1208,NEGATIVE,0.9848
1209,POSITIVE,0.9881
1210,POSITIVE,0.9994
1211,POSITIVE,0.9729
1212,POSITIVE,0.6946
1213,NEGATIVE,0.6645
1214,POSITIVE,0.9966
1215,POSITIVE,0.9997
1216,NEGATIVE,0.8713
1217,POSITIVE,0.9985
1218,POSITIVE,0.9979
1219,NEGATIVE,0.9882
1220,POSITIVE,0.9992
1221,POSITIVE,0.9873
1222,POSITIVE,0.9999
1223,NEGATIVE,0.9845
1224,POSITIVE,0.8706
1225,POSITIVE,0.9997
1226,POSITIVE,0.9959
1227,POSITIVE,0.7944
1228,NEGATIVE,0.9964
1229,POSITIVE,0.9822
1230,NEGATIVE,0.9627
1231,POSITIVE,0.9338
1232,NEGATIVE,0.9964
1233,POSITIVE,0.9964
1234,POSITIVE,0.9966
1235,POSITIVE,0.9995
1236,POSITIVE,0.9992
1237,POSITIVE,0.9987
1238,POSITIVE,0.9997
1239,NEGATIVE,0.9098
1240,POSITIVE,0.8488
1241,NEGATIVE,0.5552
1242,POSITIVE,0.9906
1243,POSITIVE,0.9706
1244,POSITIVE,0.9916
1245,NEGATIVE,0.9993
1246,POSITIVE,0.9962
1247,POSITIVE,0.9997
1248,POSITIVE,0.998
1249,POSITIVE,0.9986
1250,NEGATIVE,0.9966
1251,POSITIVE,0.9998
1252,NEGATIVE,0.9991
1253,NEGATIVE,0.9724
1254,POSITIVE,0.9995
1255,NEGATIVE,0.9973
1256,NEGATIVE,0.998
1257,POSITIVE,0.9972
1258,NEGATIVE,0.9923
1259,NEGATIVE,0.9223
1260,POSITIVE,0.9874
1261,POSITIVE,0.9942
1262,POSITIVE,0.9948
1263,POSITIVE,0.974
1264,NEGATIVE,0.9704
1265,POSITIVE,0.9922
1266,NEGATIVE,0.6537
1267,NEGATIVE,0.9346
1268,POSITIVE,0.8377
1269,NEGATIVE,0.9812
1270,NEGATIVE,0.9863
1271,NEGATIVE,0.9304
1272,NEGATIVE,0.9998
1273,NEGATIVE,0.989
1274,NEGATIVE,0.9995
1275,NEGATIVE,0.9787
1276,NEGATIVE,0.9821
1277,POSITIVE,0.9999
1278,POSITIVE,0.9991
1279,NEGATIVE,0.9916
1280,NEGATIVE,0.9899
1281,NEGATIVE,0.9913
1282,POSITIVE,0.9994
1283,POSITIVE,0.9974
1284,POSITIVE,0.9999
1285,NEGATIVE,0.9365
1286,NEGATIVE,0.9905
1287,POSITIVE,0.9988
1288,POSITIVE,0.9189
1289,POSITIVE,0.9988
1290,NEGATIVE,0.9887
1291,POSITIVE,0.9953
1292,NEGATIVE,0.9992
1293,NEGATIVE,0.9872
1294,NEGATIVE,0.9885
1295,NEGATIVE,0.9977
1296,POSITIVE,0.6282
1297,POSITIVE,0.9769
1298,NEGATIVE,0.9873
1299,NEGATIVE,0.9775
1300,NEGATIVE,0.999
1301,NEGATIVE,0.8615
1302,POSITIVE,0.9956
1303,NEGATIVE,0.9979
1304,NEGATIVE,0.9809
1305,POSITIVE,0.9436
1306,POSITIVE,0.5167
1307,POSITIVE,0.9998
1308,NEGATIVE,0.7917
1309,POSITIVE,0.9995
1310,POSITIVE,0.9591
1311,POSITIVE,0.9553
1312,NEGATIVE,0.9913
1313,POSITIVE,0.8074
1314,POSITIVE,0.9866
1315,POSITIVE,0.999
1316,NEGATIVE,0.9997
1317,NEGATIVE,0.992
1318,POSITIVE,0.9952
1319,NEGATIVE,0.9997
1320,NEGATIVE,0.9984
1321,POSITIVE,0.9433
1322,NEGATIVE,0.9994
1323,NEGATIVE,0.999
1324,POSITIVE,0.9975
1325,NEGATIVE,0.9529
1326,NEGATIVE,0.9967
1327,POSITIVE,0.9998
1328,NEGATIVE,0.9334
1329,NEGATIVE,0.998
1330,NEGATIVE,0.9998
1331,POSITIVE,0.9966
1332,NEGATIVE,0.7736
1333,POSITIVE,0.9998
1334,NEGATIVE,0.996
1335,NEGATIVE,0.6233
1336,POSITIVE,0.9762
1337,NEGATIVE,0.9987
1338,POSITIVE,0.9922
1339,POSITIVE,0.9997
1340,POSITIVE,0.9885
1341,POSITIVE,0.5961
1342,POSITIVE,0.9829
1343,POSITIVE,0.9991
1344,POSITIVE,0.6735
1345,NEGATIVE,0.7848
1346,NEGATIVE,0.9906
1347,POSITIVE,0.9897
1348,NEGATIVE,0.9672
1349,NEGATIVE,0.9998
1350,POSITIVE,0.9998
1351,POSITIVE,0.8938
1352,POSITIVE,0.9999
1353,POSITIVE,0.9992
1354,NEGATIVE,0.997
1355,POSITIVE,0.9999
1356,POSITIVE,0.7836
1357,NEGATIVE,0.6391
1358,NEGATIVE,0.9855
1359,POSITIVE,0.999
1360,NEGATIVE,0.9968
1361,POSITIVE,0.9978
1362,NEGATIVE,0.9966
1363,POSITIVE,0.9998
1364,POSITIVE,0.9971
1365,POSITIVE,0.9999
1366,POSITIVE,0.9997
1367,NEGATIVE,0.9981
1368,POSITIVE,0.9999
1369,POSITIVE,0.9995
1370,POSITIVE,0.969
1371,NEGATIVE,0.9997
1372,NEGATIVE,0.7128
1373,POSITIVE,0.6887
1374,NEGATIVE,0.5634
1375,NEGATIVE,0.9994
1376,NEGATIVE,0.9109
1377,POSITIVE,0.6204
1378,POSITIVE,0.9997
1379,NEGATIVE,0.7297
1380,POSITIVE,0.9998
1381,NEGATIVE,0.9959
1382,POSITIVE,0.9829
1383,POSITIVE,0.9332
1384,NEGATIVE,0.9994
1385,NEGATIVE,0.6177
1386,POSITIVE,0.9996
1387,NEGATIVE,0.8989
1388,NEGATIVE,0.8816
1389,POSITIVE,0.9968
1390,POSITIVE,0.9917
1391,POSITIVE,0.9997
1392,NEGATIVE,0.824
1393,NEGATIVE,0.9882
1394,NEGATIVE,0.7706
1395,POSITIVE,0.8217
1396,POSITIVE,0.9391
1397,POSITIVE,0.9983
1398,NEGATIVE,0.9859
1399,POSITIVE,0.9982
1400,NEGATIVE,0.9211
1401,POSITIVE,0.9931
1402,NEGATIVE,0.9991
1403,POSITIVE,0.8688
1404,POSITIVE,0.9997
1405,NEGATIVE,0.943
1406,NEGATIVE,0.8475
1407,NEGATIVE,0.9989
1408,POSITIVE,0.9998
1409,POSITIVE,0.9917
1410,NEGATIVE,0.9655
1411,NEGATIVE,0.9849
1412,NEGATIVE,0.9998
1413,POSITIVE,0.9534
1414,NEGATIVE,0.9961
1415,NEGATIVE,0.9481
1416,POSITIVE,0.8682
1417,POSITIVE,0.9718
1418,POSITIVE,0.9848
1419,POSITIVE,0.9993
1420,NEGATIVE,0.9917
1421,POSITIVE,0.9969
1422,POSITIVE,0.992
1423,NEGATIVE,0.9868
1424,NEGATIVE,0.9985
1425,NEGATIVE,0.9785
1426,NEGATIVE,0.8694
1427,NEGATIVE,0.929
1428,NEGATIVE,0.9773
1429,POSITIVE,0.9988
1430,POSITIVE,0.976
1431,POSITIVE,0.9981
1432,POSITIVE,0.9992
1433,POSITIVE,0.9997
1434,POSITIVE,0.5079
1435,POSITIVE,0.9938
1436,NEGATIVE,0.995
1437,NEGATIVE,0.9831
1438,POSITIVE,0.7257
1439,NEGATIVE,0.9959
1440,NEGATIVE,0.5039
1441,POSITIVE,0.9986
1442,NEGATIVE,0.9686
1443,NEGATIVE,0.9376
1444,POSITIVE,0.9937
1445,POSITIVE,0.9972
1446,POSITIVE,0.9992
1447,POSITIVE,0.9969
1448,NEGATIVE,0.7436
1449,NEGATIVE,0.9989
1450,POSITIVE,0.998
1451,POSITIVE,0.9998
1452,POSITIVE,0.9998
1453,POSITIVE,0.9975
1454,POSITIVE,0.9965
1455,NEGATIVE,0.8016
1456,POSITIVE,0.9918
1457,NEGATIVE,0.999
1458,NEGATIVE,0.8608
1459,NEGATIVE,0.9995
1460,NEGATIVE,0.9998
1461,NEGATIVE,0.9962
1462,NEGATIVE,0.9917
1463,NEGATIVE,0.9943
1464,NEGATIVE,0.9996
1465,POSITIVE,0.9476
1466,NEGATIVE,0.9943
1467,POSITIVE,0.9781
1468,POSITIVE,0.8885
1469,POSITIVE,0.9655
1470,NEGATIVE,0.9959
1471,NEGATIVE,0.9896
1472,NEGATIVE,0.9897
1473,NEGATIVE,0.9751
1474,POSITIVE,0.9996
1475,NEGATIVE,0.9978
1476,POSITIVE,0.9986
1477,POSITIVE,0.9973
1478,NEGATIVE,0.5636
1479,POSITIVE,0.9998
1480,NEGATIVE,0.9919
1481,NEGATIVE,0.8114
1482,POSITIVE,0.9993
1483,POSITIVE,0.9923
1484,POSITIVE,0.9997
1485,NEGATIVE,0.9814
1486,POSITIVE,0.9499
1487,POSITIVE,0.9956
1488,NEGATIVE,0.9997
1489,POSITIVE,0.8132
1490,NEGATIVE,0.9995
1491,POSITIVE,0.9992
1492,NEGATIVE,0.7696
1493,NEGATIVE,0.9712
1494,NEGATIVE,0.997
1495,POSITIVE,0.9948
1496,NEGATIVE,0.992
1497,POSITIVE,0.9902
1498,POSITIVE,0.9701
1499,POSITIVE,0.9983
1500,POSITIVE,0.9825
1501,POSITIVE,0.9991
1502,POSITIVE,0.6272
1503,POSITIVE,0.9838
1504,POSITIVE,0.7577
1505,POSITIVE,0.872
1506,POSITIVE,0.9412
1507,POSITIVE,0.9998
1508,NEGATIVE,0.9991
1509,POSITIVE,0.8041
1510,POSITIVE,0.9996
1511,NEGATIVE,0.9536
1512,NEGATIVE,0.9978
1513,NEGATIVE,0.9049
1514,POSITIVE,0.9978
1515,NEGATIVE,0.9992
1516,POSITIVE,0.9993
1517,POSITIVE,0.9994
1518,NEGATIVE,0.9996
1519,POSITIVE,0.9999
1520,POSITIVE,0.9962
1521,NEGATIVE,0.9995
1522,NEGATIVE,0.9571
1523,NEGATIVE,0.9998
1524,NEGATIVE,0.9216
1525,NEGATIVE,0.9545
1526,POSITIVE,0.9631
1527,NEGATIVE,0.9996
1528,POSITIVE,0.9739
1529,POSITIVE,0.9965
1530,NEGATIVE,0.9998
1531,NEGATIVE,0.9753
1532,POSITIVE,0.9937
1533,NEGATIVE,0.6772
1534,NEGATIVE,0.9849
1535,POSITIVE,0.9674
1536,POSITIVE,0.9996
1537,NEGATIVE,0.9798
1538,POSITIVE,0.6335
1539,POSITIVE,0.9824
1540,NEGATIVE,0.9704
1541,POSITIVE,0.9999
1542,POSITIVE,0.9846
1543,NEGATIVE,0.8472
1544,NEGATIVE,0.9852
1545,POSITIVE,0.9383
1546,NEGATIVE,0.9888
1547,NEGATIVE,0.9968
1548,NEGATIVE,0.9136
1549,NEGATIVE,0.7146
1550,NEGATIVE,0.9922
1551,POSITIVE,0.9989
1552,POSITIVE,0.9998
1553,NEGATIVE,0.9994
1554,POSITIVE,0.8129
1555,NEGATIVE,0.9845
1556,NEGATIVE,0.9937
1557,NEGATIVE,0.9997
1558,NEGATIVE,0.9929
1559,POSITIVE,0.6426
1560,POSITIVE,0.996
1561,POSITIVE,0.9998
1562,NEGATIVE,0.9903
1563,NEGATIVE,0.9985
1564,POSITIVE,0.9809
1565,POSITIVE,0.909
1566,POSITIVE,0.9991
1567,NEGATIVE,0.9935
1568,POSITIVE,0.9997
1569,NEGATIVE,0.9917
1570,NEGATIVE,0.9989
1571,POSITIVE,0.9996
1572,POSITIVE,0.9999
1573,NEGATIVE,0.9961
1574,NEGATIVE,0.9838
1575,NEGATIVE,0.9992
1576,POSITIVE,0.9997
1577,NEGATIVE,0.9989
1578,POSITIVE,0.9999
1579,POSITIVE,0.9963
1580,POSITIVE,0.9817
1581,NEGATIVE,0.9857
1582,NEGATIVE,0.9668
1583,POSITIVE,0.9992
1584,NEGATIVE,0.97
1585,POSITIVE,0.9996
1586,POSITIVE,0.9977
1587,NEGATIVE,0.9987
1588,NEGATIVE,0.811
1589,NEGATIVE,0.9654
1590,POSITIVE,0.9991
1591,POSITIVE,0.9989
1592,NEGATIVE,0.9381
1593,NEGATIVE,0.9026
1594,NEGATIVE,0.9808
1595,POSITIVE,0.9979
1596,POSITIVE,0.8953
1597,NEGATIVE,0.9997
1598,POSITIVE,0.9973
1599,NEGATIVE,0.9974
1600,NEGATIVE,0.9951
1601,NEGATIVE,0.5167
1602,POSITIVE,0.9061
1603,NEGATIVE,0.9997
1604,POSITIVE,0.9998
1605,NEGATIVE,0.9992
1606,POSITIVE,0.991
1607,POSITIVE,0.7346
1608,POSITIVE,0.9919
1609,POSITIVE,0.9997
1610,NEGATIVE,0.9114
1611,POSITIVE,0.9047
1612,POSITIVE,0.9984
1613,POSITIVE,0.8896
1614,NEGATIVE,0.9878
1615,POSITIVE,0.9972
1616,POSITIVE,0.9999
1617,NEGATIVE,0.9982
1618,POSITIVE,0.9982
1619,POSITIVE,0.9998
1620,NEGATIVE,0.6258
1621,POSITIVE,0.9976
1622,POSITIVE,0.9997
1623,POSITIVE,0.9987
1624,POSITIVE,0.9966
1625,POSITIVE,0.9993
1626,POSITIVE,0.9773
1627,POSITIVE,0.9985
1628,NEGATIVE,0.9162
1629,NEGATIVE,0.9969
1630,NEGATIVE,0.9988
1631,NEGATIVE,0.9963
1632,POSITIVE,0.9997
1633,POSITIVE,0.9997
1634,NEGATIVE,0.9922
1635,NEGATIVE,0.9969
1636,NEGATIVE,0.9949
1637,POSITIVE,0.7773
1638,NEGATIVE,0.996
1639,NEGATIVE,0.9923
1640,NEGATIVE,0.955
1641,POSITIVE,0.989
1642,POSITIVE,0.9999
1643,NEGATIVE,0.9389
1644,POSITIVE,0.9974
1645,NEGATIVE,0.9997
1646,NEGATIVE,0.9994
1647,NEGATIVE,0.8295
1648,NEGATIVE,0.9987
1649,POSITIVE,0.918
1650,POSITIVE,0.9969
1651,POSITIVE,0.9996
1652,NEGATIVE,0.9536
1653,POSITIVE,0.9998
1654,NEGATIVE,0.8926
1655,POSITIVE,0.9998
1656,NEGATIVE,0.9001
1657,POSITIVE,0.9706
1658,POSITIVE,0.9979
1659,NEGATIVE,0.941
1660,NEGATIVE,0.9979
1661,NEGATIVE,0.9977
1662,POSITIVE,0.9855
1663,NEGATIVE,0.9138
1664,POSITIVE,0.9834
1665,POSITIVE,0.9997
1666,NEGATIVE,0.9994
1667,POSITIVE,0.9998
1668,POSITIVE,0.9934
1669,NEGATIVE,0.9697
1670,POSITIVE,0.9982
1671,NEGATIVE,0.9939
1672,POSITIVE,0.9997
1673,NEGATIVE,0.9983
1674,POSITIVE,0.9997
1675,POSITIVE,0.7274
1676,POSITIVE,0.9995
1677,POSITIVE,0.9985
1678,POSITIVE,0.9973
1679,NEGATIVE,0.9997
1680,POSITIVE,0.9371
1681,POSITIVE,0.9928
1682,NEGATIVE,0.998
1683,NEGATIVE,0.9989
1684,NEGATIVE,0.9993
1685,POSITIVE,0.9984
1686,POSITIVE,0.9998
1687,NEGATIVE,0.9941
1688,POSITIVE,0.9999
1689,POSITIVE,0.8807
1690,NEGATIVE,0.9993
1691,NEGATIVE,0.9997
1692,NEGATIVE,0.6707
1693,NEGATIVE,0.7887
1694,POSITIVE,0.9822
1695,NEGATIVE,0.6305
1696,POSITIVE,0.9998
1697,NEGATIVE,0.9968
1698,POSITIVE,0.9889
1699,POSITIVE,0.9995
1700,NEGATIVE,0.9979
1701,NEGATIVE,0.9889
1702,POSITIVE,0.9658
1703,NEGATIVE,0.9966
1704,POSITIVE,0.9984
1705,NEGATIVE,0.9996
1706,NEGATIVE,0.9977
1707,NEGATIVE,0.9916
1708,NEGATIVE,0.9824
1709,NEGATIVE,0.9969
1710,NEGATIVE,0.9983
1711,NEGATIVE,0.9696
1712,POSITIVE,0.9952
1713,POSITIVE,0.991
1714,NEGATIVE,0.9972
1715,NEGATIVE,0.9852
1716,NEGATIVE,0.9702
1717,NEGATIVE,0.9945
1718,NEGATIVE,0.9942
1719,POSITIVE,0.8078
1720,POSITIVE,0.5027
1721,NEGATIVE,0.9962
1722,POSITIVE,0.9921
1723,NEGATIVE,0.9598
1724,POSITIVE,0.6926
1725,NEGATIVE,0.9978
1726,POSITIVE,0.9956
1727,POSITIVE,0.9992
1728,POSITIVE,0.9862
1729,NEGATIVE,0.9988
1730,NEGATIVE,0.5398
1731,POSITIVE,0.9679
1732,NEGATIVE,0.7844
1733,NEGATIVE,0.9952
1734,POSITIVE,0.6438
1735,NEGATIVE,0.9946
1736,POSITIVE,0.8607
1737,POSITIVE,0.9977
1738,NEGATIVE,0.9963
1739,NEGATIVE,0.9862
1740,NEGATIVE,0.8008
1741,POSITIVE,0.8773
1742,NEGATIVE,0.9997
1743,POSITIVE,0.9989
1744,NEGATIVE,0.9982
1745,POSITIVE,0.9929
1746,POSITIVE,0.9844
1747,POSITIVE,0.9993
1748,NEGATIVE,0.9985
1749,POSITIVE,0.9965
1750,POSITIVE,0.9999
1751,NEGATIVE,0.9991
1752,POSITIVE,0.9793
1753,POSITIVE,0.9997
1754,POSITIVE,0.9972
1755,POSITIVE,0.9898
1756,POSITIVE,0.9949
1757,POSITIVE,0.8356
1758,POSITIVE,0.9999
1759,POSITIVE,0.999
1760,POSITIVE,0.9988
1761,NEGATIVE,0.9978
1762,POSITIVE,0.9979
1763,POSITIVE,0.9972
1764,NEGATIVE,0.9972
1765,NEGATIVE,0.9989
1766,POSITIVE,0.9999
1767,POSITIVE,0.9928
1768,POSITIVE,0.9647
1769,NEGATIVE,0.9931
1770,POSITIVE,0.9994
1771,NEGATIVE,0.9302
1772,NEGATIVE,0.8779
1773,NEGATIVE,0.9905
1774,NEGATIVE,0.9921
1775,POSITIVE,0.9976
1776,POSITIVE,0.999
1777,NEGATIVE,0.9206
1778,NEGATIVE,0.9994
1779,NEGATIVE,0.999
1780,POSITIVE,0.7817
1781,POSITIVE,0.9997
1782,POSITIVE,0.9997
1783,POSITIVE,0.8504
1784,POSITIVE,0.9183
1785,POSITIVE,0.7346
1786,NEGATIVE,0.8755
1787,NEGATIVE,0.9989
1788,NEGATIVE,0.5452
1789,POSITIVE,0.9968
1790,NEGATIVE,0.9967
1791,POSITIVE,0.9924
1792,POSITIVE,0.9998
1793,NEGATIVE,0.9771
1794,POSITIVE,0.9906
1795,POSITIVE,0.9818
1796,POSITIVE,0.9464
1797,NEGATIVE,0.9985
1798,NEGATIVE,0.9579
1799,NEGATIVE,0.9989
1800,NEGATIVE,0.9419
1801,NEGATIVE,0.9537
1802,POSITIVE,0.9981
1803,NEGATIVE,0.9829
1804,NEGATIVE,0.9968
1805,NEGATIVE,0.999
1806,POSITIVE,0.9844
1807,NEGATIVE,0.8398
1808,POSITIVE,0.9481
1809,POSITIVE,0.9998
1810,POSITIVE,0.9998
1811,NEGATIVE,0.9459
1812,NEGATIVE,0.9954
1813,NEGATIVE,0.9967
1814,POSITIVE,0.9996
1815,NEGATIVE,0.9997
1816,POSITIVE,0.6759
1817,NEGATIVE,0.9992
1818,POSITIVE,0.9998
1819,NEGATIVE,0.9987
1820,POSITIVE,0.9894
1821,NEGATIVE,0.9668
1822,POSITIVE,0.9369
1823,NEGATIVE,0.9939
1824,POSITIVE,0.9971
1825,NEGATIVE,0.9935
1826,POSITIVE,0.9952
1827,NEGATIVE,0.6451
1828,POSITIVE,0.998
1829,NEGATIVE,0.9077
1830,POSITIVE,0.9996
1831,NEGATIVE,0.9974
1832,POSITIVE,0.9888
1833,POSITIVE,0.9996
1834,NEGATIVE,0.9988
1835,POSITIVE,0.9363
1836,POSITIVE,0.9978
1837,NEGATIVE,0.9694
1838,POSITIVE,0.8339
1839,NEGATIVE,0.9158
1840,POSITIVE,0.9973
1841,NEGATIVE,0.9962
1842,NEGATIVE,0.9689
1843,POSITIVE,0.9611
1844,POSITIVE,0.7341
1845,NEGATIVE,0.9842
1846,POSITIVE,0.9996
1847,NEGATIVE,0.9953
1848,POSITIVE,0.9971
1849,POSITIVE,0.7942
1850,NEGATIVE,0.998
1851,POSITIVE,0.9999
1852,NEGATIVE,0.7696
1853,NEGATIVE,0.9931
1854,POSITIVE,0.9527
1855,POSITIVE,0.9997
1856,POSITIVE,0.9917
1857,NEGATIVE,0.9742
1858,POSITIVE,0.9995
1859,NEGATIVE,0.9998
1860,POSITIVE,0.9998
1861,POSITIVE,0.9996
1862,POSITIVE,0.9998
1863,NEGATIVE,0.9975
1864,POSITIVE,0.9984
1865,NEGATIVE,0.9867
1866,NEGATIVE,0.9996
1867,POSITIVE,0.9994
1868,POSITIVE,0.9982
1869,POSITIVE,0.9851
1870,POSITIVE,0.959
1871,POSITIVE,0.9978
1872,NEGATIVE,0.9926
1873,NEGATIVE,0.9961
1874,NEGATIVE,0.9997
1875,POSITIVE,0.9924
1876,NEGATIVE,0.9971
1877,NEGATIVE,0.9569
1878,NEGATIVE,0.9972
1879,NEGATIVE,0.9578
1880,POSITIVE,0.9993
1881,NEGATIVE,0.8747
1882,POSITIVE,0.9918
1883,NEGATIVE,0.9925
1884,NEGATIVE,0.9082
1885,POSITIVE,0.985
1886,NEGATIVE,0.9998
1887,NEGATIVE,0.9919
1888,POSITIVE,0.9854
1889,NEGATIVE,0.9976
1890,NEGATIVE,0.9808
1891,POSITIVE,0.9624
1892,NEGATIVE,0.6866
1893,POSITIVE,0.9969
1894,NEGATIVE,0.9997
1895,NEGATIVE,0.9915
1896,NEGATIVE,0.9529
1897,NEGATIVE,0.9826
1898,NEGATIVE,0.9945
1899,NEGATIVE,0.9973
1900,POSITIVE,0.9991
1901,NEGATIVE,0.9997
1902,POSITIVE,0.9689
1903,NEGATIVE,0.9903
1904,POSITIVE,0.998
1905,NEGATIVE,0.9852
1906,NEGATIVE,0.8501
1907,POSITIVE,0.9993
1908,POSITIVE,0.9969
1909,NEGATIVE,0.9998
1910,NEGATIVE,0.9985
1911,POSITIVE,0.9598
1912,POSITIVE,0.9997
1913,NEGATIVE,0.8916
1914,POSITIVE,0.9993
1915,NEGATIVE,0.9913
1916,POSITIVE,0.5619
1917,NEGATIVE,0.9711
1918,POSITIVE,0.9999
1919,NEGATIVE,0.9786
1920,NEGATIVE,0.8681
1921,POSITIVE,0.9991
1922,NEGATIVE,0.9981
1923,POSITIVE,0.9971
1924,POSITIVE,0.9998
1925,NEGATIVE,0.9961
1926,POSITIVE,0.9999
1927,NEGATIVE,0.999
1928,POSITIVE,0.9973
1929,POSITIVE,0.7974
1930,POSITIVE,0.9409
1931,NEGATIVE,0.9931
1932,NEGATIVE,0.9994
1933,POSITIVE,0.9975
1934,POSITIVE,0.9941
1935,POSITIVE,0.9999
1936,NEGATIVE,0.5849
1937,POSITIVE,0.9985
1938,POSITIVE,0.9976
1939,POSITIVE,0.9988
1940,NEGATIVE,0.9954
1941,NEGATIVE,0.9986
1942,NEGATIVE,0.9996
1943,NEGATIVE,0.9993
1944,POSITIVE,0.9989
1945,NEGATIVE,0.5717
1946,NEGATIVE,0.9785
1947,POSITIVE,0.9997
1948,NEGATIVE,0.9922
1949,POSITIVE,0.7386
1950,POSITIVE,0.9916
1951,POSITIVE,0.9995
1952,NEGATIVE,0.9983
1953,POSITIVE,0.9894
1954,NEGATIVE,0.9957
1955,NEGATIVE,0.9902
1956,NEGATIVE,0.9952
1957,POSITIVE,0.9999
1958,NEGATIVE,0.9997
1959,NEGATIVE,0.9306
1960,NEGATIVE,0.9984
1961,NEGATIVE,0.999
1962,POSITIVE,0.9983
1963,POSITIVE,0.9998
1964,NEGATIVE,0.9998
1965,POSITIVE,0.8575
1966,POSITIVE,0.9949
1967,NEGATIVE,0.998
1968,POSITIVE,0.9988
1969,POSITIVE,0.9999
1970,NEGATIVE,0.9988
1971,NEGATIVE,0.9998
1972,POSITIVE,0.9983
1973,NEGATIVE,0.5873
1974,POSITIVE,0.9999
1975,NEGATIVE,0.9841
1976,NEGATIVE,0.977
1977,POSITIVE,0.9959
1978,POSITIVE,0.9191
1979,POSITIVE,0.9993
1980,POSITIVE,0.9992
1981,POSITIVE,0.9782
1982,NEGATIVE,0.9911
1983,NEGATIVE,0.9937
1984,POSITIVE,0.977
1985,POSITIVE,0.9545
1986,NEGATIVE,0.9998
1987,POSITIVE,0.9986
1988,POSITIVE,0.8711
1989,NEGATIVE,0.998
1990,POSITIVE,0.9977
1991,NEGATIVE,0.9063
1992,POSITIVE,0.9892
1993,NEGATIVE,0.9964
1994,POSITIVE,0.9323
1995,POSITIVE,0.5578
1996,POSITIVE,0.9593
1997,POSITIVE,0.9973
1998,POSITIVE,0.9909
1999,POSITIVE,0.7907
2000,POSITIVE,0.9903
2001,NEGATIVE,0.9938
2002,NEGATIVE,0.9791
2003,NEGATIVE,0.6677
2004,POSITIVE,0.9965
2005,POSITIVE,0.9995
2006,POSITIVE,0.9507
2007,POSITIVE,0.9969
2008,POSITIVE,0.9977
2009,NEGATIVE,0.9934
2010,POSITIVE,0.9842
2011,POSITIVE,0.5328
2012,NEGATIVE,0.9957
2013,NEGATIVE,0.9991
2014,NEGATIVE,0.9926
2015,NEGATIVE,0.9715
2016,NEGATIVE,0.9509
2017,NEGATIVE,0.9849
2018,POSITIVE,0.9986
