0,NEGATIVE,0.9825
1,NEGATIVE,0.9996
2,POSITIVE,0.9761
3,NEGATIVE,0.9798
4,NEGATIVE,0.9993
5,POSITIVE,0.998
6,POSITIVE,0.9505
7,NEGATIVE,0.9912
8,NEGATIVE,0.7201
9,NEGATIVE,0.9975
10,NEGATIVE,0.8301
11,NEGATIVE,0.9873
12,POSITIVE,0.6547
13,NEGATIVE,0.9997
14,POSITIVE,0.9832
15,NEGATIVE,0.9997
16,POSITIVE,0.9995
17,NEGATIVE,0.9991
18,NEGATIVE,0.9962
19,NEGATIVE,0.9926
20,POSITIVE,0.9491
21,NEGATIVE,0.9993
22,NEGATIVE,0.5191
23,NEGATIVE,0.9987
24,POSITIVE,0.9988
25,POSITIVE,0.999
26,NEGATIVE,0.9991
27,NEGATIVE,0.9998
28,POSITIVE,0.9998
29,POSITIVE,0.999
30,NEGATIVE,0.9829
31,POSITIVE,0.9567
32,NEGATIVE,0.9839
33,NEGATIVE,0.9955
34,NEGATIVE,0.9877
35,NEGATIVE,0.9917
36,POSITIVE,0.9884
37,NEGATIVE,0.9994
38,NEGATIVE,0.9976
39,NEGATIVE,0.999
40,POSITIVE,0.8654
41,POSITIVE,0.9583
42,POSITIVE,0.9991
43,NEGATIVE,0.9672
44,POSITIVE,0.9008
45,POSITIVE,0.9905
46,NEGATIVE,0.9997
47,NEGATIVE,0.9476
48,NEGATIVE,0.9844
49,POSITIVE,0.9982
50,NEGATIVE,0.9987
51,NEGATIVE,0.9986
52,NEGATIVE,0.901
53,NEGATIVE,0.9913
54,NEGATIVE,0.9979
55,NEGATIVE,0.8262
56,POSITIVE,0.9985
57,POSITIVE,0.9986
58,POSITIVE,0.999
59,NEGATIVE,0.9984
60,POSITIVE,0.992
61,POSITIVE,0.9805
62,NEGATIVE,0.9986
63,POSITIVE,0.9907
64,POSITIVE,0.9449
65,NEGATIVE,0.9808
66,POSITIVE,0.9476
67,NEGATIVE,0.9783
68,NEGATIVE,0.9938
69,NEGATIVE,0.9995
70,NEGATIVE,0.9871
71,NEGATIVE,0.9961
72,POSITIVE,0.9985
73,POSITIVE,0.9998
74,POSITIVE,0.9992
75,NEGATIVE,0.9933
76,POSITIVE,0.9992
77,NEGATIVE,0.9921
78,POSITIVE,0.8259
79,POSITIVE,0.9986
80,NEGATIVE,0.9955
81,POSITIVE,0.6967
82,NEGATIVE,0.9985
83,POSITIVE,0.9905
84,POSITIVE,0.9742
85,NEGATIVE,0.9915
86,NEGATIVE,0.9973
87,NEGATIVE,0.9996
88,POSITIVE,0.9887
89,POSITIVE,0.9959
90,POSITIVE,0.9456
91,POSITIVE,0.987
92,NEGATIVE,0.9996
93,POSITIVE,0.9896
94,NEGATIVE,0.9902
95,POSITIVE,0.991
96,POSITIVE,0.9996
97,NEGATIVE,0.9973
98,NEGATIVE,0.9984
99,POSITIVE,0.999
100,NEGATIVE,0.9951
101,POSITIVE,0.9979
102,NEGATIVE,0.9981
103,NEGATIVE,0.9971
104,NEGATIVE,0.9957
105,NEGATIVE,0.9974
106,NEGATIVE,0.996
107,POSITIVE,0.9994
108,NEGATIVE,0.9977
109,NEGATIVE,0.9943
110,POSITIVE,0.972
111,POSITIVE,0.9889
112,NEGATIVE,0.9962
113,POSITIVE,0.9726
114,NEGATIVE,0.9882
115,NEGATIVE,0.9927
116,NEGATIVE,0.9948
117,NEGATIVE,0.9604
118,NEGATIVE,0.9967
119,POSITIVE,0.9983
120,POSITIVE,0.8713
121,NEGATIVE,0.7706
122,NEGATIVE,0.9844
123,NEGATIVE,0.9998
124,NEGATIVE,0.9988
125,NEGATIVE,0.9939
126,POSITIVE,0.9997
127,POSITIVE,0.9417
128,POSITIVE,0.9988
129,POSITIVE,0.8016
130,NEGATIVE,0.9992
131,POSITIVE,0.6534
132,NEGATIVE,0.8786
133,NEGATIVE,0.8606
134,NEGATIVE,0.9954
135,NEGATIVE,0.9993
136,NEGATIVE,0.962
137,POSITIVE,0.8784
138,NEGATIVE,0.9954
139,POSITIVE,0.9996
140,NEGATIVE,0.9985
141,POSITIVE,0.9984
142,NEGATIVE,0.9148
143,NEGATIVE,0.671
144,NEGATIVE,0.9997
145,NEGATIVE,0.853
146,NEGATIVE,0.9582
147,POSITIVE,0.9993
148,POSITIVE,0.8037
149,POSITIVE,0.9672
150,POSITIVE,0.9134
151,NEGATIVE,0.9947
152,POSITIVE,0.945
153,NEGATIVE,0.9821
154,POSITIVE,0.9539
155,NEGATIVE,0.9949
156,NEGATIVE,0.9864
157,NEGATIVE,0.7882
158,POSITIVE,0.9881
159,POSITIVE,0.9992
160,NEGATIVE,0.989
161,NEGATIVE,0.997
162,NEGATIVE,0.828
163,NEGATIVE,0.9911
164,NEGATIVE,0.9349
165,NEGATIVE,0.9995
166,NEGATIVE,0.9688
167,NEGATIVE,0.9994
168,NEGATIVE,0.9955
169,NEGATIVE,0.9982
170,NEGATIVE,0.9761
171,POSITIVE,0.9984
172,NEGATIVE,0.9961
173,POSITIVE,0.9885
174,NEGATIVE,0.9732
175,POSITIVE,0.9847
176,NEGATIVE,0.9903
177,POSITIVE,0.9984
178,POSITIVE,0.9983
179,NEGATIVE,0.9307
180,NEGATIVE,0.9985
181,NEGATIVE,0.9267
182,POSITIVE,0.9887
183,NEGATIVE,0.9976
184,POSITIVE,0.9973
185,NEGATIVE,0.9994
186,POSITIVE,0.9993
187,POSITIVE,0.8961
188,NEGATIVE,0.9953
189,NEGATIVE,0.8432
190,NEGATIVE,0.9997
191,NEGATIVE,0.8712
192,NEGATIVE,0.9289
193,NEGATIVE,0.9923
194,NEGATIVE,0.9943
195,NEGATIVE,0.9946
196,POSITIVE,0.9989
197,POSITIVE,0.9997
198,NEGATIVE,0.9994
199,POSITIVE,0.9981
200,NEGATIVE,0.9593
201,POSITIVE,0.9992
202,POSITIVE,0.984
203,NEGATIVE,0.9986
204,NEGATIVE,0.9882
205,NEGATIVE,0.9994
206,NEGATIVE,0.9666
207,NEGATIVE,0.9945
208,POSITIVE,0.9918
209,POSITIVE,0.9766
210,NEGATIVE,0.9893
211,POSITIVE,0.9956
212,NEGATIVE,0.9856
213,NEGATIVE,0.9998
214,NEGATIVE,0.9149
215,NEGATIVE,0.9997
216,NEGATIVE,0.9981
217,NEGATIVE,0.9968
218,POSITIVE,0.7661
219,NEGATIVE,0.9994
220,NEGATIVE,0.9866
221,NEGATIVE,0.9938
222,NEGATIVE,0.8635
223,NEGATIVE,0.9978
224,NEGATIVE,0.9985
225,NEGATIVE,0.9941
226,NEGATIVE,0.9916
227,POSITIVE,0.9605
228,NEGATIVE,0.9836
229,POSITIVE,0.9947
230,NEGATIVE,0.9781
231,NEGATIVE,0.9988
232,POSITIVE,0.9999
233,POSITIVE,0.997
234,POSITIVE,0.723
235,NEGATIVE,0.9995
236,POSITIVE,0.9982
237,NEGATIVE,0.977
238,NEGATIVE,0.9969
239,POSITIVE,0.9975
240,NEGATIVE,0.9995
241,NEGATIVE,0.9989
242,NEGATIVE,0.9996
243,NEGATIVE,0.9969
244,NEGATIVE,0.5242
245,NEGATIVE,0.9895
246,NEGATIVE,0.9773
247,NEGATIVE,0.9989
248,POSITIVE,0.9933
249,NEGATIVE,0.9895
250,NEGATIVE,0.9983
251,NEGATIVE,0.9955
252,NEGATIVE,0.9863
253,NEGATIVE,0.9987
254,NEGATIVE,0.9961
255,POSITIVE,0.9999
256,POSITIVE,0.9904
257,POSITIVE,0.9997
258,NEGATIVE,0.999
259,NEGATIVE,0.9961
260,POSITIVE,0.9997
261,NEGATIVE,0.9928
262,POSITIVE,0.9724
263,NEGATIVE,0.9994
264,NEGATIVE,0.9997
265,POSITIVE,0.9994
266,NEGATIVE,0.9973
267,NEGATIVE,0.9995
268,POSITIVE,0.9974
269,NEGATIVE,0.9984
270,NEGATIVE,0.9964
271,NEGATIVE,0.9987
272,NEGATIVE,0.9809
273,NEGATIVE,0.9989
274,NEGATIVE,0.9997
275,NEGATIVE,0.9966
276,NEGATIVE,0.9989
277,NEGATIVE,0.9799
278,NEGATIVE,0.9979
279,NEGATIVE,0.5571
280,NEGATIVE,0.9983
281,NEGATIVE,0.9988
282,NEGATIVE,0.9898
283,NEGATIVE,0.959
284,POSITIVE,0.6311
285,NEGATIVE,0.9959
286,POSITIVE,0.606
287,NEGATIVE,0.9991
288,NEGATIVE,0.999
289,POSITIVE,0.9905
290,NEGATIVE,0.9984
291,POSITIVE,0.9944
292,NEGATIVE,0.9953
293,NEGATIVE,0.9965
294,NEGATIVE,0.9628
295,NEGATIVE,0.9932
296,POSITIVE,0.9929
297,POSITIVE,0.9689
298,POSITIVE,0.9983
299,POSITIVE,0.8238
300,POSITIVE,0.9957
301,POSITIVE,0.9982
302,NEGATIVE,0.9995
303,NEGATIVE,0.9988
304,NEGATIVE,0.9954
305,POSITIVE,0.9997
306,POSITIVE,0.9986
307,NEGATIVE,0.9724
308,NEGATIVE,0.9997
309,NEGATIVE,0.997
310,POSITIVE,0.9991
311,POSITIVE,0.9972
312,POSITIVE,0.9978
313,POSITIVE,0.9998
314,POSITIVE,0.9915
315,NEGATIVE,0.9976
316,POSITIVE,0.9995
317,NEGATIVE,0.9864
318,NEGATIVE,0.9969
319,NEGATIVE,0.9958
320,NEGATIVE,0.9989
321,POSITIVE,0.9974
322,POSITIVE,0.9981
323,NEGATIVE,0.9983
324,NEGATIVE,0.9685
325,NEGATIVE,0.9983
326,NEGATIVE,0.9991
327,NEGATIVE,0.9039
328,POSITIVE,0.9855
329,NEGATIVE,0.9983
330,NEGATIVE,0.6792
331,NEGATIVE,0.944
332,NEGATIVE,0.9997
333,NEGATIVE,0.6488
334,POSITIVE,0.9993
335,NEGATIVE,0.9968
336,NEGATIVE,0.7713
337,POSITIVE,0.9999
338,NEGATIVE,0.9976
339,NEGATIVE,0.9993
340,NEGATIVE,0.9922
341,NEGATIVE,0.9811
342,POSITIVE,0.9997
343,POSITIVE,0.9985
344,NEGATIVE,0.9765
345,POSITIVE,0.6828
346,NEGATIVE,0.9983
347,NEGATIVE,0.9836
348,NEGATIVE,0.8026
349,NEGATIVE,0.9997
350,NEGATIVE,0.9285
351,POSITIVE,0.9908
352,POSITIVE,0.9973
353,NEGATIVE,0.9994
354,NEGATIVE,0.9851
355,NEGATIVE,0.9961
356,NEGATIVE,0.9938
357,NEGATIVE,0.9993
358,NEGATIVE,0.9997
359,NEGATIVE,0.9995
360,NEGATIVE,0.9938
361,NEGATIVE,0.9679
362,POSITIVE,0.9962
363,POSITIVE,0.9941
364,NEGATIVE,0.9963
365,NEGATIVE,0.9959
366,POSITIVE,0.9994
367,NEGATIVE,0.9976
368,NEGATIVE,0.5048
369,POSITIVE,0.9922
370,NEGATIVE,0.9898
371,NEGATIVE,0.9985
372,NEGATIVE,0.996
373,NEGATIVE,0.9661
374,NEGATIVE,0.999
375,NEGATIVE,0.9997
376,POSITIVE,0.9995
377,NEGATIVE,0.9994
378,POSITIVE,0.9977
379,NEGATIVE,0.9995
380,NEGATIVE,0.9998
381,NEGATIVE,0.999
382,NEGATIVE,0.9952
383,NEGATIVE,0.7063
384,NEGATIVE,0.9819
385,NEGATIVE,0.9955
386,POSITIVE,0.9996
387,NEGATIVE,0.9933
388,NEGATIVE,0.9971
389,NEGATIVE,0.9942
390,NEGATIVE,0.9845
391,NEGATIVE,0.9975
392,POSITIVE,0.9997
393,POSITIVE,0.9999
394,POSITIVE,0.5091
395,POSITIVE,0.9976
396,POSITIVE,0.9891
397,POSITIVE,0.9545
398,NEGATIVE,0.9936
399,NEGATIVE,0.9979
400,NEGATIVE,0.9932
401,POSITIVE,0.9081
402,NEGATIVE,0.9961
403,NEGATIVE,0.9172
404,POSITIVE,0.9874
405,POSITIVE,0.9939
406,NEGATIVE,0.9925
407,NEGATIVE,0.9896
408,POSITIVE,0.9744
409,POSITIVE,0.9969
410,NEGATIVE,0.9962
411,NEGATIVE,0.9995
412,NEGATIVE,0.9812
413,NEGATIVE,0.999
414,POSITIVE,0.998
415,NEGATIVE,0.9986
416,NEGATIVE,0.5725
417,POSITIVE,0.9959
418,NEGATIVE,0.7999
419,NEGATIVE,0.9887
420,NEGATIVE,0.9998
421,POSITIVE,0.9837
422,POSITIVE,0.9956
423,POSITIVE,0.9995
424,NEGATIVE,0.9991
425,POSITIVE,0.999
426,NEGATIVE,0.8762
427,POSITIVE,0.9936
428,NEGATIVE,0.9979
429,NEGATIVE,0.9986
430,NEGATIVE,0.996
431,NEGATIVE,0.9981
432,NEGATIVE,0.9864
433,NEGATIVE,0.9955
434,NEGATIVE,0.9997
435,NEGATIVE,0.9903
436,NEGATIVE,0.9986
437,NEGATIVE,0.9997
438,NEGATIVE,0.9995
439,POSITIVE,0.9919
440,NEGATIVE,0.9995
441,NEGATIVE,0.9858
442,POSITIVE,0.9846
443,NEGATIVE,0.9795
444,NEGATIVE,0.9942
445,NEGATIVE,0.9987
446,NEGATIVE,0.9991
447,NEGATIVE,0.9929
448,NEGATIVE,0.9765
449,NEGATIVE,0.9851
450,POSITIVE,0.9995
451,NEGATIVE,0.9902
452,NEGATIVE,0.8842
453,NEGATIVE,0.9766
454,POSITIVE,0.7495
455,NEGATIVE,0.547
456,POSITIVE,0.9998
457,POSITIVE,0.9936
458,NEGATIVE,0.9995
459,NEGATIVE,0.9995
460,NEGATIVE,0.999
461,NEGATIVE,0.9994
462,NEGATIVE,0.9976
463,POSITIVE,0.9994
464,POSITIVE,0.9965
465,POSITIVE,0.8761
466,NEGATIVE,0.9859
467,NEGATIVE,0.9969
468,NEGATIVE,0.9961
469,POSITIVE,0.995
470,POSITIVE,0.9983
471,NEGATIVE,0.9954
472,NEGATIVE,0.9641
473,NEGATIVE,0.992
474,NEGATIVE,0.9819
475,NEGATIVE,0.9872
476,NEGATIVE,0.9771
477,NEGATIVE,0.9967
478,NEGATIVE,0.9997
479,POSITIVE,0.999
480,NEGATIVE,0.981
481,NEGATIVE,0.9767
482,NEGATIVE,0.9803
483,NEGATIVE,0.9995
484,POSITIVE,0.9977
485,NEGATIVE,0.9982
486,NEGATIVE,0.9995
487,POSITIVE,0.9907
488,POSITIVE,0.9999
489,POSITIVE,0.986
490,POSITIVE,0.995
491,POSITIVE,0.9996
492,NEGATIVE,0.9974
493,NEGATIVE,0.9991
494,POSITIVE,0.9785
495,NEGATIVE,0.9684
496,NEGATIVE,0.9966
497,NEGATIVE,0.9966
498,POSITIVE,0.9824
499,POSITIVE,0.9991
500,POSITIVE,0.9977
501,NEGATIVE,0.9115
502,POSITIVE,0.9979
503,NEGATIVE,0.9965
504,POSITIVE,0.9983
505,POSITIVE,0.9675
506,NEGATIVE,0.8305
507,NEGATIVE,0.9913
508,NEGATIVE,0.9983
509,NEGATIVE,0.9985
510,POSITIVE,0.9993
511,NEGATIVE,0.9998
512,NEGATIVE,0.9997
513,NEGATIVE,0.9988
514,NEGATIVE,0.9993
515,NEGATIVE,0.9916
516,NEGATIVE,0.9962
517,POSITIVE,0.9964
518,NEGATIVE,0.9973
519,POSITIVE,0.9981
520,NEGATIVE,0.9655
521,POSITIVE,0.9999
522,NEGATIVE,0.9965
523,POSITIVE,0.9753
524,NEGATIVE,0.9567
525,NEGATIVE,0.997
526,POSITIVE,0.991
527,POSITIVE,0.9969
528,NEGATIVE,0.9575
529,POSITIVE,0.6587
530,NEGATIVE,0.998
531,NEGATIVE,0.9951
532,POSITIVE,0.992
533,POSITIVE,0.996
534,NEGATIVE,0.9967
535,NEGATIVE,0.8675
536,NEGATIVE,0.9991
537,NEGATIVE,0.7463
538,NEGATIVE,0.9806
539,NEGATIVE,0.9993
540,NEGATIVE,0.718
541,NEGATIVE,0.9911
542,NEGATIVE,0.995
543,POSITIVE,0.9372
544,POSITIVE,0.9992
545,NEGATIVE,0.9993
546,NEGATIVE,0.7003
547,NEGATIVE,0.9929
548,POSITIVE,0.9971
549,NEGATIVE,0.9989
550,POSITIVE,0.9689
551,POSITIVE,0.9998
552,POSITIVE,0.9925
553,NEGATIVE,0.9946
554,NEGATIVE,0.9996
555,NEGATIVE,0.9904
556,POSITIVE,0.9941
557,NEGATIVE,0.9532
558,NEGATIVE,0.9913
559,NEGATIVE,0.985
560,NEGATIVE,0.9987
561,POSITIVE,0.9588
562,NEGATIVE,0.9987
563,NEGATIVE,0.9787
564,NEGATIVE,0.9908
565,POSITIVE,0.9992
566,POSITIVE,0.9543
567,NEGATIVE,0.9983
568,NEGATIVE,0.9995
569,NEGATIVE,0.9992
570,NEGATIVE,0.9671
571,POSITIVE,0.9989
572,NEGATIVE,0.9988
573,POSITIVE,0.9845
574,POSITIVE,0.9972
575,POSITIVE,0.989
576,POSITIVE,0.9934
577,NEGATIVE,0.997
578,POSITIVE,0.9993
579,POSITIVE,0.9204
580,POSITIVE,0.9993
581,NEGATIVE,0.9901
582,NEGATIVE,0.9992
583,NEGATIVE,0.9928
584,NEGATIVE,0.9997
585,NEGATIVE,0.992
586,NEGATIVE,0.9959
587,NEGATIVE,0.9553
588,POSITIVE,0.9947
589,NEGATIVE,0.9993
590,NEGATIVE,0.9883
591,NEGATIVE,0.9993
592,NEGATIVE,0.9994
593,NEGATIVE,0.9844
594,NEGATIVE,0.9969
595,NEGATIVE,0.9664
596,POSITIVE,0.9961
597,POSITIVE,0.6383
598,NEGATIVE,0.9976
599,NEGATIVE,0.9997
600,NEGATIVE,0.9984
601,NEGATIVE,0.9106
602,POSITIVE,0.9996
603,NEGATIVE,0.9995
604,NEGATIVE,0.9478
605,POSITIVE,0.9957
606,NEGATIVE,0.988
607,POSITIVE,0.9948
608,POSITIVE,0.9938
609,NEGATIVE,0.9968
610,NEGATIVE,0.9937
611,POSITIVE,0.9946
612,NEGATIVE,0.9983
613,NEGATIVE,0.9994
614,NEGATIVE,0.9939
615,NEGATIVE,0.9616
616,POSITIVE,0.9521
617,NEGATIVE,0.9981
618,POSITIVE,0.9998
619,POSITIVE,0.9941
620,NEGATIVE,0.9939
621,NEGATIVE,0.9981
622,NEGATIVE,0.9945
623,POSITIVE,0.9999
624,POSITIVE,0.9576
625,POSITIVE,0.9866
626,NEGATIVE,0.9952
627,POSITIVE,0.9734
628,NEGATIVE,0.9937
629,POSITIVE,0.8945
630,NEGATIVE,0.9966
631,NEGATIVE,0.9989
632,NEGATIVE,0.9681
633,NEGATIVE,0.9967
634,NEGATIVE,0.9609
635,NEGATIVE,0.9883
636,POSITIVE,0.5945
637,NEGATIVE,0.5519
638,POSITIVE,0.9994
639,POSITIVE,0.9926
640,NEGATIVE,0.9844
641,POSITIVE,0.9999
642,NEGATIVE,0.9861
643,NEGATIVE,0.9911
644,NEGATIVE,0.9985
645,POSITIVE,0.9847
646,POSITIVE,0.6857
647,POSITIVE,0.9981
648,NEGATIVE,0.893
649,POSITIVE,0.9998
650,POSITIVE,0.9999
651,NEGATIVE,0.6039
652,POSITIVE,0.9986
653,POSITIVE,0.9958
654,POSITIVE,0.9996
655,NEGATIVE,0.7501
656,POSITIVE,0.9909
657,NEGATIVE,0.9993
658,POSITIVE,0.999
659,NEGATIVE,0.9992
660,POSITIVE,0.8686
661,NEGATIVE,0.9969
662,POSITIVE,0.9869
663,NEGATIVE,0.9928
664,NEGATIVE,0.9921
665,POSITIVE,0.9921
666,NEGATIVE,0.9853
667,NEGATIVE,0.9738
668,NEGATIVE,0.9981
669,POSITIVE,0.9988
670,NEGATIVE,0.9964
671,NEGATIVE,0.9823
672,NEGATIVE,0.9996
673,NEGATIVE,0.9797
674,NEGATIVE,0.9985
675,NEGATIVE,0.6449
676,NEGATIVE,0.9762
677,NEGATIVE,0.9926
678,NEGATIVE,0.5313
679,POSITIVE,0.9998
680,NEGATIVE,0.9994
681,NEGATIVE,0.9983
682,POSITIVE,0.9856
683,POSITIVE,0.9997
684,NEGATIVE,0.9992
685,POSITIVE,0.9981
686,NEGATIVE,0.9995
687,NEGATIVE,0.9935
688,NEGATIVE,0.9976
689,POSITIVE,0.8672
690,NEGATIVE,0.9988
691,NEGATIVE,0.9982
692,POSITIVE,0.998
693,NEGATIVE,0.9974
694,NEGATIVE,0.9938
695,NEGATIVE,0.9995
696,NEGATIVE,0.9956
697,NEGATIVE,0.9983
698,NEGATIVE,0.9985
699,NEGATIVE,0.6628
700,POSITIVE,0.9956
701,NEGATIVE,0.9995
702,POSITIVE,0.9872
703,NEGATIVE,0.8344
704,NEGATIVE,0.7389
705,NEGATIVE,0.9933
706,POSITIVE,0.9997
707,NEGATIVE,0.9919
708,NEGATIVE,0.9979
709,POSITIVE,0.9998
710,NEGATIVE,0.9977
711,NEGATIVE,0.997
712,NEGATIVE,0.9985
713,POSITIVE,0.9992
714,NEGATIVE,0.9996
715,POSITIVE,0.9999
716,NEGATIVE,0.9919
717,NEGATIVE,0.9917
718,NEGATIVE,0.9984
719,NEGATIVE,0.7521
720,POSITIVE,0.6649
721,POSITIVE,0.998
722,POSITIVE,0.9261
723,POSITIVE,0.9832
724,POSITIVE,0.9997
725,POSITIVE,0.9998
726,NEGATIVE,0.8719
727,NEGATIVE,0.9902
728,NEGATIVE,0.9882
729,NEGATIVE,0.9997
730,POSITIVE,0.9349
731,POSITIVE,0.9987
732,NEGATIVE,0.9987
733,NEGATIVE,0.9991
734,POSITIVE,0.9893
735,NEGATIVE,0.731
736,NEGATIVE,0.9935
737,NEGATIVE,0.9984
738,NEGATIVE,0.8731
739,NEGATIVE,0.9971
740,NEGATIVE,0.9992
741,NEGATIVE,0.9279
742,POSITIVE,0.9536
743,POSITIVE,0.985
744,NEGATIVE,0.9782
745,POSITIVE,0.9995
746,NEGATIVE,0.9976
747,NEGATIVE,0.9174
748,NEGATIVE,0.9928
749,POSITIVE,0.982
750,POSITIVE,0.5137
751,POSITIVE,0.9953
752,NEGATIVE,0.9952
753,POSITIVE,0.9998
754,POSITIVE,0.9974
755,NEGATIVE,0.9975
756,POSITIVE,0.9995
757,POSITIVE,0.998
758,POSITIVE,0.9162
759,POSITIVE,0.9874
760,POSITIVE,0.9897
761,NEGATIVE,0.9977
762,POSITIVE,0.9999
763,NEGATIVE,0.9977
764,POSITIVE,0.9993
765,POSITIVE,0.9805
766,NEGATIVE,0.9964
767,NEGATIVE,0.9972
768,POSITIVE,0.9961
769,NEGATIVE,0.7122
770,NEGATIVE,0.9997
771,POSITIVE,0.9997
772,NEGATIVE,0.9864
773,NEGATIVE,0.9971
774,NEGATIVE,0.9951
775,POSITIVE,0.9733
776,NEGATIVE,0.9958
777,POSITIVE,0.9958
778,NEGATIVE,0.99
779,POSITIVE,0.9806
780,NEGATIVE,0.9928
781,POSITIVE,0.9768
782,POSITIVE,0.9985
783,POSITIVE,0.9983
784,NEGATIVE,0.9981
785,POSITIVE,0.6081
786,NEGATIVE,0.9946
787,NEGATIVE,0.9943
788,NEGATIVE,0.9972
789,POSITIVE,0.9977
790,POSITIVE,0.9483
791,NEGATIVE,0.9823
792,NEGATIVE,0.9993
793,POSITIVE,0.9995
794,POSITIVE,0.9988
795,POSITIVE,0.9996
796,NEGATIVE,0.9483
797,NEGATIVE,0.999
798,POSITIVE,0.9934
799,NEGATIVE,0.9935
800,NEGATIVE,0.9239
801,POSITIVE,0.9915
802,POSITIVE,0.9982
803,NEGATIVE,0.9995
804,NEGATIVE,0.9942
805,NEGATIVE,0.9687
806,POSITIVE,0.9982
807,POSITIVE,0.9998
808,NEGATIVE,0.9988
809,NEGATIVE,0.9939
810,NEGATIVE,0.9984
811,NEGATIVE,0.9967
812,POSITIVE,0.9932
813,NEGATIVE,0.5196
814,NEGATIVE,0.9766
815,NEGATIVE,0.9959
816,NEGATIVE,0.9972
817,POSITIVE,0.905
818,NEGATIVE,0.958
819,NEGATIVE,0.9583
820,NEGATIVE,0.9995
821,POSITIVE,0.9736
822,POSITIVE,0.9999
823,NEGATIVE,0.9803
824,NEGATIVE,0.9939
825,NEGATIVE,0.9963
826,NEGATIVE,0.9997
827,NEGATIVE,0.9471
828,NEGATIVE,0.9997
829,NEGATIVE,0.5028
830,NEGATIVE,0.9993
831,NEGATIVE,0.9882
832,NEGATIVE,0.9988
833,NEGATIVE,0.9928
834,NEGATIVE,0.62
835,NEGATIVE,0.9997
836,NEGATIVE,0.9603
837,NEGATIVE,0.9986
838,NEGATIVE,0.9282
839,NEGATIVE,0.9978
840,POSITIVE,0.5447
841,NEGATIVE,0.9981
842,NEGATIVE,0.7577
843,POSITIVE,0.9967
844,NEGATIVE,0.9998
845,POSITIVE,0.9875
846,POSITIVE,0.9878
847,NEGATIVE,0.9971
848,NEGATIVE,0.9774
849,NEGATIVE,0.9921
850,POSITIVE,0.9677
851,NEGATIVE,0.9899
852,POSITIVE,0.9954
853,NEGATIVE,0.9991
854,NEGATIVE,0.9905
855,NEGATIVE,0.9995
856,NEGATIVE,0.9962
857,NEGATIVE,0.9997
858,NEGATIVE,0.9874
859,NEGATIVE,0.9879
860,NEGATIVE,0.9937
861,POSITIVE,0.882
862,POSITIVE,0.999
863,POSITIVE,0.7728
864,NEGATIVE,0.9985
865,POSITIVE,0.8771
866,POSITIVE,0.7971
867,POSITIVE,0.914
868,NEGATIVE,0.9979
869,POSITIVE,0.9991
870,POSITIVE,0.9998
871,POSITIVE,0.7899
872,NEGATIVE,0.9987
873,POSITIVE,0.9898
874,NEGATIVE,0.9957
875,NEGATIVE,0.9996
876,POSITIVE,0.9668
877,POSITIVE,0.9692
878,NEGATIVE,0.9994
879,NEGATIVE,0.5862
880,NEGATIVE,0.7465
881,NEGATIVE,0.9989
882,POSITIVE,0.9949
883,NEGATIVE,0.999
884,NEGATIVE,0.9994
885,POSITIVE,0.9994
886,NEGATIVE,0.9772
887,POSITIVE,0.9998
888,POSITIVE,0.9996
889,NEGATIVE,0.9972
890,NEGATIVE,0.9662
891,POSITIVE,0.9998
892,POSITIVE,0.9467
893,NEGATIVE,0.9976
894,NEGATIVE,0.9981
895,POSITIVE,0.999
896,POSITIVE,0.9989
897,POSITIVE,0.9998
898,NEGATIVE,0.9854
899,NEGATIVE,0.9986
900,POSITIVE,0.9989
901,NEGATIVE,0.9627
902,NEGATIVE,0.9951
903,NEGATIVE,0.9984
904,NEGATIVE,0.5548
905,POSITIVE,0.9136
906,POSITIVE,0.9877
907,NEGATIVE,0.9989
908,NEGATIVE,0.9987
909,POSITIVE,0.9882
910,NEGATIVE,0.9958
911,POSITIVE,0.9995
912,POSITIVE,0.9979
913,POSITIVE,0.9887
914,NEGATIVE,0.9967
915,POSITIVE,0.9999
916,POSITIVE,0.9998
917,POSITIVE,0.7864
918,NEGATIVE,0.9887
919,POSITIVE,0.9843
920,NEGATIVE,0.986
921,POSITIVE,0.9962
922,NEGATIVE,0.9587
923,NEGATIVE,0.9892
924,POSITIVE,0.9998
925,POSITIVE,0.9933
926,POSITIVE,0.9956
927,POSITIVE,0.9597
928,NEGATIVE,0.9971
929,NEGATIVE,0.9929
930,POSITIVE,0.7734
931,POSITIVE,0.9967
932,NEGATIVE,0.91
933,NEGATIVE,0.9954
934,NEGATIVE,0.9963
935,NEGATIVE,0.9994
936,NEGATIVE,0.9948
937,NEGATIVE,0.9996
938,NEGATIVE,0.9784
939,NEGATIVE,0.8819
940,POSITIVE,0.9975
941,POSITIVE,0.9949
942,NEGATIVE,0.9952
943,NEGATIVE,0.9996
944,POSITIVE,0.9993
945,POSITIVE,0.9995
946,POSITIVE,0.9998
947,POSITIVE,0.9992
948,NEGATIVE,0.9818
949,NEGATIVE,0.9987
950,NEGATIVE,0.945
951,POSITIVE,0.947
952,NEGATIVE,0.8685
953,NEGATIVE,0.9991
954,NEGATIVE,0.9849
955,POSITIVE,0.9259
956,NEGATIVE,0.975
957,POSITIVE,0.9893
958,NEGATIVE,0.9986
959,NEGATIVE,0.9969
960,NEGATIVE,0.9792
961,POSITIVE,0.7771
962,NEGATIVE,0.9842
963,POSITIVE,0.9997
964,NEGATIVE,0.9907
965,POSITIVE,0.7951
966,POSITIVE,0.9999
967,POSITIVE,0.9998
968,POSITIVE,0.9943
969,POSITIVE,0.998
970,NEGATIVE,0.9997
971,NEGATIVE,0.8809
972,NEGATIVE,0.9965
973,NEGATIVE,0.9737
974,POSITIVE,0.9994
975,NEGATIVE,0.5013
976,NEGATIVE,0.9548
977,NEGATIVE,0.9447
978,POSITIVE,0.9865
979,NEGATIVE,0.8986
980,NEGATIVE,0.9929
981,POSITIVE,0.9999
982,POSITIVE,0.9998
983,NEGATIVE,0.9729
984,POSITIVE,0.9723
985,NEGATIVE,0.9786
986,NEGATIVE,0.9914
987,NEGATIVE,0.9996
988,NEGATIVE,0.9715
989,NEGATIVE,0.9922
990,NEGATIVE,0.9939
991,NEGATIVE,0.9981
992,NEGATIVE,0.9783
993,NEGATIVE,0.9959
994,NEGATIVE,0.9978
995,NEGATIVE,0.9973
996,NEGATIVE,0.9792
997,POSITIVE,0.9996
998,NEGATIVE,0.9789
999,NEGATIVE,0.9755
1000,POSITIVE,0.9959
1001,POSITIVE,0.9828
1002,NEGATIVE,0.9996
1003,POSITIVE,0.9205
1004,NEGATIVE,0.9994
1005,POSITIVE,0.9988
1006,POSITIVE,0.9999
1007,NEGATIVE,0.8363
1008,NEGATIVE,0.9964
1009,POSITIVE,0.9987
1010,NEGATIVE,0.9566
1011,POSITIVE,0.9758
1012,NEGATIVE,0.9065
1013,POSITIVE,0.9997
1014,POSITIVE,0.9991
1015,NEGATIVE,0.8983
1016,NEGATIVE,0.9696
1017,NEGATIVE,0.9965
1018,NEGATIVE,0.9987
1019,NEGATIVE,0.9865
1020,NEGATIVE,0.994
1021,NEGATIVE,0.6486
1022,POSITIVE,0.8623
1023,POSITIVE,0.9833
1024,NEGATIVE,0.9088
1025,POSITIVE,0.9998
1026,NEGATIVE,0.9962
1027,POSITIVE,0.9441
1028,POSITIVE,0.8073
1029,POSITIVE,0.9999
1030,NEGATIVE,0.5001
1031,NEGATIVE,0.9539
1032,NEGATIVE,0.9901
1033,POSITIVE,0.5914
1034,NEGATIVE,0.647
1035,POSITIVE,0.6542
1036,POSITIVE,0.9998
1037,NEGATIVE,0.6009
1038,NEGATIVE,0.9991
1039,POSITIVE,0.9689
1040,POSITIVE,0.9995
1041,NEGATIVE,0.9631
1042,POSITIVE,0.5125
1043,POSITIVE,0.9998
1044,POSITIVE,0.5848
1045,NEGATIVE,0.9982
1046,NEGATIVE,0.8761
1047,NEGATIVE,0.9961
1048,POSITIVE,0.9813
1049,POSITIVE,0.9691
1050,NEGATIVE,0.9954
1051,NEGATIVE,0.9993
1052,POSITIVE,0.9987
1053,POSITIVE,0.7926
1054,POSITIVE,0.9873
1055,NEGATIVE,0.9981
1056,NEGATIVE,0.9994
1057,POSITIVE,0.9899
1058,NEGATIVE,0.9709
1059,POSITIVE,0.9896
1060,POSITIVE,0.9998
1061,NEGATIVE,0.9918
1062,NEGATIVE,0.9951
1063,NEGATIVE,0.9933
1064,NEGATIVE,0.9986
1065,NEGATIVE,0.9904
1066,POSITIVE,0.9998
1067,NEGATIVE,0.9971
1068,NEGATIVE,0.996
1069,NEGATIVE,0.9787
1070,POSITIVE,0.9866
1071,NEGATIVE,0.8682
1072,NEGATIVE,0.999
1073,POSITIVE,0.9989
1074,POSITIVE,0.9991
1075,NEGATIVE,0.9922
1076,POSITIVE,0.992
1077,NEGATIVE,0.999
1078,NEGATIVE,0.8534
1079,NEGATIVE,0.9997
1080,NEGATIVE,0.9998
1081,NEGATIVE,0.9802
1082,NEGATIVE,0.9891
1083,NEGATIVE,0.9968
1084,NEGATIVE,0.9994
1085,NEGATIVE,0.9805
1086,NEGATIVE,0.9896
1087,NEGATIVE,0.997
1088,NEGATIVE,0.9882
1089,POSITIVE,0.8614
1090,NEGATIVE,0.9952
1091,POSITIVE,0.9982
1092,POSITIVE,0.994
1093,POSITIVE,0.9984
1094,NEGATIVE,0.9997
1095,NEGATIVE,0.7243
1096,POSITIVE,0.6821
1097,POSITIVE,0.9998
1098,POSITIVE,0.8655
1099,POSITIVE,0.9969
1100,NEGATIVE,0.9228
1101,POSITIVE,0.9998
1102,NEGATIVE,0.9962
1103,POSITIVE,0.9968
1104,POSITIVE,0.9887
1105,NEGATIVE,0.9912
1106,NEGATIVE,0.9483
1107,NEGATIVE,0.9977
1108,POSITIVE,0.9992
1109,POSITIVE,0.9992
1110,POSITIVE,0.7409
1111,NEGATIVE,0.9996
1112,NEGATIVE,0.9997
1113,NEGATIVE,0.9973
1114,NEGATIVE,0.9576
1115,NEGATIVE,0.9718
1116,POSITIVE,0.9987
1117,NEGATIVE,0.6558
1118,NEGATIVE,0.9987
1119,NEGATIVE,0.9975
1120,NEGATIVE,0.9955
1121,NEGATIVE,0.994
1122,NEGATIVE,0.9995
1123,NEGATIVE,0.9958
1124,NEGATIVE,0.9995
1125,NEGATIVE,0.9996
1126,POSITIVE,0.9961
1127,NEGATIVE,0.8682
1128,POSITIVE,0.9596
1129,POSITIVE,0.7449
1130,NEGATIVE,0.7994
1131,POSITIVE,0.9978
1132,NEGATIVE,0.9995
1133,NEGATIVE,0.9989
1134,NEGATIVE,0.9995
1135,NEGATIVE,0.9331
1136,POSITIVE,0.9988
1137,NEGATIVE,0.8514
1138,POSITIVE,0.9412
1139,NEGATIVE,0.9989
1140,POSITIVE,0.9974
1141,NEGATIVE,0.9979
1142,NEGATIVE,0.9996
1143,POSITIVE,0.9968
1144,POSITIVE,0.9995
1145,NEGATIVE,0.9937
1146,POSITIVE,0.9997
1147,POSITIVE,0.9986
1148,POSITIVE,0.9999
1149,NEGATIVE,0.8049
1150,NEGATIVE,0.9976
1151,POSITIVE,0.9986
1152,NEGATIVE,0.9871
1153,NEGATIVE,0.9977
1154,POSITIVE,0.9992
1155,NEGATIVE,0.9995
1156,NEGATIVE,0.9963
1157,POSITIVE,0.9982
1158,NEGATIVE,0.996
1159,POSITIVE,0.9996
1160,NEGATIVE,0.865
1161,POSITIVE,0.9995
1162,POSITIVE,0.9969
1163,NEGATIVE,0.9961
1164,NEGATIVE,0.9562
1165,NEGATIVE,0.9985
1166,NEGATIVE,0.9866
1167,POSITIVE,0.9786
1168,POSITIVE,0.9963
1169,NEGATIVE,0.9745
1170,NEGATIVE,0.9789
1171,NEGATIVE,0.9985
1172,NEGATIVE,0.9993
1173,POSITIVE,0.947
1174,NEGATIVE,0.9976
1175,NEGATIVE,0.9846
1176,NEGATIVE,0.9927
1177,NEGATIVE,0.9998
1178,NEGATIVE,0.9987
1179,NEGATIVE,0.9967
1180,NEGATIVE,0.9919
1181,NEGATIVE,0.9964
1182,NEGATIVE,0.9489
1183,NEGATIVE,0.9985
1184,NEGATIVE,0.9989
1185,NEGATIVE,0.9987
1186,POSITIVE,0.996
1187,NEGATIVE,0.9984
1188,NEGATIVE,0.9818
1189,POSITIVE,0.9941
1190,POSITIVE,0.9988
1191,NEGATIVE,0.6439
1192,NEGATIVE,0.9992
1193,POSITIVE,0.9986
1194,POSITIVE,0.985
1195,NEGATIVE,0.992
1196,NEGATIVE,0.9992
1197,POSITIVE,0.9987
1198,POSITIVE,0.9578
1199,NEGATIVE,0.9984
1200,NEGATIVE,0.9963
1201,POSITIVE,0.9889
1202,NEGATIVE,0.9938
1203,NEGATIVE,0.8092
1204,NEGATIVE,0.9778
1205,NEGATIVE,0.9715
1206,POSITIVE,0.9877
1207,POSITIVE,0.9998
1208,NEGATIVE,0.9931
1209,POSITIVE,0.9998
1210,POSITIVE,0.9998
1211,POSITIVE,0.9444
1212,POSITIVE,0.9858
1213,POSITIVE,0.9995
1214,POSITIVE,0.7085
1215,POSITIVE,0.9974
1216,NEGATIVE,0.9353
1217,NEGATIVE,0.9977
1218,NEGATIVE,0.8937
1219,POSITIVE,0.9959
1220,NEGATIVE,0.5493
1221,NEGATIVE,0.9978
1222,NEGATIVE,0.9962
1223,POSITIVE,0.9809
1224,NEGATIVE,0.9814
1225,POSITIVE,0.9832
1226,POSITIVE,0.9959
1227,NEGATIVE,0.9981
1228,NEGATIVE,0.5204
1229,NEGATIVE,0.9739
1230,NEGATIVE,0.9986
1231,POSITIVE,0.9994
1232,NEGATIVE,0.999
1233,NEGATIVE,0.9995
1234,POSITIVE,0.9627
1235,NEGATIVE,0.9975
1236,POSITIVE,0.5581
1237,POSITIVE,0.999
1238,NEGATIVE,0.9989
1239,NEGATIVE,0.8027
1240,POSITIVE,0.9973
1241,POSITIVE,0.9989
1242,POSITIVE,0.6322
1243,NEGATIVE,0.9957
1244,NEGATIVE,0.9981
1245,POSITIVE,0.8851
1246,POSITIVE,0.9948
1247,NEGATIVE,0.993
1248,POSITIVE,0.9997
1249,NEGATIVE,0.9979
1250,NEGATIVE,0.9997
1251,NEGATIVE,0.9697
1252,NEGATIVE,0.9993
1253,NEGATIVE,0.5879
1254,POSITIVE,0.9986
1255,NEGATIVE,0.9993
1256,NEGATIVE,0.9705
1257,NEGATIVE,0.6963
1258,NEGATIVE,0.9883
1259,NEGATIVE,0.9962
1260,NEGATIVE,0.9992
1261,POSITIVE,0.9743
1262,NEGATIVE,0.9978
1263,NEGATIVE,0.9937
1264,NEGATIVE,0.9997
1265,POSITIVE,0.9999
1266,NEGATIVE,0.9997
1267,NEGATIVE,0.9791
1268,NEGATIVE,0.995
1269,NEGATIVE,0.8166
1270,NEGATIVE,0.9997
1271,POSITIVE,0.9991
1272,NEGATIVE,0.9953
1273,NEGATIVE,0.9929
1274,POSITIVE,0.9997
1275,NEGATIVE,0.9967
1276,NEGATIVE,0.9995
1277,NEGATIVE,0.9931
1278,POSITIVE,0.9849
1279,POSITIVE,0.8424
1280,NEGATIVE,0.9881
1281,NEGATIVE,0.9796
1282,NEGATIVE,0.8067
1283,POSITIVE,0.9934
1284,NEGATIVE,0.9939
1285,NEGATIVE,0.9929
1286,POSITIVE,0.9947
1287,POSITIVE,0.9994
1288,POSITIVE,0.992
1289,POSITIVE,0.9932
1290,POSITIVE,0.9995
1291,POSITIVE,0.9997
1292,POSITIVE,0.9453
1293,NEGATIVE,0.9964
1294,NEGATIVE,0.9393
1295,POSITIVE,0.9974
1296,NEGATIVE,0.9979
1297,POSITIVE,0.5354
1298,POSITIVE,0.959
1299,POSITIVE,0.999
1300,POSITIVE,0.9989
1301,NEGATIVE,0.9983
1302,POSITIVE,0.9696
1303,NEGATIVE,0.9516
1304,NEGATIVE,0.9981
1305,NEGATIVE,0.9884
1306,NEGATIVE,0.9985
1307,NEGATIVE,0.9994
1308,NEGATIVE,0.9988
1309,POSITIVE,0.5239
1310,POSITIVE,0.9978
1311,NEGATIVE,0.9787
1312,NEGATIVE,0.99
1313,POSITIVE,0.9767
1314,NEGATIVE,0.9996
1315,POSITIVE,0.9996
1316,NEGATIVE,0.9911
1317,NEGATIVE,0.9668
1318,NEGATIVE,0.9971
1319,NEGATIVE,0.9985
1320,NEGATIVE,0.9945
1321,NEGATIVE,0.8801
1322,NEGATIVE,0.9507
1323,NEGATIVE,0.9146
1324,NEGATIVE,0.8564
1325,NEGATIVE,0.9753
1326,NEGATIVE,0.9987
1327,POSITIVE,0.9982
1328,NEGATIVE,0.9912
1329,NEGATIVE,0.9997
1330,NEGATIVE,0.9932
1331,NEGATIVE,0.8731
1332,NEGATIVE,0.7109
1333,POSITIVE,0.9616
1334,NEGATIVE,0.8167
1335,POSITIVE,0.9989
1336,NEGATIVE,0.9972
1337,POSITIVE,0.9995
1338,NEGATIVE,0.9974
1339,NEGATIVE,0.9747
1340,NEGATIVE,0.9661
1341,NEGATIVE,0.9935
1342,POSITIVE,0.9998
1343,POSITIVE,0.9972
1344,POSITIVE,0.9909
1345,NEGATIVE,0.9997
1346,NEGATIVE,0.9991
1347,NEGATIVE,0.9975
1348,NEGATIVE,0.9879
1349,NEGATIVE,0.9982
1350,NEGATIVE,0.9995
1351,POSITIVE,0.9835
1352,NEGATIVE,0.5388
1353,POSITIVE,0.8966
1354,POSITIVE,0.9401
1355,NEGATIVE,0.9871
1356,NEGATIVE,0.9887
1357,NEGATIVE,0.9949
1358,NEGATIVE,0.9526
1359,POSITIVE,0.994
1360,NEGATIVE,0.9688
1361,POSITIVE,0.9983
1362,NEGATIVE,0.9996
1363,NEGATIVE,0.993
1364,POSITIVE,0.995
1365,NEGATIVE,0.9995
1366,NEGATIVE,0.9957
1367,POSITIVE,0.6791
1368,POSITIVE,0.9998
1369,NEGATIVE,0.9782
1370,NEGATIVE,0.9993
1371,NEGATIVE,0.969
1372,POSITIVE,0.9987
1373,POSITIVE,0.9974
1374,POSITIVE,0.9656
1375,NEGATIVE,0.9989
1376,NEGATIVE,0.9968
1377,POSITIVE,0.9997
1378,NEGATIVE,0.9915
1379,POSITIVE,0.817
1380,NEGATIVE,0.9997
1381,NEGATIVE,0.9993
1382,NEGATIVE,0.9949
1383,NEGATIVE,0.93
1384,NEGATIVE,0.9988
1385,POSITIVE,0.9997
1386,POSITIVE,0.9998
1387,POSITIVE,0.9977
1388,POSITIVE,0.7846
1389,NEGATIVE,0.9986
1390,NEGATIVE,0.9996
1391,NEGATIVE,0.9961
1392,NEGATIVE,0.9973
1393,NEGATIVE,0.9948
1394,NEGATIVE,0.997
1395,POSITIVE,0.9999
1396,POSITIVE,0.998
1397,NEGATIVE,0.9462
1398,POSITIVE,0.9745
1399,NEGATIVE,0.9926
1400,NEGATIVE,0.9813
1401,POSITIVE,0.9664
1402,NEGATIVE,0.9943
1403,NEGATIVE,0.9982
1404,POSITIVE,0.9426
1405,POSITIVE,0.9698
1406,POSITIVE,0.7544
1407,NEGATIVE,0.9989
1408,NEGATIVE,0.88
1409,POSITIVE,0.9998
1410,NEGATIVE,0.993
1411,POSITIVE,0.9989
1412,NEGATIVE,0.9985
1413,NEGATIVE,0.9567
1414,NEGATIVE,0.9915
1415,NEGATIVE,0.9951
1416,NEGATIVE,0.9995
1417,NEGATIVE,0.9892
1418,POSITIVE,0.9975
1419,NEGATIVE,0.9825
1420,NEGATIVE,0.9969
1421,POSITIVE,0.9582
1422,NEGATIVE,0.9957
1423,POSITIVE,0.799
1424,NEGATIVE,0.9931
1425,NEGATIVE,0.9997
1426,POSITIVE,0.9937
1427,NEGATIVE,0.9954
1428,POSITIVE,0.9996
1429,POSITIVE,0.8477
1430,NEGATIVE,0.9931
1431,POSITIVE,0.9993
1432,POSITIVE,0.9998
1433,NEGATIVE,0.9957
1434,NEGATIVE,0.9991
1435,NEGATIVE,0.9407
1436,NEGATIVE,0.9981
1437,NEGATIVE,0.9997
1438,NEGATIVE,0.9524
1439,NEGATIVE,0.9974
1440,NEGATIVE,0.9997
1441,POSITIVE,0.9999
1442,NEGATIVE,0.8373
1443,NEGATIVE,0.9956
1444,NEGATIVE,0.969
1445,NEGATIVE,0.9571
1446,NEGATIVE,0.9906
1447,NEGATIVE,0.9395
1448,POSITIVE,0.9954
1449,POSITIVE,0.9341
1450,NEGATIVE,0.8063
1451,NEGATIVE,0.9191
1452,POSITIVE,0.9997
1453,POSITIVE,0.9997
1454,POSITIVE,0.7437
1455,NEGATIVE,0.9952
1456,POSITIVE,0.9866
1457,POSITIVE,0.9076
1458,POSITIVE,0.9989
1459,NEGATIVE,0.9303
1460,NEGATIVE,0.9522
1461,POSITIVE,0.5821
1462,POSITIVE,0.9912
1463,NEGATIVE,0.9996
1464,NEGATIVE,0.5581
1465,NEGATIVE,0.9906
1466,POSITIVE,0.9796
1467,POSITIVE,0.9888
1468,POSITIVE,0.9817
1469,POSITIVE,0.9998
1470,NEGATIVE,0.9836
1471,NEGATIVE,0.9209
1472,POSITIVE,0.9984
1473,NEGATIVE,0.9975
1474,NEGATIVE,0.559
1475,POSITIVE,0.9791
1476,NEGATIVE,0.9958
1477,POSITIVE,0.9986
1478,POSITIVE,0.9985
1479,POSITIVE,0.9998
1480,NEGATIVE,0.9982
1481,POSITIVE,0.987
1482,POSITIVE,0.9635
1483,NEGATIVE,0.9523
1484,POSITIVE,0.9989
1485,NEGATIVE,0.8059
1486,POSITIVE,0.9995
1487,POSITIVE,0.8504
1488,NEGATIVE,0.9953
1489,POSITIVE,0.8754
1490,NEGATIVE,0.9967
1491,POSITIVE,0.9741
1492,NEGATIVE,0.9863
1493,NEGATIVE,0.9992
1494,NEGATIVE,0.9863
1495,NEGATIVE,0.9946
1496,POSITIVE,0.6519
1497,POSITIVE,0.9885
1498,NEGATIVE,0.8966
1499,POSITIVE,0.9998
1500,POSITIVE,0.9996
1501,POSITIVE,0.9989
1502,NEGATIVE,0.988
1503,NEGATIVE,0.9935
1504,POSITIVE,0.9329
1505,NEGATIVE,0.9861
1506,POSITIVE,0.997
1507,NEGATIVE,0.9987
1508,NEGATIVE,0.9941
1509,POSITIVE,0.9255
1510,POSITIVE,0.9998
1511,NEGATIVE,0.8488
1512,POSITIVE,0.9916
1513,POSITIVE,0.9976
1514,NEGATIVE,0.999
1515,NEGATIVE,0.9986
1516,POSITIVE,0.9232
1517,NEGATIVE,0.97
1518,NEGATIVE,0.9941
1519,POSITIVE,0.5576
1520,NEGATIVE,0.9979
1521,POSITIVE,0.7071
1522,NEGATIVE,0.772
1523,POSITIVE,0.669
1524,NEGATIVE,0.9954
1525,NEGATIVE,0.9988
1526,POSITIVE,0.9961
1527,POSITIVE,0.9998
1528,NEGATIVE,0.9976
1529,NEGATIVE,0.9356
1530,NEGATIVE,0.9981
1531,NEGATIVE,0.9966
1532,POSITIVE,0.9997
1533,NEGATIVE,0.9813
1534,NEGATIVE,0.9961
1535,POSITIVE,0.9985
1536,POSITIVE,0.9966
1537,NEGATIVE,0.995
1538,NEGATIVE,0.9973
1539,NEGATIVE,0.9993
1540,NEGATIVE,0.979
1541,NEGATIVE,0.9976
1542,NEGATIVE,0.9963
1543,NEGATIVE,0.9826
1544,NEGATIVE,0.9089
1545,POSITIVE,0.9998
1546,POSITIVE,0.9358
1547,NEGATIVE,0.9987
1548,NEGATIVE,0.9986
1549,NEGATIVE,0.9872
1550,NEGATIVE,0.9993
1551,NEGATIVE,0.9989
1552,NEGATIVE,0.9985
1553,POSITIVE,0.8001
1554,POSITIVE,0.9521
1555,POSITIVE,0.9881
1556,NEGATIVE,0.9255
1557,NEGATIVE,0.9995
1558,NEGATIVE,0.9793
1559,POSITIVE,0.9982
1560,POSITIVE,0.9992
1561,NEGATIVE,0.9981
1562,NEGATIVE,0.9864
1563,POSITIVE,0.9756
1564,NEGATIVE,0.9914
1565,NEGATIVE,0.9972
1566,POSITIVE,0.9969
1567,POSITIVE,0.9878
1568,POSITIVE,0.9867
1569,POSITIVE,0.9665
1570,POSITIVE,0.9955
1571,POSITIVE,0.9986
1572,POSITIVE,0.9997
1573,NEGATIVE,0.9684
1574,NEGATIVE,0.9623
1575,NEGATIVE,0.9993
1576,POSITIVE,0.9999
1577,POSITIVE,0.9888
1578,NEGATIVE,0.998
1579,NEGATIVE,0.9981
1580,POSITIVE,0.9993
1581,POSITIVE,0.999
1582,NEGATIVE,0.9917
1583,POSITIVE,0.9415
1584,NEGATIVE,0.9979
1585,NEGATIVE,0.9203
1586,NEGATIVE,0.9922
1587,NEGATIVE,0.9893
1588,NEGATIVE,0.9991
1589,NEGATIVE,0.9956
1590,POSITIVE,0.9991
1591,NEGATIVE,0.7095
1592,NEGATIVE,0.9924
1593,NEGATIVE,0.9692
1594,POSITIVE,0.9989
1595,NEGATIVE,0.9996
1596,NEGATIVE,0.9966
1597,NEGATIVE,0.9369
1598,POSITIVE,0.9746
1599,NEGATIVE,0.9992
1600,NEGATIVE,0.9989
1601,POSITIVE,0.9974
1602,POSITIVE,0.9966
1603,POSITIVE,0.9949
1604,NEGATIVE,0.9537
1605,NEGATIVE,0.9974
1606,NEGATIVE,0.998
1607,NEGATIVE,0.9997
1608,NEGATIVE,0.9953
1609,NEGATIVE,0.9976
1610,NEGATIVE,0.7737
1611,POSITIVE,0.9936
1612,POSITIVE,0.8411
1613,NEGATIVE,0.9269
1614,NEGATIVE,0.9997
1615,NEGATIVE,0.9996
1616,NEGATIVE,0.9996
1617,NEGATIVE,0.9941
1618,NEGATIVE,0.9951
1619,POSITIVE,0.9988
1620,NEGATIVE,0.999
1621,POSITIVE,0.9955
1622,POSITIVE,0.9997
1623,POSITIVE,0.9525
1624,NEGATIVE,0.8926
1625,POSITIVE,0.9973
1626,NEGATIVE,0.9922
1627,NEGATIVE,0.9852
1628,POSITIVE,0.9884
1629,NEGATIVE,0.9924
1630,POSITIVE,0.9987
1631,POSITIVE,0.9997
1632,NEGATIVE,0.7124
1633,NEGATIVE,0.9966
1634,POSITIVE,0.5764
1635,POSITIVE,0.9978
1636,NEGATIVE,0.999
1637,NEGATIVE,0.9884
1638,NEGATIVE,0.9917
1639,NEGATIVE,0.9964
1640,POSITIVE,0.8389
1641,NEGATIVE,0.9398
1642,NEGATIVE,0.9866
1643,POSITIVE,0.9976
1644,POSITIVE,0.998
1645,POSITIVE,0.9985
1646,NEGATIVE,0.9956
1647,POSITIVE,0.9976
1648,NEGATIVE,0.9747
1649,POSITIVE,0.9894
1650,POSITIVE,0.9959
1651,NEGATIVE,0.9973
1652,NEGATIVE,0.9941
1653,POSITIVE,0.5081
1654,POSITIVE,0.9962
1655,POSITIVE,0.9995
1656,NEGATIVE,0.9985
1657,NEGATIVE,0.9978
1658,POSITIVE,0.9945
1659,NEGATIVE,0.9317
1660,NEGATIVE,0.999
1661,POSITIVE,0.9997
1662,POSITIVE,0.9998
1663,POSITIVE,0.9982
1664,POSITIVE,0.7762
1665,NEGATIVE,0.9989
1666,NEGATIVE,0.9994
1667,POSITIVE,0.9989
1668,POSITIVE,0.9975
1669,NEGATIVE,0.9845
1670,NEGATIVE,0.9639
1671,NEGATIVE,0.9821
1672,NEGATIVE,0.9477
1673,NEGATIVE,0.9967
1674,NEGATIVE,0.9994
1675,NEGATIVE,0.9845
1676,NEGATIVE,0.9843
1677,POSITIVE,0.9891
1678,NEGATIVE,0.9992
1679,POSITIVE,0.9966
1680,NEGATIVE,0.8525
1681,POSITIVE,0.9861
1682,POSITIVE,0.985
1683,NEGATIVE,0.9989
1684,NEGATIVE,0.9612
1685,POSITIVE,0.9827
1686,POSITIVE,0.9802
1687,NEGATIVE,0.998
1688,POSITIVE,0.805
1689,NEGATIVE,0.9979
1690,NEGATIVE,0.9995
1691,NEGATIVE,0.9992
1692,NEGATIVE,0.9976
1693,NEGATIVE,0.9995
1694,NEGATIVE,0.9978
1695,POSITIVE,0.999
1696,NEGATIVE,0.5742
1697,POSITIVE,0.9813
1698,NEGATIVE,0.9826
1699,POSITIVE,0.9998
1700,NEGATIVE,0.9852
1701,NEGATIVE,0.9968
1702,NEGATIVE,0.9912
1703,NEGATIVE,0.998
1704,NEGATIVE,0.8409
1705,NEGATIVE,0.9997
1706,NEGATIVE,0.9154
1707,NEGATIVE,0.9994
1708,POSITIVE,0.8044
1709,NEGATIVE,0.9957
1710,NEGATIVE,0.943
1711,NEGATIVE,0.9992
1712,NEGATIVE,0.999
1713,NEGATIVE,0.9928
1714,NEGATIVE,0.9982
1715,POSITIVE,0.9901
1716,POSITIVE,0.9717
1717,NEGATIVE,0.9984
1718,POSITIVE,0.9574
1719,POSITIVE,0.9852
1720,POSITIVE,0.9982
1721,POSITIVE,0.9871
1722,POSITIVE,0.9975
1723,POSITIVE,0.9995
1724,NEGATIVE,0.7306
1725,POSITIVE,0.9972
1726,POSITIVE,0.9964
1727,POSITIVE,0.8674
1728,NEGATIVE,0.5461
1729,POSITIVE,0.999
1730,NEGATIVE,0.9775
1731,NEGATIVE,0.9914
1732,NEGATIVE,0.9734
1733,POSITIVE,0.9995
1734,NEGATIVE,0.999
1735,POSITIVE,0.991
1736,POSITIVE,0.9782
1737,POSITIVE,0.9982
1738,NEGATIVE,0.9996
1739,NEGATIVE,0.98
1740,NEGATIVE,0.9988
1741,POSITIVE,0.9898
1742,POSITIVE,0.998
1743,NEGATIVE,0.9965
1744,NEGATIVE,0.9963
1745,POSITIVE,0.8157
1746,NEGATIVE,0.9966
1747,NEGATIVE,0.9991
1748,NEGATIVE,0.9991
1749,NEGATIVE,0.9845
1750,POSITIVE,0.9983
1751,NEGATIVE,0.9968
1752,NEGATIVE,0.8826
1753,POSITIVE,0.8154
1754,POSITIVE,0.9998
1755,NEGATIVE,0.9989
1756,POSITIVE,0.9967
1757,NEGATIVE,0.9992
1758,POSITIVE,0.9998
1759,POSITIVE,0.9948
1760,NEGATIVE,0.9953
1761,POSITIVE,0.9986
1762,POSITIVE,0.9967
1763,POSITIVE,0.9973
1764,NEGATIVE,0.9994
1765,NEGATIVE,0.9867
1766,NEGATIVE,0.7616
1767,POSITIVE,0.9998
1768,NEGATIVE,0.9989
1769,NEGATIVE,0.9996
1770,NEGATIVE,0.9992
1771,NEGATIVE,0.9985
1772,POSITIVE,0.9958
1773,POSITIVE,0.9321
1774,NEGATIVE,0.7628
1775,NEGATIVE,0.9947
1776,POSITIVE,0.9966
1777,NEGATIVE,0.9992
1778,NEGATIVE,0.9975
1779,NEGATIVE,0.992
1780,NEGATIVE,0.7053
1781,NEGATIVE,0.8434
1782,POSITIVE,0.9991
1783,POSITIVE,0.9992
1784,NEGATIVE,0.9945
1785,NEGATIVE,0.9971
1786,NEGATIVE,0.9575
1787,NEGATIVE,0.9975
1788,NEGATIVE,0.9768
1789,POSITIVE,0.984
1790,POSITIVE,0.7784
1791,POSITIVE,0.9998
1792,POSITIVE,0.9813
1793,NEGATIVE,0.982
1794,NEGATIVE,0.9818
1795,POSITIVE,0.9755
1796,NEGATIVE,0.9949
1797,NEGATIVE,0.5975
1798,POSITIVE,0.6511
1799,NEGATIVE,0.9958
1800,NEGATIVE,0.9804
1801,NEGATIVE,0.973
1802,NEGATIVE,0.9049
1803,NEGATIVE,0.852
1804,NEGATIVE,0.9934
1805,POSITIVE,0.9999
1806,NEGATIVE,0.9987
1807,NEGATIVE,0.5441
1808,NEGATIVE,0.9987
1809,NEGATIVE,0.9938
1810,NEGATIVE,0.9845
1811,NEGATIVE,0.9924
1812,NEGATIVE,0.999
1813,NEGATIVE,0.9851
1814,NEGATIVE,0.9871
1815,NEGATIVE,0.9778
1816,NEGATIVE,0.6335
1817,NEGATIVE,0.9966
1818,POSITIVE,0.9978
1819,POSITIVE,0.939
1820,NEGATIVE,0.9994
1821,NEGATIVE,0.9997
1822,NEGATIVE,0.9788
1823,NEGATIVE,0.7148
1824,NEGATIVE,0.9992
1825,NEGATIVE,0.8629
1826,NEGATIVE,0.6791
1827,NEGATIVE,0.9772
1828,POSITIVE,0.9987
1829,NEGATIVE,0.903
1830,POSITIVE,0.9993
1831,POSITIVE,0.9955
1832,POSITIVE,0.9977
1833,POSITIVE,0.8273
1834,NEGATIVE,0.9624
1835,POSITIVE,0.9996
1836,POSITIVE,0.9998
1837,POSITIVE,0.9998
1838,POSITIVE,0.9611
1839,POSITIVE,0.9981
1840,NEGATIVE,0.997
1841,NEGATIVE,0.8995
1842,NEGATIVE,0.9972
1843,POSITIVE,0.9999
1844,POSITIVE,0.9995
1845,POSITIVE,0.5866
1846,NEGATIVE,0.9803
1847,POSITIVE,0.9976
1848,POSITIVE,0.9907
1849,POSITIVE,0.9891
1850,POSITIVE,0.9952
1851,POSITIVE,0.9998
1852,NEGATIVE,0.9976
1853,POSITIVE,0.9987
1854,NEGATIVE,0.9994
1855,NEGATIVE,0.9921
1856,NEGATIVE,0.999
1857,POSITIVE,0.9614
1858,POSITIVE,0.9996
1859,NEGATIVE,0.9968
1860,NEGATIVE,0.995
1861,POSITIVE,0.8354
1862,POSITIVE,0.9998
1863,POSITIVE,0.9133
1864,NEGATIVE,0.9969
1865,NEGATIVE,0.9755
1866,NEGATIVE,0.9978
1867,POSITIVE,0.9978
1868,NEGATIVE,0.9661
1869,POSITIVE,0.9843
1870,NEGATIVE,0.9976
1871,NEGATIVE,0.9983
1872,NEGATIVE,0.997
1873,NEGATIVE,0.9995
1874,NEGATIVE,0.9991
1875,NEGATIVE,0.9963
1876,NEGATIVE,0.9951
1877,NEGATIVE,0.985
1878,NEGATIVE,0.9984
1879,NEGATIVE,0.9994
1880,NEGATIVE,0.984
1881,NEGATIVE,0.9992
1882,NEGATIVE,0.5655
1883,NEGATIVE,0.9767
1884,NEGATIVE,0.9993
1885,NEGATIVE,0.9898
1886,POSITIVE,0.948
1887,NEGATIVE,0.9891
1888,NEGATIVE,0.9988
1889,NEGATIVE,0.9901
1890,POSITIVE,0.9951
1891,POSITIVE,0.9939
1892,NEGATIVE,0.9922
1893,POSITIVE,0.9393
1894,NEGATIVE,0.9854
1895,NEGATIVE,0.78
1896,NEGATIVE,0.9941
1897,NEGATIVE,0.9983
1898,NEGATIVE,0.9922
1899,NEGATIVE,0.9984
1900,POSITIVE,0.993
1901,NEGATIVE,0.9943
1902,NEGATIVE,0.5295
1903,NEGATIVE,0.9987
1904,NEGATIVE,0.9991
1905,NEGATIVE,0.9912
1906,NEGATIVE,0.9997
1907,NEGATIVE,0.8295
1908,NEGATIVE,0.9572
1909,NEGATIVE,0.9964
1910,NEGATIVE,0.9994
1911,NEGATIVE,0.9684
1912,NEGATIVE,0.997
1913,NEGATIVE,0.9911
1914,NEGATIVE,0.9887
1915,POSITIVE,0.9981
1916,POSITIVE,0.793
1917,POSITIVE,0.9553
1918,POSITIVE,0.9998
1919,NEGATIVE,0.9992
1920,NEGATIVE,0.996
1921,NEGATIVE,0.9993
1922,POSITIVE,0.9934
1923,NEGATIVE,0.8804
1924,POSITIVE,0.9882
1925,POSITIVE,0.9302
1926,POSITIVE,0.9999
1927,NEGATIVE,0.9984
1928,NEGATIVE,0.9996
1929,POSITIVE,0.9997
1930,NEGATIVE,0.8958
1931,NEGATIVE,0.9972
1932,POSITIVE,0.9603
1933,POSITIVE,0.9998
1934,POSITIVE,0.9965
1935,NEGATIVE,0.9996
1936,POSITIVE,0.9996
1937,POSITIVE,0.9951
1938,NEGATIVE,0.9994
1939,POSITIVE,0.9995
1940,NEGATIVE,0.7804
1941,NEGATIVE,0.9946
1942,POSITIVE,0.5938
1943,POSITIVE,0.9647
1944,NEGATIVE,0.9977
1945,POSITIVE,0.9596
1946,POSITIVE,0.9966
1947,NEGATIVE,0.9943
1948,NEGATIVE,0.9985
1949,NEGATIVE,0.989
1950,NEGATIVE,0.9986
1951,NEGATIVE,0.7295
1952,NEGATIVE,0.9969
1953,POSITIVE,0.9999
1954,NEGATIVE,0.9939
1955,POSITIVE,0.9242
1956,POSITIVE,0.9987
1957,POSITIVE,0.999
1958,NEGATIVE,0.9905
1959,NEGATIVE,0.9936
1960,NEGATIVE,0.9983
1961,NEGATIVE,0.9989
1962,NEGATIVE,0.9891
1963,POSITIVE,0.9995
1964,NEGATIVE,0.9685
1965,POSITIVE,0.984
1966,NEGATIVE,0.9924
1967,POSITIVE,0.9993
1968,NEGATIVE,0.9648
1969,NEGATIVE,0.9964
1970,NEGATIVE,0.9966
1971,NEGATIVE,0.9976
1972,NEGATIVE,0.7487
1973,NEGATIVE,0.9957
1974,NEGATIVE,0.9663
1975,NEGATIVE,0.9988
1976,NEGATIVE,0.8887
1977,NEGATIVE,0.9995
1978,NEGATIVE,0.9982
1979,NEGATIVE,0.9869
1980,NEGATIVE,0.9892
1981,POSITIVE,0.9996
1982,POSITIVE,0.9969
1983,POSITIVE,0.9997
1984,NEGATIVE,0.9988
1985,NEGATIVE,0.9898
1986,NEGATIVE,0.9437
1987,POSITIVE,0.9938
1988,POSITIVE,0.9705
1989,NEGATIVE,0.9927
1990,NEGATIVE,0.997
1991,NEGATIVE,0.9984
1992,POSITIVE,0.9854
1993,NEGATIVE,0.975
1994,NEGATIVE,0.9947
1995,NEGATIVE,0.9977
1996,NEGATIVE,0.9918
1997,NEGATIVE,0.9924
1998,NEGATIVE,0.8899
1999,NEGATIVE,0.9978
2000,POSITIVE,0.9086
2001,NEGATIVE,0.9997
2002,NEGATIVE,0.9984
2003,NEGATIVE,0.999
2004,POSITIVE,0.9996
2005,NEGATIVE,0.7546
2006,NEGATIVE,0.9947
2007,NEGATIVE,0.984
2008,NEGATIVE,0.9993
2009,POSITIVE,0.9991
2010,NEGATIVE,0.9998
2011,NEGATIVE,0.9989
2012,NEGATIVE,0.9987
2013,NEGATIVE,0.9974
2014,POSITIVE,0.993
2015,POSITIVE,0.9992
2016,NEGATIVE,0.8574
2017,POSITIVE,0.7445
2018,NEGATIVE,0.9986
