0,POSITIVE,0.9986
1,POSITIVE,0.9984
2,POSITIVE,0.9851
3,POSITIVE,0.9112
4,NEGATIVE,0.9979
5,NEGATIVE,0.7253
6,NEGATIVE,0.6911
7,NEGATIVE,0.8144
8,POSITIVE,0.9989
9,NEGATIVE,0.9995
10,NEGATIVE,0.9991
11,NEGATIVE,0.986
12,POSITIVE,0.9947
13,POSITIVE,0.8029
14,POSITIVE,0.996
15,NEGATIVE,0.9334
16,POSITIVE,0.9483
17,NEGATIVE,0.9542
18,NEGATIVE,0.9758
19,POSITIVE,0.9997
20,NEGATIVE,0.9975
21,NEGATIVE,0.7094
22,POSITIVE,0.9936
23,NEGATIVE,0.5581
24,NEGATIVE,0.9696
25,POSITIVE,0.7481
26,POSITIVE,0.9993
27,POSITIVE,0.9529
28,POSITIVE,0.9981
29,POSITIVE,0.9498
30,NEGATIVE,0.9676
31,POSITIVE,0.9836
32,NEGATIVE,0.9956
33,POSITIVE,0.9997
34,NEGATIVE,0.9981
35,NEGATIVE,0.8649
36,POSITIVE,0.9996
37,POSITIVE,0.9999
38,NEGATIVE,0.9994
39,POSITIVE,0.9997
40,NEGATIVE,0.9626
41,NEGATIVE,0.9664
42,NEGATIVE,0.8828
43,POSITIVE,0.9826
44,POSITIVE,0.9981
45,NEGATIVE,0.9997
46,POSITIVE,0.8234
47,POSITIVE,0.9946
48,NEGATIVE,0.8396
49,POSITIVE,0.9996
50,NEGATIVE,0.9993
51,NEGATIVE,0.8148
52,NEGATIVE,0.7874
53,NEGATIVE,0.8243
54,NEGATIVE,0.976
55,POSITIVE,0.9998
56,NEGATIVE,0.7446
57,NEGATIVE,0.9412
58,POSITIVE,0.9775
59,POSITIVE,0.9935
60,NEGATIVE,0.9839
61,POSITIVE,0.9986
62,NEGATIVE,0.9996
63,POSITIVE,0.9828
64,POSITIVE,0.9945
65,POSITIVE,0.9998
66,NEGATIVE,0.9655
67,NEGATIVE,0.9909
68,POSITIVE,0.9996
69,NEGATIVE,0.9996
70,NEGATIVE,0.902
71,POSITIVE,0.9975
72,NEGATIVE,0.9618
73,NEGATIVE,0.8969
74,NEGATIVE,0.7561
75,NEGATIVE,0.9989
76,NEGATIVE,0.9976
77,NEGATIVE,0.9836
78,NEGATIVE,0.9983
79,POSITIVE,0.9953
80,NEGATIVE,0.8976
81,NEGATIVE,0.9955
82,NEGATIVE,0.976
83,NEGATIVE,0.9838
84,POSITIVE,0.9808
85,POSITIVE,0.9822
86,NEGATIVE,0.9081
87,NEGATIVE,0.9897
88,NEGATIVE,0.753
89,NEGATIVE,0.9981
90,NEGATIVE,0.5859
91,NEGATIVE,0.9851
92,POSITIVE,0.9996
93,NEGATIVE,0.7469
94,POSITIVE,0.9983
95,POSITIVE,0.9999
96,NEGATIVE,0.9981
97,POSITIVE,0.9853
98,NEGATIVE,0.9994
99,POSITIVE,0.9974
100,NEGATIVE,0.9864
101,NEGATIVE,0.9631
102,NEGATIVE,0.8504
103,POSITIVE,0.9997
104,POSITIVE,0.9666
105,POSITIVE,0.9972
106,NEGATIVE,0.8814
107,POSITIVE,0.9973
108,NEGATIVE,0.9939
109,POSITIVE,0.5053
110,NEGATIVE,0.9992
111,NEGATIVE,0.9892
112,POSITIVE,0.9998
113,NEGATIVE,0.9935
114,NEGATIVE,0.6512
115,NEGATIVE,0.5489
116,NEGATIVE,0.9951
117,NEGATIVE,0.7807
118,NEGATIVE,0.5546
119,POSITIVE,0.9973
120,POSITIVE,0.9978
121,POSITIVE,0.924
122,NEGATIVE,0.9982
123,POSITIVE,0.9999
124,POSITIVE,0.9959
125,POSITIVE,0.9298
126,NEGATIVE,0.9992
127,NEGATIVE,0.9885
128,POSITIVE,0.9982
129,POSITIVE,0.9128
130,NEGATIVE,0.7939
131,POSITIVE,0.9986
132,NEGATIVE,0.9823
133,NEGATIVE,0.9998
134,POSITIVE,0.9071
135,POSITIVE,0.9998
136,NEGATIVE,0.9569
137,NEGATIVE,0.9242
138,NEGATIVE,0.9944
139,POSITIVE,0.9597
140,POSITIVE,0.9946
141,POSITIVE,0.6719
142,POSITIVE,0.9982
143,POSITIVE,0.8474
144,NEGATIVE,0.9996
145,NEGATIVE,0.9782
146,NEGATIVE,0.9903
147,POSITIVE,0.9998
148,NEGATIVE,0.9986
149,POSITIVE,0.9998
150,POSITIVE,0.5975
151,NEGATIVE,0.9887
152,NEGATIVE,0.9921
153,NEGATIVE,0.9763
154,NEGATIVE,0.9855
155,NEGATIVE,0.9099
156,POSITIVE,0.9504
157,NEGATIVE,0.9945
158,NEGATIVE,0.9913
159,POSITIVE,0.9986
160,NEGATIVE,0.9942
161,POSITIVE,0.8548
162,NEGATIVE,0.968
163,NEGATIVE,0.9994
164,POSITIVE,0.995
165,NEGATIVE,0.9932
166,NEGATIVE,0.9888
167,POSITIVE,0.9989
168,NEGATIVE,0.9939
169,NEGATIVE,0.994
170,NEGATIVE,0.9994
171,POSITIVE,0.9934
172,NEGATIVE,0.9877
173,NEGATIVE,0.9922
174,NEGATIVE,0.9982
175,POSITIVE,0.9523
176,POSITIVE,0.9995
177,POSITIVE,0.9996
178,POSITIVE,0.9706
179,NEGATIVE,0.9918
180,POSITIVE,0.9996
181,NEGATIVE,0.9047
182,POSITIVE,0.9816
183,POSITIVE,0.9926
184,POSITIVE,0.9926
185,POSITIVE,0.985
186,POSITIVE,0.9988
187,POSITIVE,0.9991
188,POSITIVE,0.9989
189,NEGATIVE,0.7837
190,NEGATIVE,0.9996
191,NEGATIVE,0.9998
192,POSITIVE,0.9993
193,NEGATIVE,0.9861
194,POSITIVE,0.9615
195,NEGATIVE,0.8607
196,NEGATIVE,0.9612
197,NEGATIVE,0.9975
198,NEGATIVE,0.9543
199,NEGATIVE,0.9942
200,NEGATIVE,0.7593
201,POSITIVE,0.9974
202,NEGATIVE,0.9478
203,POSITIVE,0.9998
204,POSITIVE,0.9989
205,NEGATIVE,0.9834
206,POSITIVE,0.9962
207,POSITIVE,0.9968
208,POSITIVE,0.7155
209,NEGATIVE,0.9507
210,POSITIVE,0.9985
211,POSITIVE,0.9999
212,POSITIVE,0.9995
213,NEGATIVE,0.5632
214,POSITIVE,0.9556
215,NEGATIVE,0.9997
216,NEGATIVE,0.9997
217,POSITIVE,0.9926
218,POSITIVE,0.9991
219,NEGATIVE,0.9899
220,POSITIVE,0.992
221,POSITIVE,0.9974
222,POSITIVE,0.9979
223,NEGATIVE,0.9985
224,NEGATIVE,0.9998
225,POSITIVE,0.9976
226,POSITIVE,0.9985
227,POSITIVE,0.9997
228,POSITIVE,0.7735
229,POSITIVE,0.9996
230,NEGATIVE,0.8912
231,NEGATIVE,0.9974
232,NEGATIVE,0.9916
233,POSITIVE,0.9831
234,POSITIVE,0.8402
235,NEGATIVE,0.9997
236,POSITIVE,0.9987
237,NEGATIVE,0.8118
238,POSITIVE,0.9481
239,NEGATIVE,0.5275
240,NEGATIVE,0.9775
241,POSITIVE,0.9033
242,NEGATIVE,0.8762
243,NEGATIVE,0.9993
244,POSITIVE,0.9042
245,POSITIVE,0.9991
246,POSITIVE,0.9702
247,NEGATIVE,0.911
248,POSITIVE,0.9038
249,NEGATIVE,0.9155
250,POSITIVE,0.9911
251,POSITIVE,0.9946
252,POSITIVE,0.9658
253,POSITIVE,0.9294
254,POSITIVE,0.998
255,POSITIVE,0.9984
256,POSITIVE,0.9954
257,POSITIVE,0.9992
258,NEGATIVE,0.5326
259,NEGATIVE,0.9986
260,POSITIVE,0.9344
261,NEGATIVE,0.9995
262,POSITIVE,0.9934
263,POSITIVE,0.9884
264,NEGATIVE,0.9684
265,NEGATIVE,0.9965
266,NEGATIVE,0.9983
267,NEGATIVE,0.9368
268,NEGATIVE,0.8144
269,POSITIVE,0.9763
270,POSITIVE,0.9777
271,POSITIVE,0.8368
272,NEGATIVE,0.9989
273,NEGATIVE,0.7476
274,POSITIVE,0.9971
275,NEGATIVE,0.9679
276,NEGATIVE,0.9833
277,POSITIVE,0.9989
278,POSITIVE,0.9461
279,POSITIVE,0.9999
280,NEGATIVE,0.9995
281,NEGATIVE,0.9997
282,NEGATIVE,0.7186
283,NEGATIVE,0.9964
284,NEGATIVE,0.9869
285,NEGATIVE,0.9992
286,NEGATIVE,0.6774
287,NEGATIVE,0.9912
288,POSITIVE,0.9807
289,POSITIVE,0.9176
290,POSITIVE,0.638
291,POSITIVE,0.9799
292,POSITIVE,0.9983
293,POSITIVE,0.9997
294,POSITIVE,0.9978
295,POSITIVE,0.9958
296,NEGATIVE,0.9986
297,POSITIVE,0.9997
298,POSITIVE,0.996
299,POSITIVE,0.9866
300,NEGATIVE,0.9681
301,NEGATIVE,0.9848
302,POSITIVE,0.9985
303,NEGATIVE,0.9944
304,NEGATIVE,0.9745
305,POSITIVE,0.9985
306,POSITIVE,0.9978
307,NEGATIVE,0.991
308,POSITIVE,0.9998
309,POSITIVE,0.9988
310,NEGATIVE,0.9859
311,POSITIVE,0.9993
312,POSITIVE,0.9999
313,POSITIVE,0.9998
314,POSITIVE,0.99
315,POSITIVE,0.9896
316,NEGATIVE,0.5293
317,POSITIVE,0.9799
318,NEGATIVE,0.9683
319,POSITIVE,0.9994
320,NEGATIVE,0.9991
321,POSITIVE,0.8199
322,POSITIVE,0.9485
323,NEGATIVE,0.9965
324,POSITIVE,0.9924
325,POSITIVE,0.9955
326,POSITIVE,0.9589
327,POSITIVE,0.9997
328,POSITIVE,0.9219
329,NEGATIVE,0.9764
330,POSITIVE,0.9999
331,POSITIVE,0.9595
332,NEGATIVE,0.9752
333,NEGATIVE,0.9993
334,POSITIVE,0.9993
335,NEGATIVE,0.9776
336,POSITIVE,0.9989
337,POSITIVE,0.9991
338,NEGATIVE,0.9997
339,NEGATIVE,0.9977
340,NEGATIVE,0.9867
341,NEGATIVE,0.9911
342,POSITIVE,0.9999
343,POSITIVE,0.9803
344,NEGATIVE,0.9812
345,POSITIVE,0.8827
346,POSITIVE,0.9943
347,NEGATIVE,0.9825
348,POSITIVE,0.9791
349,POSITIVE,0.9886
350,POSITIVE,0.9946
351,NEGATIVE,0.9951
352,POSITIVE,0.8385
353,POSITIVE,0.6446
354,POSITIVE,0.8167
355,NEGATIVE,0.989
356,POSITIVE,0.5281
357,NEGATIVE,0.9965
358,NEGATIVE,0.9558
359,POSITIVE,0.9993
360,NEGATIVE,0.9997
361,NEGATIVE,0.9344
362,NEGATIVE,0.9943
363,NEGATIVE,0.9961
364,NEGATIVE,0.9951
365,NEGATIVE,0.9921
366,NEGATIVE,0.9862
367,NEGATIVE,0.9626
368,NEGATIVE,0.9195
369,POSITIVE,0.9818
370,POSITIVE,0.9971
371,NEGATIVE,0.9948
372,POSITIVE,0.9996
373,NEGATIVE,0.9998
374,NEGATIVE,0.9456
375,NEGATIVE,0.9886
376,POSITIVE,0.9994
377,POSITIVE,0.9992
378,POSITIVE,0.9953
379,POSITIVE,0.9988
380,POSITIVE,0.9213
381,NEGATIVE,0.9992
382,POSITIVE,0.9974
383,POSITIVE,0.9991
384,POSITIVE,0.9839
385,POSITIVE,0.9983
386,POSITIVE,0.9998
387,NEGATIVE,0.9712
388,NEGATIVE,0.9995
389,NEGATIVE,0.9748
390,POSITIVE,0.9791
391,POSITIVE,0.9885
392,POSITIVE,0.5211
393,POSITIVE,0.9992
394,POSITIVE,0.9587
395,POSITIVE,0.9148
396,POSITIVE,0.9904
397,POSITIVE,0.9953
398,NEGATIVE,0.9992
399,NEGATIVE,0.965
400,NEGATIVE,0.9942
401,NEGATIVE,0.9962
402,NEGATIVE,0.8791
403,NEGATIVE,0.8739
404,NEGATIVE,0.9995
405,NEGATIVE,0.5429
406,NEGATIVE,0.8807
407,NEGATIVE,0.8774
408,NEGATIVE,0.9989
409,POSITIVE,0.9998
410,POSITIVE,0.9963
411,POSITIVE,0.999
412,NEGATIVE,0.9803
413,POSITIVE,0.8439
414,POSITIVE,0.9998
415,POSITIVE,0.9751
416,NEGATIVE,0.5801
417,NEGATIVE,0.7119
418,POSITIVE,0.9906
419,NEGATIVE,0.9986
420,POSITIVE,0.9949
421,POSITIVE,0.9992
422,NEGATIVE,0.996
423,POSITIVE,0.9406
424,POSITIVE,0.5501
425,POSITIVE,0.9918
426,POSITIVE,0.9894
427,NEGATIVE,0.9892
428,POSITIVE,0.552
429,POSITIVE,0.9808
430,POSITIVE,0.8733
431,NEGATIVE,0.9988
432,POSITIVE,0.9542
433,POSITIVE,0.9814
434,POSITIVE,0.9931
435,POSITIVE,0.9886
436,POSITIVE,0.9874
437,NEGATIVE,0.9804
438,POSITIVE,0.9937
439,POSITIVE,0.9929
440,NEGATIVE,0.9979
441,NEGATIVE,0.9801
442,POSITIVE,0.9741
443,POSITIVE,0.9998
444,NEGATIVE,0.7494
445,NEGATIVE,0.9946
446,POSITIVE,0.9047
447,NEGATIVE,0.9995
448,POSITIVE,0.9948
449,POSITIVE,0.986
450,POSITIVE,0.9998
451,POSITIVE,0.9673
452,NEGATIVE,0.9839
453,POSITIVE,0.9929
454,NEGATIVE,0.7708
455,POSITIVE,0.978
456,POSITIVE,0.9997
457,POSITIVE,0.9991
458,POSITIVE,0.9982
459,POSITIVE,0.9952
460,POSITIVE,0.9993
461,POSITIVE,0.995
462,POSITIVE,0.9997
463,NEGATIVE,0.9864
464,POSITIVE,0.996
465,POSITIVE,0.9871
466,POSITIVE,0.9652
467,POSITIVE,0.9936
468,POSITIVE,0.8135
469,POSITIVE,0.9997
470,POSITIVE,0.7637
471,POSITIVE,0.9997
472,NEGATIVE,0.967
473,NEGATIVE,0.9766
474,NEGATIVE,0.9928
475,NEGATIVE,0.5993
476,NEGATIVE,0.9976
477,POSITIVE,0.9854
478,POSITIVE,0.7307
479,POSITIVE,0.6969
480,NEGATIVE,0.9635
481,NEGATIVE,0.9882
482,NEGATIVE,0.9078
483,NEGATIVE,0.9985
484,POSITIVE,0.8086
485,NEGATIVE,0.9955
486,NEGATIVE,0.9701
487,POSITIVE,0.9815
488,NEGATIVE,0.9949
489,NEGATIVE,0.593
490,POSITIVE,0.9392
491,NEGATIVE,0.9936
492,NEGATIVE,0.9904
493,NEGATIVE,0.9747
494,POSITIVE,0.8593
495,POSITIVE,0.9466
496,NEGATIVE,0.9979
497,POSITIVE,0.9888
498,NEGATIVE,0.9868
499,POSITIVE,0.8529
500,NEGATIVE,0.9992
501,NEGATIVE,0.9943
502,NEGATIVE,0.9853
503,NEGATIVE,0.6101
504,NEGATIVE,0.9872
505,NEGATIVE,0.9894
506,NEGATIVE,0.9996
507,NEGATIVE,0.9729
508,NEGATIVE,0.9228
509,POSITIVE,0.9579
510,POSITIVE,0.9993
511,POSITIVE,0.9981
512,NEGATIVE,0.9803
513,POSITIVE,0.889
514,POSITIVE,0.9998
515,POSITIVE,0.9663
516,NEGATIVE,0.9982
517,POSITIVE,0.9999
518,NEGATIVE,0.9997
519,POSITIVE,0.6438
520,NEGATIVE,0.8521
521,NEGATIVE,0.977
522,NEGATIVE,0.5857
523,POSITIVE,0.9787
524,NEGATIVE,0.9936
525,POSITIVE,0.9998
526,POSITIVE,0.9943
527,POSITIVE,0.9995
528,NEGATIVE,0.9936
529,NEGATIVE,0.9981
530,POSITIVE,0.9965
531,POSITIVE,0.9799
532,POSITIVE,0.9985
533,POSITIVE,0.6874
534,POSITIVE,0.9997
535,POSITIVE,0.9727
536,POSITIVE,0.9653
537,POSITIVE,0.995
538,NEGATIVE,0.9989
539,POSITIVE,0.8685
540,POSITIVE,0.996
541,NEGATIVE,0.9083
542,POSITIVE,0.9909
543,POSITIVE,0.9998
544,NEGATIVE,0.9991
545,NEGATIVE,0.9992
546,POSITIVE,0.8524
547,POSITIVE,0.9996
548,POSITIVE,0.9998
549,POSITIVE,0.9985
550,NEGATIVE,0.9975
551,NEGATIVE,0.9574
552,POSITIVE,0.9998
553,NEGATIVE,0.9955
554,POSITIVE,0.9993
555,NEGATIVE,0.9795
556,NEGATIVE,0.9979
557,POSITIVE,0.9893
558,POSITIVE,0.9992
559,POSITIVE,0.9847
560,NEGATIVE,0.9952
561,POSITIVE,0.9967
562,NEGATIVE,0.993
563,NEGATIVE,0.9992
564,NEGATIVE,0.9954
565,NEGATIVE,0.8149
566,NEGATIVE,0.9986
567,NEGATIVE,0.5879
568,NEGATIVE,0.9988
569,NEGATIVE,0.9435
570,POSITIVE,0.9946
571,POSITIVE,0.999
572,NEGATIVE,0.8757
573,POSITIVE,0.9967
574,POSITIVE,0.9922
575,NEGATIVE,0.7253
576,NEGATIVE,0.9971
577,POSITIVE,0.9987
578,NEGATIVE,0.9958
579,POSITIVE,0.6143
580,POSITIVE,0.9995
581,NEGATIVE,0.9674
582,NEGATIVE,0.7209
583,POSITIVE,0.9988
584,NEGATIVE,0.9971
585,NEGATIVE,0.9994
586,NEGATIVE,0.8075
587,POSITIVE,0.9944
588,POSITIVE,0.9961
589,NEGATIVE,0.9976
590,NEGATIVE,0.5349
591,POSITIVE,0.9994
592,NEGATIVE,0.9954
593,POSITIVE,0.9955
594,POSITIVE,0.9989
595,POSITIVE,0.9935
596,NEGATIVE,0.9955
597,POSITIVE,0.971
598,NEGATIVE,0.9939
599,NEGATIVE,0.9948
600,NEGATIVE,0.9985
601,POSITIVE,0.8017
602,POSITIVE,0.9881
603,NEGATIVE,0.9916
604,POSITIVE,0.9942
605,POSITIVE,0.5464
606,POSITIVE,0.9976
607,POSITIVE,0.9917
608,POSITIVE,0.9975
609,NEGATIVE,0.9989
610,NEGATIVE,0.5982
611,POSITIVE,0.9946
612,NEGATIVE,0.5808
613,POSITIVE,0.9994
614,POSITIVE,0.9976
615,POSITIVE,0.9943
616,NEGATIVE,0.9336
617,NEGATIVE,0.98
618,POSITIVE,0.9998
619,POSITIVE,0.9984
620,NEGATIVE,0.9347
621,POSITIVE,0.9142
622,POSITIVE,0.9927
623,NEGATIVE,0.9755
624,NEGATIVE,0.9997
625,NEGATIVE,0.9857
626,NEGATIVE,0.9958
627,POSITIVE,0.9824
628,NEGATIVE,0.9868
629,POSITIVE,0.9998
630,NEGATIVE,0.9818
631,POSITIVE,0.7894
632,NEGATIVE,0.9755
633,POSITIVE,0.9997
634,NEGATIVE,0.9922
635,POSITIVE,0.9953
636,POSITIVE,0.9976
637,NEGATIVE,0.9055
638,POSITIVE,0.9996
639,POSITIVE,0.9737
640,POSITIVE,0.9999
641,POSITIVE,0.9999
642,POSITIVE,0.9525
643,POSITIVE,0.853
644,POSITIVE,0.9751
645,NEGATIVE,0.6978
646,NEGATIVE,0.9492
647,POSITIVE,0.9915
648,NEGATIVE,0.9615
649,POSITIVE,0.9979
650,POSITIVE,0.9989
651,NEGATIVE,0.9955
652,POSITIVE,0.9428
653,POSITIVE,0.9996
654,POSITIVE,0.9997
655,POSITIVE,0.9685
656,NEGATIVE,0.9995
657,NEGATIVE,0.9555
658,POSITIVE,0.9997
659,POSITIVE,0.9999
660,POSITIVE,0.5369
661,NEGATIVE,0.8397
662,NEGATIVE,0.8805
663,NEGATIVE,0.9666
664,POSITIVE,0.9998
665,NEGATIVE,0.9712
666,POSITIVE,0.9141
667,POSITIVE,0.9842
668,POSITIVE,0.9998
669,POSITIVE,0.9997
670,POSITIVE,0.9858
671,POSITIVE,0.999
672,NEGATIVE,0.9993
673,POSITIVE,0.9947
674,NEGATIVE,0.9996
675,POSITIVE,0.9858
676,POSITIVE,0.9998
677,POSITIVE,0.9964
678,POSITIVE,0.5852
679,POSITIVE,0.9953
680,NEGATIVE,0.9882
681,POSITIVE,0.9932
682,POSITIVE,0.9984
683,POSITIVE,0.9999
684,POSITIVE,0.9447
685,POSITIVE,0.9979
686,POSITIVE,0.9723
687,POSITIVE,0.9983
688,POSITIVE,0.9996
689,POSITIVE,0.5784
690,POSITIVE,0.9997
691,POSITIVE,0.8936
692,POSITIVE,0.9755
693,NEGATIVE,0.8175
694,POSITIVE,0.9993
695,NEGATIVE,0.9907
696,POSITIVE,0.9566
697,NEGATIVE,0.5688
698,POSITIVE,0.966
699,POSITIVE,0.709
700,POSITIVE,0.9997
701,NEGATIVE,0.7599
702,NEGATIVE,0.9236
703,POSITIVE,0.9997
704,NEGATIVE,0.8076
705,NEGATIVE,0.9985
706,NEGATIVE,0.9998
707,POSITIVE,0.9978
708,NEGATIVE,0.9691
709,POSITIVE,0.9991
710,NEGATIVE,0.9991
711,NEGATIVE,0.9896
712,POSITIVE,0.9991
713,POSITIVE,0.9842
714,POSITIVE,0.9798
715,POSITIVE,0.9992
716,POSITIVE,0.9957
717,POSITIVE,0.9978
718,NEGATIVE,0.9996
719,NEGATIVE,0.9784
720,NEGATIVE,0.9976
721,NEGATIVE,0.9617
722,POSITIVE,0.984
723,NEGATIVE,0.9997
724,POSITIVE,0.9992
725,POSITIVE,0.9733
726,NEGATIVE,0.9567
727,POSITIVE,0.9957
728,POSITIVE,0.9881
729,POSITIVE,0.9995
730,POSITIVE,0.7382
731,POSITIVE,0.9995
732,POSITIVE,0.9997
733,NEGATIVE,0.919
734,NEGATIVE,0.8387
735,NEGATIVE,0.9671
736,POSITIVE,0.995
737,POSITIVE,0.9992
738,NEGATIVE,0.9918
739,POSITIVE,0.9853
740,POSITIVE,0.9691
741,NEGATIVE,0.9919
742,POSITIVE,0.99
743,NEGATIVE,0.9958
744,POSITIVE,0.9989
745,POSITIVE,0.9969
746,NEGATIVE,0.9465
747,POSITIVE,0.7421
748,POSITIVE,0.9976
749,POSITIVE,0.9766
750,POSITIVE,0.9991
751,NEGATIVE,0.9946
752,POSITIVE,0.9987
753,POSITIVE,0.8133
754,NEGATIVE,0.9997
755,POSITIVE,0.9508
756,POSITIVE,0.9999
757,POSITIVE,0.9967
758,POSITIVE,0.9983
759,POSITIVE,0.9994
760,POSITIVE,0.7661
761,NEGATIVE,0.7368
762,POSITIVE,0.9996
763,NEGATIVE,0.7708
764,POSITIVE,0.9995
765,POSITIVE,0.9979
766,POSITIVE,0.9573
767,NEGATIVE,0.999
768,NEGATIVE,0.9986
769,POSITIVE,0.9996
770,POSITIVE,0.9912
771,POSITIVE,0.9981
772,POSITIVE,0.9914
773,POSITIVE,0.9998
774,POSITIVE,0.7865
775,NEGATIVE,0.9931
776,POSITIVE,0.9889
777,NEGATIVE,0.9994
778,POSITIVE,0.9758
779,POSITIVE,0.9615
780,NEGATIVE,0.9958
781,POSITIVE,0.9984
782,NEGATIVE,0.9805
783,NEGATIVE,0.9293
784,NEGATIVE,0.9647
785,NEGATIVE,0.9996
786,NEGATIVE,0.9995
787,NEGATIVE,0.9637
788,POSITIVE,0.9948
789,POSITIVE,0.9851
790,POSITIVE,0.9967
791,NEGATIVE,0.9986
792,NEGATIVE,0.9989
793,NEGATIVE,0.9995
794,POSITIVE,0.9997
795,POSITIVE,0.9907
796,NEGATIVE,0.9911
797,POSITIVE,0.9885
798,POSITIVE,0.7256
799,POSITIVE,0.9978
800,NEGATIVE,0.8224
801,POSITIVE,0.9998
802,POSITIVE,0.9999
803,NEGATIVE,0.9761
804,NEGATIVE,0.7595
805,NEGATIVE,0.9658
806,POSITIVE,0.9993
807,POSITIVE,0.9984
808,POSITIVE,0.996
809,NEGATIVE,0.9948
810,POSITIVE,0.9963
811,NEGATIVE,0.9827
812,POSITIVE,0.5349
813,POSITIVE,0.9708
814,NEGATIVE,0.9857
815,NEGATIVE,0.9993
816,NEGATIVE,0.977
817,POSITIVE,0.9932
818,POSITIVE,0.9756
819,POSITIVE,0.8431
820,NEGATIVE,0.6337
821,POSITIVE,0.9833
822,POSITIVE,0.9999
823,NEGATIVE,0.9379
824,NEGATIVE,0.9951
825,POSITIVE,0.9995
826,NEGATIVE,0.9918
827,NEGATIVE,0.9922
828,POSITIVE,0.9722
829,POSITIVE,0.8594
830,NEGATIVE,0.9066
831,POSITIVE,0.8956
832,NEGATIVE,0.9897
833,NEGATIVE,0.9939
834,POSITIVE,0.9972
835,POSITIVE,0.976
836,POSITIVE,0.9963
837,NEGATIVE,0.9894
838,NEGATIVE,0.998
839,NEGATIVE,0.9407
840,POSITIVE,0.9998
841,POSITIVE,0.9896
842,POSITIVE,0.9993
843,POSITIVE,0.9948
844,NEGATIVE,0.9919
845,NEGATIVE,0.9928
846,POSITIVE,0.9998
847,NEGATIVE,0.8779
848,POSITIVE,0.9983
849,POSITIVE,0.763
850,POSITIVE,0.998
851,POSITIVE,0.9978
852,POSITIVE,0.9972
853,NEGATIVE,0.9005
854,NEGATIVE,0.9975
855,NEGATIVE,0.9832
856,POSITIVE,0.9767
857,NEGATIVE,0.9782
858,NEGATIVE,0.9993
859,POSITIVE,0.9954
860,NEGATIVE,0.5916
861,POSITIVE,0.9903
862,POSITIVE,0.9996
863,NEGATIVE,0.9881
864,NEGATIVE,0.9993
865,NEGATIVE,0.9909
866,NEGATIVE,0.9897
867,NEGATIVE,0.9883
868,POSITIVE,0.5053
869,POSITIVE,0.9999
870,POSITIVE,0.9998
871,POSITIVE,0.9996
872,POSITIVE,0.9993
873,POSITIVE,0.9909
874,POSITIVE,0.9736
875,NEGATIVE,0.9836
876,NEGATIVE,0.7778
877,NEGATIVE,0.9997
878,NEGATIVE,0.9549
879,POSITIVE,0.9988
880,NEGATIVE,0.9439
881,NEGATIVE,0.9992
882,POSITIVE,0.9919
883,POSITIVE,0.9916
884,POSITIVE,0.9863
885,POSITIVE,0.9951
886,POSITIVE,0.9924
887,NEGATIVE,0.9982
888,NEGATIVE,0.996
889,POSITIVE,0.986
890,NEGATIVE,0.9955
891,NEGATIVE,0.9991
892,POSITIVE,0.9998
893,NEGATIVE,0.9998
894,NEGATIVE,0.9326
895,NEGATIVE,0.9781
896,NEGATIVE,0.9997
897,POSITIVE,0.999
898,NEGATIVE,0.9985
899,POSITIVE,0.8181
900,POSITIVE,0.9999
901,POSITIVE,0.9994
902,NEGATIVE,0.776
903,NEGATIVE,0.8777
904,POSITIVE,0.9462
905,POSITIVE,0.9931
906,NEGATIVE,0.9983
907,POSITIVE,0.5837
908,POSITIVE,0.9999
909,NEGATIVE,0.891
910,NEGATIVE,0.9514
911,NEGATIVE,0.9751
912,NEGATIVE,0.9983
913,NEGATIVE,0.965
914,NEGATIVE,0.6256
915,POSITIVE,0.9405
916,NEGATIVE,0.9683
917,POSITIVE,0.9998
918,NEGATIVE,0.939
919,POSITIVE,0.9969
920,POSITIVE,0.9996
921,NEGATIVE,0.9821
922,POSITIVE,0.9486
923,POSITIVE,0.9969
924,POSITIVE,0.7441
925,NEGATIVE,0.9913
926,POSITIVE,0.9976
927,POSITIVE,0.9756
928,POSITIVE,0.9997
929,POSITIVE,0.9972
930,POSITIVE,0.9965
931,NEGATIVE,0.9981
932,POSITIVE,0.9924
933,NEGATIVE,0.9901
934,NEGATIVE,0.6141
935,NEGATIVE,0.9943
936,NEGATIVE,0.9718
937,NEGATIVE,0.9992
938,NEGATIVE,0.962
939,NEGATIVE,0.9992
940,POSITIVE,0.9998
941,POSITIVE,0.9983
942,POSITIVE,0.9969
943,NEGATIVE,0.9474
944,NEGATIVE,0.9677
945,POSITIVE,0.5556
946,POSITIVE,0.9997
947,POSITIVE,0.9998
948,NEGATIVE,0.9986
949,POSITIVE,0.9985
950,POSITIVE,0.9945
951,POSITIVE,0.9963
952,POSITIVE,0.785
953,POSITIVE,0.7477
954,POSITIVE,0.9607
955,NEGATIVE,0.9979
956,NEGATIVE,0.95
957,POSITIVE,0.9994
958,POSITIVE,0.8261
959,NEGATIVE,0.897
960,POSITIVE,0.9822
961,POSITIVE,0.8586
962,NEGATIVE,0.999
963,POSITIVE,0.9908
964,NEGATIVE,0.989
965,POSITIVE,0.7455
966,NEGATIVE,0.977
967,NEGATIVE,0.9969
968,POSITIVE,0.9981
969,NEGATIVE,0.9402
970,NEGATIVE,0.9943
971,POSITIVE,0.9982
972,NEGATIVE,0.9849
973,NEGATIVE,0.999
974,NEGATIVE,0.8305
975,POSITIVE,0.9989
976,POSITIVE,0.9996
977,NEGATIVE,0.9963
978,NEGATIVE,0.9998
979,POSITIVE,0.9998
980,NEGATIVE,0.9775
981,NEGATIVE,0.5589
982,NEGATIVE,0.7347
983,POSITIVE,0.8271
984,POSITIVE,0.9995
985,NEGATIVE,0.999
986,POSITIVE,0.998
987,NEGATIVE,0.9898
988,POSITIVE,0.9955
989,NEGATIVE,0.8879
990,NEGATIVE,0.9926
991,POSITIVE,0.9936
992,POSITIVE,0.9999
993,NEGATIVE,0.9798
994,POSITIVE,0.9989
995,POSITIVE,0.9974
996,NEGATIVE,0.9692
997,NEGATIVE,0.9935
998,NEGATIVE,0.9951
999,POSITIVE,0.9974
1000,POSITIVE,0.9989
1001,POSITIVE,0.7016
1002,POSITIVE,0.6348
1003,POSITIVE,0.9991
1004,NEGATIVE,0.9933
1005,POSITIVE,0.9851
1006,POSITIVE,0.9991
1007,POSITIVE,0.9904
1008,POSITIVE,0.9865
1009,POSITIVE,0.9993
1010,POSITIVE,0.9974
1011,POSITIVE,0.9988
1012,NEGATIVE,0.9463
1013,NEGATIVE,0.9995
1014,NEGATIVE,0.9997
1015,NEGATIVE,0.8929
1016,NEGATIVE,0.9565
1017,NEGATIVE,0.9496
1018,POSITIVE,0.9998
1019,NEGATIVE,0.9829
1020,NEGATIVE,0.9777
1021,NEGATIVE,0.8123
1022,NEGATIVE,0.9909
1023,POSITIVE,0.9175
1024,NEGATIVE,0.9997
1025,POSITIVE,0.9998
1026,NEGATIVE,0.9902
1027,NEGATIVE,0.9888
1028,NEGATIVE,0.9987
1029,POSITIVE,0.9891
1030,POSITIVE,0.9979
1031,NEGATIVE,0.9896
1032,POSITIVE,0.9994
1033,POSITIVE,0.9627
1034,NEGATIVE,0.9808
1035,NEGATIVE,0.9336
1036,NEGATIVE,0.8718
1037,NEGATIVE,0.9373
1038,NEGATIVE,0.7029
1039,NEGATIVE,0.9962
1040,POSITIVE,0.9935
1041,NEGATIVE,0.9636
1042,POSITIVE,0.9808
1043,NEGATIVE,0.9914
1044,POSITIVE,0.7305
1045,POSITIVE,0.9982
1046,NEGATIVE,0.9948
1047,POSITIVE,0.9998
1048,NEGATIVE,0.9885
1049,NEGATIVE,0.6995
1050,POSITIVE,0.9981
1051,POSITIVE,0.9964
1052,POSITIVE,0.9478
1053,POSITIVE,0.9859
1054,POSITIVE,0.9403
1055,POSITIVE,0.9972
1056,POSITIVE,0.9831
1057,POSITIVE,0.5554
1058,POSITIVE,0.5713
1059,POSITIVE,0.9904
1060,NEGATIVE,0.9949
1061,POSITIVE,0.8182
1062,NEGATIVE,0.9325
1063,POSITIVE,0.9993
1064,POSITIVE,0.7815
1065,POSITIVE,0.975
1066,POSITIVE,0.9998
1067,NEGATIVE,0.9916
1068,POSITIVE,0.9988
1069,POSITIVE,0.9683
1070,POSITIVE,0.9973
1071,NEGATIVE,0.9109
1072,NEGATIVE,0.996
1073,POSITIVE,0.9995
1074,POSITIVE,0.9995
1075,NEGATIVE,0.9989
1076,POSITIVE,0.8894
1077,POSITIVE,0.9583
1078,NEGATIVE,0.9997
1079,NEGATIVE,0.99
1080,NEGATIVE,0.9731
1081,POSITIVE,0.9994
1082,POSITIVE,0.9884
1083,NEGATIVE,0.9109
1084,NEGATIVE,0.9978
1085,POSITIVE,0.9968
1086,POSITIVE,0.9869
1087,NEGATIVE,0.8766
1088,NEGATIVE,0.9903
1089,POSITIVE,0.9907
1090,POSITIVE,0.9911
1091,NEGATIVE,0.9998
1092,POSITIVE,0.995
1093,POSITIVE,0.9968
1094,NEGATIVE,0.9998
1095,POSITIVE,0.9774
1096,POSITIVE,0.9841
1097,POSITIVE,0.9999
1098,POSITIVE,0.9979
1099,NEGATIVE,0.9676
1100,POSITIVE,0.9912
1101,NEGATIVE,0.9987
1102,NEGATIVE,0.7929
1103,NEGATIVE,0.9189
1104,POSITIVE,0.9931
1105,POSITIVE,0.9598
1106,NEGATIVE,0.9997
1107,NEGATIVE,0.9969
1108,POSITIVE,0.9917
1109,NEGATIVE,0.8725
1110,POSITIVE,0.6731
1111,NEGATIVE,0.5412
1112,POSITIVE,0.9997
1113,POSITIVE,0.959
1114,POSITIVE,0.559
1115,POSITIVE,0.9991
1116,POSITIVE,0.9997
1117,POSITIVE,0.9513
1118,POSITIVE,0.9962
1119,POSITIVE,0.9991
1120,POSITIVE,0.9733
1121,NEGATIVE,0.9744
1122,NEGATIVE,0.9328
1123,POSITIVE,0.945
1124,NEGATIVE,0.7789
1125,POSITIVE,0.7564
1126,POSITIVE,0.9821
1127,NEGATIVE,0.9994
1128,NEGATIVE,0.9772
1129,NEGATIVE,0.9695
1130,POSITIVE,0.8886
1131,NEGATIVE,0.9996
1132,NEGATIVE,0.9964
1133,POSITIVE,0.9343
1134,NEGATIVE,0.9862
1135,POSITIVE,0.9993
1136,POSITIVE,0.9999
1137,POSITIVE,0.9996
1138,NEGATIVE,0.9717
1139,POSITIVE,0.9892
1140,POSITIVE,0.9991
1141,NEGATIVE,0.9973
1142,NEGATIVE,0.6129
1143,POSITIVE,0.536
1144,POSITIVE,0.9934
1145,NEGATIVE,0.9299
1146,POSITIVE,0.9989
1147,POSITIVE,0.975
1148,POSITIVE,0.999
1149,NEGATIVE,0.9838
1150,POSITIVE,0.9021
1151,POSITIVE,0.9988
1152,POSITIVE,0.9882
1153,POSITIVE,0.9729
1154,POSITIVE,0.9998
1155,POSITIVE,0.9796
1156,POSITIVE,0.9998
1157,NEGATIVE,0.9924
1158,NEGATIVE,0.9921
1159,POSITIVE,0.9949
1160,NEGATIVE,0.9991
1161,NEGATIVE,0.9945
1162,NEGATIVE,0.9992
1163,POSITIVE,0.9908
1164,POSITIVE,0.9887
1165,POSITIVE,0.6482
1166,POSITIVE,0.9281
1167,POSITIVE,0.8263
1168,POSITIVE,0.9997
1169,POSITIVE,0.954
1170,POSITIVE,0.9985
1171,POSITIVE,0.9996
1172,NEGATIVE,0.708
1173,NEGATIVE,0.8939
1174,NEGATIVE,0.9858
1175,POSITIVE,0.9265
1176,NEGATIVE,0.7002
1177,POSITIVE,0.7913
1178,POSITIVE,0.993
1179,NEGATIVE,0.9922
1180,POSITIVE,0.9998
1181,NEGATIVE,0.9904
1182,POSITIVE,0.8542
1183,NEGATIVE,0.9985
1184,POSITIVE,0.9989
1185,NEGATIVE,0.9956
1186,POSITIVE,0.9405
1187,NEGATIVE,0.977
1188,POSITIVE,0.8253
1189,POSITIVE,0.9999
1190,POSITIVE,0.9988
1191,POSITIVE,0.9774
1192,POSITIVE,0.9032
1193,POSITIVE,0.9982
1194,POSITIVE,0.975
1195,NEGATIVE,0.9977
1196,POSITIVE,0.9967
1197,NEGATIVE,0.9927
1198,POSITIVE,0.942
1199,POSITIVE,0.9997
1200,POSITIVE,0.9989
1201,POSITIVE,0.9998
1202,POSITIVE,0.9996
1203,POSITIVE,0.9992
1204,POSITIVE,0.9712
1205,NEGATIVE,0.9907
1206,POSITIVE,0.9727
1207,POSITIVE,0.9892
1208,POSITIVE,0.9929
1209,POSITIVE,0.9973
1210,NEGATIVE,0.7092
1211,POSITIVE,0.8946
1212,POSITIVE,0.9991
1213,NEGATIVE,0.9977
1214,POSITIVE,0.9993
1215,NEGATIVE,0.87
1216,POSITIVE,0.997
1217,POSITIVE,0.9998
1218,POSITIVE,0.9999
1219,NEGATIVE,0.9928
1220,NEGATIVE,0.9978
1221,NEGATIVE,0.9945
1222,NEGATIVE,0.9998
1223,NEGATIVE,0.9978
1224,NEGATIVE,0.9853
1225,POSITIVE,0.9941
1226,POSITIVE,0.998
1227,POSITIVE,0.9741
1228,NEGATIVE,0.9963
1229,POSITIVE,0.6616
1230,NEGATIVE,0.9998
1231,POSITIVE,0.9996
1232,POSITIVE,0.9989
1233,NEGATIVE,0.9606
1234,NEGATIVE,0.9718
1235,POSITIVE,0.9975
1236,NEGATIVE,0.965
1237,NEGATIVE,0.9742
1238,POSITIVE,0.9928
1239,POSITIVE,0.97
1240,POSITIVE,0.9951
1241,POSITIVE,0.999
1242,NEGATIVE,0.5324
1243,NEGATIVE,0.9915
1244,NEGATIVE,0.9796
1245,NEGATIVE,0.9897
1246,NEGATIVE,0.9717
1247,NEGATIVE,0.9932
1248,POSITIVE,0.9994
1249,NEGATIVE,0.8213
1250,POSITIVE,0.9995
1251,NEGATIVE,0.9708
1252,POSITIVE,0.9749
1253,NEGATIVE,0.9613
1254,POSITIVE,0.8516
1255,NEGATIVE,0.9633
1256,NEGATIVE,0.9809
1257,POSITIVE,0.8943
1258,NEGATIVE,0.9713
1259,NEGATIVE,0.9495
1260,POSITIVE,0.9638
1261,POSITIVE,0.9312
1262,POSITIVE,0.8142
1263,POSITIVE,0.8797
1264,NEGATIVE,0.9988
1265,POSITIVE,0.9891
1266,NEGATIVE,0.8633
1267,NEGATIVE,0.9964
1268,POSITIVE,0.9987
1269,NEGATIVE,0.9998
1270,NEGATIVE,0.714
1271,POSITIVE,0.999
1272,NEGATIVE,0.9998
1273,NEGATIVE,0.9944
1274,NEGATIVE,0.5123
1275,POSITIVE,0.9912
1276,NEGATIVE,0.9882
1277,POSITIVE,0.9961
1278,NEGATIVE,0.8711
1279,NEGATIVE,0.9865
1280,POSITIVE,0.9975
1281,POSITIVE,0.9998
1282,POSITIVE,0.996
1283,POSITIVE,0.9998
1284,POSITIVE,0.9994
1285,POSITIVE,0.9025
1286,NEGATIVE,0.9946
1287,POSITIVE,0.9972
1288,NEGATIVE,0.5659
1289,NEGATIVE,0.9929
1290,NEGATIVE,0.9925
1291,POSITIVE,0.9998
1292,NEGATIVE,0.9289
1293,NEGATIVE,0.998
1294,POSITIVE,0.9992
1295,POSITIVE,0.9994
1296,POSITIVE,0.9972
1297,NEGATIVE,0.9858
1298,POSITIVE,0.9982
1299,POSITIVE,0.9998
1300,NEGATIVE,0.9995
1301,NEGATIVE,0.9018
1302,POSITIVE,0.999
1303,POSITIVE,0.9994
1304,POSITIVE,0.9836
1305,NEGATIVE,0.516
1306,NEGATIVE,0.9423
1307,POSITIVE,0.9987
1308,NEGATIVE,0.9594
1309,POSITIVE,0.96
1310,POSITIVE,0.9598
1311,POSITIVE,0.8481
1312,POSITIVE,0.9987
1313,NEGATIVE,0.9501
1314,POSITIVE,0.9995
1315,POSITIVE,0.9995
1316,POSITIVE,0.8213
1317,NEGATIVE,0.6733
1318,NEGATIVE,0.999
1319,POSITIVE,0.8986
1320,NEGATIVE,0.9952
1321,POSITIVE,0.9919
1322,POSITIVE,0.9856
1323,NEGATIVE,0.7617
1324,NEGATIVE,0.9913
1325,POSITIVE,0.6331
1326,POSITIVE,0.9967
1327,POSITIVE,0.9984
1328,NEGATIVE,0.9823
1329,NEGATIVE,0.9718
1330,POSITIVE,0.9964
1331,POSITIVE,0.9994
1332,POSITIVE,0.9297
1333,NEGATIVE,0.9995
1334,POSITIVE,0.9512
1335,NEGATIVE,0.9364
1336,POSITIVE,0.9988
1337,NEGATIVE,0.9886
1338,NEGATIVE,0.9992
1339,NEGATIVE,0.9784
1340,POSITIVE,0.9998
1341,NEGATIVE,0.987
1342,NEGATIVE,0.7676
1343,POSITIVE,0.998
1344,POSITIVE,0.9134
1345,POSITIVE,0.9893
1346,NEGATIVE,0.9906
1347,POSITIVE,0.993
1348,NEGATIVE,0.9997
1349,NEGATIVE,0.9831
1350,POSITIVE,0.9603
1351,NEGATIVE,0.9997
1352,POSITIVE,0.9999
1353,POSITIVE,0.6598
1354,POSITIVE,0.9937
1355,NEGATIVE,0.9941
1356,NEGATIVE,0.9946
1357,NEGATIVE,0.9992
1358,NEGATIVE,0.9547
1359,POSITIVE,0.9992
1360,NEGATIVE,0.9993
1361,POSITIVE,0.6546
1362,NEGATIVE,0.9968
1363,NEGATIVE,0.7647
1364,NEGATIVE,0.9963
1365,NEGATIVE,0.9997
1366,POSITIVE,0.9998
1367,POSITIVE,0.9942
1368,NEGATIVE,0.8848
1369,POSITIVE,0.5047
1370,NEGATIVE,0.9979
1371,NEGATIVE,0.9937
1372,NEGATIVE,0.9737
1373,POSITIVE,0.9966
1374,POSITIVE,0.7084
1375,POSITIVE,0.9887
1376,NEGATIVE,0.9668
1377,NEGATIVE,0.9939
1378,NEGATIVE,0.9938
1379,POSITIVE,0.8545
1380,POSITIVE,0.9994
1381,POSITIVE,0.5306
1382,POSITIVE,0.9986
1383,NEGATIVE,0.5824
1384,POSITIVE,0.9858
1385,NEGATIVE,0.972
1386,POSITIVE,0.776
1387,NEGATIVE,0.5145
1388,NEGATIVE,0.9954
1389,NEGATIVE,0.9989
1390,POSITIVE,0.908
1391,POSITIVE,0.9957
1392,NEGATIVE,0.9791
1393,POSITIVE,0.9978
1394,POSITIVE,0.9962
1395,POSITIVE,0.5544
1396,POSITIVE,0.9997
1397,POSITIVE,0.9998
1398,POSITIVE,0.9952
1399,NEGATIVE,0.803
1400,POSITIVE,0.9998
1401,POSITIVE,0.9983
1402,POSITIVE,0.9998
1403,POSITIVE,0.9743
1404,NEGATIVE,0.9841
1405,POSITIVE,0.9998
1406,POSITIVE,0.972
1407,POSITIVE,0.9209
1408,POSITIVE,0.9987
1409,NEGATIVE,0.9745
1410,POSITIVE,0.9989
1411,NEGATIVE,0.9439
1412,NEGATIVE,0.9976
1413,POSITIVE,0.9992
1414,NEGATIVE,0.9857
1415,POSITIVE,0.9995
1416,NEGATIVE,0.6287
1417,NEGATIVE,0.9983
1418,NEGATIVE,0.9954
1419,NEGATIVE,0.9857
1420,NEGATIVE,0.9775
1421,POSITIVE,0.993
1422,POSITIVE,0.995
1423,NEGATIVE,0.9996
1424,NEGATIVE,0.996
1425,POSITIVE,0.9975
1426,POSITIVE,0.9297
1427,POSITIVE,0.9986
1428,NEGATIVE,0.999
1429,NEGATIVE,0.7122
1430,NEGATIVE,0.9818
1431,NEGATIVE,0.9963
1432,NEGATIVE,0.9976
1433,POSITIVE,0.9998
1434,POSITIVE,0.5912
1435,NEGATIVE,0.9609
1436,NEGATIVE,0.9998
1437,POSITIVE,0.981
1438,NEGATIVE,0.9221
1439,POSITIVE,0.998
1440,NEGATIVE,0.5298
1441,POSITIVE,0.9977
1442,POSITIVE,0.9993
1443,NEGATIVE,0.9997
1444,POSITIVE,0.8398
1445,POSITIVE,0.9831
1446,NEGATIVE,0.9997
1447,POSITIVE,0.9998
1448,POSITIVE,0.9995
1449,POSITIVE,0.9985
1450,NEGATIVE,0.993
1451,POSITIVE,0.9472
1452,POSITIVE,0.9998
1453,NEGATIVE,0.9978
1454,POSITIVE,0.987
1455,NEGATIVE,0.9071
1456,POSITIVE,0.9927
1457,NEGATIVE,0.9442
1458,NEGATIVE,0.6706
1459,NEGATIVE,0.9992
1460,POSITIVE,0.9928
1461,NEGATIVE,0.9997
1462,POSITIVE,0.9905
1463,NEGATIVE,0.8589
1464,POSITIVE,0.9992
1465,NEGATIVE,0.9956
1466,NEGATIVE,0.9985
1467,POSITIVE,0.9967
1468,POSITIVE,0.9997
1469,POSITIVE,0.9997
1470,NEGATIVE,0.734
1471,NEGATIVE,0.9814
1472,POSITIVE,0.9998
1473,NEGATIVE,0.5949
1474,NEGATIVE,0.9897
1475,NEGATIVE,0.9606
1476,NEGATIVE,0.9977
1477,POSITIVE,0.9907
1478,POSITIVE,0.9998
1479,POSITIVE,0.9203
1480,POSITIVE,0.8799
1481,POSITIVE,0.9987
1482,NEGATIVE,0.9906
1483,NEGATIVE,0.8357
1484,POSITIVE,0.5513
1485,POSITIVE,0.8562
1486,NEGATIVE,0.9674
1487,POSITIVE,0.9983
1488,POSITIVE,0.9982
1489,NEGATIVE,0.9995
1490,NEGATIVE,0.9859
1491,NEGATIVE,0.8841
1492,POSITIVE,0.6232
1493,POSITIVE,0.9999
1494,NEGATIVE,0.8829
1495,POSITIVE,0.981
1496,POSITIVE,0.9489
1497,NEGATIVE,0.5999
1498,POSITIVE,0.9987
1499,NEGATIVE,0.9647
1500,POSITIVE,0.9988
1501,POSITIVE,0.9999
1502,POSITIVE,0.9996
1503,POSITIVE,0.999
1504,NEGATIVE,0.9854
1505,POSITIVE,0.9979
1506,POSITIVE,0.9176
1507,POSITIVE,0.9988
1508,POSITIVE,0.9978
1509,NEGATIVE,0.5629
1510,POSITIVE,0.9486
1511,POSITIVE,0.9999
1512,POSITIVE,0.9999
1513,POSITIVE,0.9961
1514,POSITIVE,0.9997
1515,POSITIVE,0.9965
1516,POSITIVE,0.9982
1517,POSITIVE,0.9751
1518,NEGATIVE,0.9998
1519,POSITIVE,0.9972
1520,POSITIVE,0.9936
1521,NEGATIVE,0.5833
1522,NEGATIVE,0.9938
1523,NEGATIVE,0.9918
1524,NEGATIVE,0.9801
1525,POSITIVE,0.9925
1526,NEGATIVE,0.5001
1527,POSITIVE,0.9995
1528,NEGATIVE,0.999
1529,POSITIVE,0.9398
1530,NEGATIVE,0.8974
1531,POSITIVE,0.9332
1532,POSITIVE,0.9917
1533,NEGATIVE,0.9978
1534,NEGATIVE,0.9851
1535,NEGATIVE,0.9933
1536,NEGATIVE,0.9498
1537,POSITIVE,0.9989
1538,POSITIVE,0.8944
1539,NEGATIVE,0.9892
1540,NEGATIVE,0.93
1541,POSITIVE,0.9639
1542,POSITIVE,0.9358
1543,NEGATIVE,0.9822
1544,POSITIVE,0.9989
1545,POSITIVE,0.9994
1546,NEGATIVE,0.9637
1547,POSITIVE,0.9998
1548,NEGATIVE,0.9921
1549,NEGATIVE,0.9332
1550,POSITIVE,0.9853
1551,POSITIVE,0.9545
1552,NEGATIVE,0.9995
1553,POSITIVE,0.8898
1554,POSITIVE,0.9249
1555,NEGATIVE,0.846
1556,NEGATIVE,0.5599
1557,POSITIVE,0.9719
1558,NEGATIVE,0.9564
1559,POSITIVE,0.9999
1560,NEGATIVE,0.9993
1561,NEGATIVE,0.9856
1562,POSITIVE,0.9984
1563,POSITIVE,0.9358
1564,NEGATIVE,0.9368
1565,NEGATIVE,0.9988
1566,NEGATIVE,0.92
1567,POSITIVE,0.915
1568,NEGATIVE,0.9008
1569,NEGATIVE,0.9993
1570,POSITIVE,0.9992
1571,POSITIVE,0.9999
1572,POSITIVE,0.9997
1573,POSITIVE,0.9637
1574,POSITIVE,0.9975
1575,NEGATIVE,0.9799
1576,POSITIVE,0.9994
1577,POSITIVE,0.9923
1578,POSITIVE,0.9999
1579,POSITIVE,0.9897
1580,NEGATIVE,0.9928
1581,POSITIVE,0.9983
1582,NEGATIVE,0.9198
1583,POSITIVE,0.9998
1584,NEGATIVE,0.999
1585,POSITIVE,0.9901
1586,POSITIVE,0.9827
1587,POSITIVE,0.9993
1588,POSITIVE,0.9891
1589,POSITIVE,0.8138
1590,POSITIVE,0.9895
1591,NEGATIVE,0.998
1592,POSITIVE,0.9998
1593,POSITIVE,0.8871
1594,NEGATIVE,0.9951
1595,POSITIVE,0.9613
1596,POSITIVE,0.9958
1597,POSITIVE,0.9955
1598,POSITIVE,0.991
1599,NEGATIVE,0.9967
1600,NEGATIVE,0.819
1601,NEGATIVE,0.9943
1602,NEGATIVE,0.9774
1603,POSITIVE,0.9768
1604,POSITIVE,0.9976
1605,NEGATIVE,0.9856
1606,NEGATIVE,0.9843
1607,NEGATIVE,0.9997
1608,POSITIVE,0.8375
1609,POSITIVE,0.9766
1610,POSITIVE,0.9398
1611,NEGATIVE,0.9974
1612,NEGATIVE,0.8823
1613,NEGATIVE,0.5931
1614,NEGATIVE,0.7509
1615,POSITIVE,0.9505
1616,POSITIVE,0.8244
1617,NEGATIVE,0.9723
1618,NEGATIVE,0.8167
1619,NEGATIVE,0.9874
1620,NEGATIVE,0.9097
1621,POSITIVE,0.9985
1622,NEGATIVE,0.9569
1623,POSITIVE,0.9742
1624,POSITIVE,0.9933
1625,NEGATIVE,0.9677
1626,NEGATIVE,0.9811
1627,POSITIVE,0.9996
1628,POSITIVE,0.9092
1629,POSITIVE,0.9998
1630,NEGATIVE,0.9996
1631,POSITIVE,0.9943
1632,POSITIVE,0.9977
1633,NEGATIVE,0.9997
1634,POSITIVE,0.9749
1635,NEGATIVE,0.992
1636,POSITIVE,0.5535
1637,NEGATIVE,0.996
1638,NEGATIVE,0.9586
1639,NEGATIVE,0.6668
1640,POSITIVE,0.6278
1641,POSITIVE,0.9998
1642,POSITIVE,0.9977
1643,NEGATIVE,0.8342
1644,POSITIVE,0.9949
1645,NEGATIVE,0.9911
1646,POSITIVE,0.9764
1647,NEGATIVE,0.9936
1648,POSITIVE,0.9972
1649,POSITIVE,0.9994
1650,POSITIVE,0.8799
1651,NEGATIVE,0.9997
1652,NEGATIVE,0.9899
1653,NEGATIVE,0.9406
1654,POSITIVE,0.9966
1655,NEGATIVE,0.998
1656,NEGATIVE,0.6432
1657,POSITIVE,0.9999
1658,POSITIVE,0.9942
1659,POSITIVE,0.9911
1660,POSITIVE,0.9969
1661,NEGATIVE,0.9987
1662,NEGATIVE,0.5829
1663,NEGATIVE,0.988
1664,NEGATIVE,0.9966
1665,POSITIVE,0.9994
1666,NEGATIVE,0.9695
1667,POSITIVE,0.9969
1668,POSITIVE,0.9983
1669,POSITIVE,0.8875
1670,POSITIVE,0.9995
1671,POSITIVE,0.9918
1672,POSITIVE,0.9994
1673,NEGATIVE,0.9692
1674,NEGATIVE,0.9515
1675,NEGATIVE,0.9928
1676,NEGATIVE,0.9992
1677,POSITIVE,0.9978
1678,NEGATIVE,0.9994
1679,NEGATIVE,0.9996
1680,POSITIVE,0.999
1681,POSITIVE,0.9762
1682,POSITIVE,0.9993
1683,POSITIVE,0.9982
1684,POSITIVE,0.9974
1685,NEGATIVE,0.9997
1686,POSITIVE,0.9982
1687,POSITIVE,0.9923
1688,POSITIVE,0.9914
1689,NEGATIVE,0.9965
1690,NEGATIVE,0.986
1691,NEGATIVE,0.9011
1692,POSITIVE,0.9988
1693,NEGATIVE,0.9993
1694,POSITIVE,0.687
1695,NEGATIVE,0.9798
1696,NEGATIVE,0.9337
1697,POSITIVE,0.9885
1698,POSITIVE,0.9922
1699,POSITIVE,0.518
1700,POSITIVE,0.9977
1701,NEGATIVE,0.9944
1702,NEGATIVE,0.8755
1703,POSITIVE,0.9988
1704,NEGATIVE,0.8921
1705,NEGATIVE,0.9933
1706,NEGATIVE,0.9739
1707,POSITIVE,0.8373
1708,POSITIVE,0.9994
1709,NEGATIVE,0.9992
1710,NEGATIVE,0.5502
1711,NEGATIVE,0.8871
1712,NEGATIVE,0.6426
1713,POSITIVE,0.9993
1714,NEGATIVE,0.9971
1715,POSITIVE,0.9971
1716,POSITIVE,0.9996
1717,POSITIVE,0.9968
1718,NEGATIVE,0.9997
1719,POSITIVE,0.9984
1720,NEGATIVE,0.9396
1721,NEGATIVE,0.9984
1722,POSITIVE,0.9997
1723,POSITIVE,0.9029
1724,POSITIVE,0.9824
1725,NEGATIVE,0.5884
1726,POSITIVE,0.9995
1727,NEGATIVE,0.9987
1728,NEGATIVE,0.9882
1729,POSITIVE,0.9684
1730,POSITIVE,0.9998
1731,POSITIVE,0.9999
1732,POSITIVE,0.9992
1733,POSITIVE,0.9712
1734,POSITIVE,0.993
1735,NEGATIVE,0.998
1736,POSITIVE,0.9983
1737,POSITIVE,0.9992
1738,NEGATIVE,0.9982
1739,NEGATIVE,0.9973
1740,POSITIVE,0.996
1741,POSITIVE,0.9673
1742,POSITIVE,0.9988
1743,POSITIVE,0.748
1744,POSITIVE,0.8471
1745,NEGATIVE,0.988
1746,POSITIVE,0.9982
1747,POSITIVE,0.9619
1748,NEGATIVE,0.9916
1749,NEGATIVE,0.9951
1750,NEGATIVE,0.9944
1751,NEGATIVE,0.9132
1752,POSITIVE,0.9985
1753,POSITIVE,0.9996
1754,POSITIVE,0.9998
1755,NEGATIVE,0.9712
1756,POSITIVE,0.9986
1757,POSITIVE,0.9855
1758,NEGATIVE,0.9965
1759,POSITIVE,0.999
1760,POSITIVE,0.9999
1761,NEGATIVE,0.9907
1762,NEGATIVE,0.9831
1763,POSITIVE,0.9983
1764,POSITIVE,0.7796
1765,POSITIVE,0.9979
1766,POSITIVE,0.9018
1767,POSITIVE,0.9994
1768,POSITIVE,0.9997
1769,NEGATIVE,0.9903
1770,POSITIVE,0.9911
1771,NEGATIVE,0.9713
1772,POSITIVE,0.9996
1773,POSITIVE,0.8093
1774,POSITIVE,0.9327
1775,NEGATIVE,0.9997
1776,POSITIVE,0.9028
1777,POSITIVE,0.9145
1778,NEGATIVE,0.9879
1779,POSITIVE,0.9987
1780,NEGATIVE,0.9549
1781,POSITIVE,0.9992
1782,POSITIVE,0.8557
1783,POSITIVE,0.9999
1784,NEGATIVE,0.5962
1785,POSITIVE,0.9686
1786,NEGATIVE,0.6967
1787,POSITIVE,0.9681
1788,NEGATIVE,0.8956
1789,POSITIVE,0.997
1790,NEGATIVE,0.997
1791,NEGATIVE,0.9993
1792,NEGATIVE,0.9977
1793,POSITIVE,0.9686
1794,POSITIVE,0.6998
1795,POSITIVE,0.9984
1796,POSITIVE,0.996
1797,POSITIVE,0.9962
1798,POSITIVE,0.9875
1799,NEGATIVE,0.8968
1800,POSITIVE,0.9975
1801,POSITIVE,0.5405
1802,POSITIVE,0.569
1803,NEGATIVE,0.949
1804,POSITIVE,0.81
1805,POSITIVE,0.5367
1806,NEGATIVE,0.9968
1807,POSITIVE,0.8107
1808,POSITIVE,0.9952
1809,NEGATIVE,0.9677
1810,POSITIVE,0.6964
1811,POSITIVE,0.9784
1812,NEGATIVE,0.94
1813,NEGATIVE,0.9938
1814,POSITIVE,0.7286
1815,NEGATIVE,0.9831
1816,NEGATIVE,0.9148
1817,NEGATIVE,0.7565
1818,POSITIVE,0.9946
1819,POSITIVE,0.9982
1820,POSITIVE,0.9987
1821,NEGATIVE,0.9998
1822,NEGATIVE,0.9982
1823,NEGATIVE,0.9988
1824,POSITIVE,0.9937
1825,POSITIVE,0.9957
1826,POSITIVE,0.9991
1827,POSITIVE,0.8799
1828,NEGATIVE,0.9857
1829,NEGATIVE,0.9994
1830,POSITIVE,0.9996
1831,POSITIVE,0.9991
1832,NEGATIVE,0.9992
1833,POSITIVE,0.9992
1834,POSITIVE,0.9795
1835,NEGATIVE,0.988
1836,POSITIVE,0.9998
1837,POSITIVE,0.9966
1838,POSITIVE,0.999
1839,NEGATIVE,0.8415
1840,POSITIVE,0.5087
1841,NEGATIVE,0.5112
1842,NEGATIVE,0.967
1843,POSITIVE,0.9901
1844,POSITIVE,0.9978
1845,POSITIVE,0.9997
1846,POSITIVE,0.9987
1847,NEGATIVE,0.9868
1848,POSITIVE,0.9822
1849,POSITIVE,0.9826
1850,POSITIVE,0.9949
1851,POSITIVE,0.9222
1852,NEGATIVE,0.839
1853,POSITIVE,0.8091
1854,POSITIVE,0.97
1855,POSITIVE,0.9997
1856,POSITIVE,0.9961
1857,POSITIVE,0.9998
1858,POSITIVE,0.9999
1859,NEGATIVE,0.9657
1860,NEGATIVE,0.9991
1861,POSITIVE,0.9994
1862,POSITIVE,0.9999
1863,POSITIVE,0.5856
1864,NEGATIVE,0.9917
1865,POSITIVE,0.6235
1866,NEGATIVE,0.9973
1867,POSITIVE,0.6623
1868,POSITIVE,0.9896
1869,POSITIVE,0.9804
1870,POSITIVE,0.5893
1871,POSITIVE,0.8343
1872,POSITIVE,0.9994
1873,NEGATIVE,0.9996
1874,NEGATIVE,0.9753
1875,POSITIVE,0.9998
1876,POSITIVE,0.973
1877,NEGATIVE,0.9961
1878,POSITIVE,0.9981
1879,NEGATIVE,0.9595
1880,POSITIVE,0.9992
1881,POSITIVE,0.995
1882,POSITIVE,0.9999
1883,POSITIVE,0.6678
1884,NEGATIVE,0.9301
1885,POSITIVE,0.9986
1886,POSITIVE,0.9911
1887,POSITIVE,0.9996
1888,NEGATIVE,0.9872
1889,POSITIVE,0.9342
1890,NEGATIVE,0.9839
1891,POSITIVE,0.9991
1892,NEGATIVE,0.8721
1893,NEGATIVE,0.9961
1894,NEGATIVE,0.9356
1895,NEGATIVE,0.9757
1896,POSITIVE,0.9866
1897,POSITIVE,0.9992
1898,POSITIVE,0.9998
1899,NEGATIVE,0.9824
1900,POSITIVE,0.9991
1901,NEGATIVE,0.7591
1902,POSITIVE,0.9966
1903,NEGATIVE,0.9656
1904,NEGATIVE,0.9997
1905,POSITIVE,0.9963
1906,POSITIVE,0.9997
1907,POSITIVE,0.9343
1908,NEGATIVE,0.9836
1909,POSITIVE,0.999
1910,POSITIVE,0.9998
1911,POSITIVE,0.9985
1912,POSITIVE,0.994
1913,POSITIVE,0.9778
1914,NEGATIVE,0.9904
1915,POSITIVE,0.999
1916,NEGATIVE,0.522
1917,POSITIVE,0.992
1918,POSITIVE,0.9993
1919,POSITIVE,0.9913
1920,NEGATIVE,0.9508
1921,POSITIVE,0.9954
1922,NEGATIVE,0.9988
1923,POSITIVE,0.9999
1924,NEGATIVE,0.9996
1925,NEGATIVE,0.9988
1926,POSITIVE,0.9987
1927,POSITIVE,0.9983
1928,POSITIVE,0.9997
1929,POSITIVE,0.9872
1930,POSITIVE,0.9975
1931,NEGATIVE,0.9953
1932,NEGATIVE,0.9998
1933,POSITIVE,0.9996
1934,POSITIVE,0.9755
1935,NEGATIVE,0.9756
1936,POSITIVE,0.9666
1937,NEGATIVE,0.9995
1938,POSITIVE,0.9825
1939,POSITIVE,0.9805
1940,NEGATIVE,0.8983
1941,NEGATIVE,0.9912
1942,POSITIVE,0.9993
1943,POSITIVE,0.9999
1944,NEGATIVE,0.937
1945,POSITIVE,0.9985
1946,POSITIVE,0.9998
1947,POSITIVE,0.9564
1948,NEGATIVE,0.9889
1949,NEGATIVE,0.9983
1950,NEGATIVE,0.8786
1951,POSITIVE,0.5254
1952,NEGATIVE,0.9991
1953,NEGATIVE,0.9947
1954,POSITIVE,0.9957
1955,POSITIVE,0.979
1956,POSITIVE,0.9998
1957,POSITIVE,0.9903
1958,NEGATIVE,0.5165
1959,NEGATIVE,0.7307
1960,NEGATIVE,0.9166
1961,NEGATIVE,0.661
1962,POSITIVE,0.9595
1963,POSITIVE,0.9995
1964,NEGATIVE,0.9597
1965,POSITIVE,0.9975
1966,NEGATIVE,0.714
1967,NEGATIVE,0.9976
1968,POSITIVE,0.9857
1969,NEGATIVE,0.9988
1970,NEGATIVE,0.8839
1971,POSITIVE,0.9942
1972,POSITIVE,0.9639
1973,POSITIVE,0.9694
1974,POSITIVE,0.9994
1975,POSITIVE,0.9705
1976,POSITIVE,0.9997
1977,POSITIVE,0.9755
1978,POSITIVE,0.9996
1979,NEGATIVE,0.9767
1980,POSITIVE,0.9852
1981,POSITIVE,0.9968
1982,NEGATIVE,0.9789
1983,POSITIVE,0.9962
1984,POSITIVE,0.5114
1985,NEGATIVE,0.6443
1986,NEGATIVE,0.9802
1987,POSITIVE,0.9989
1988,NEGATIVE,0.994
1989,NEGATIVE,0.9879
1990,NEGATIVE,0.9996
1991,NEGATIVE,0.9699
1992,POSITIVE,0.9556
1993,NEGATIVE,0.944
1994,NEGATIVE,0.9346
1995,NEGATIVE,0.9498
1996,POSITIVE,0.9911
1997,NEGATIVE,0.8953
1998,NEGATIVE,0.9921
1999,NEGATIVE,0.8197
2000,NEGATIVE,0.9659
2001,POSITIVE,0.896
2002,POSITIVE,0.999
2003,NEGATIVE,0.7702
2004,NEGATIVE,0.7497
2005,POSITIVE,0.984
2006,POSITIVE,0.9994
2007,POSITIVE,0.9923
2008,POSITIVE,0.9678
2009,NEGATIVE,0.9985
2010,NEGATIVE,0.9483
2011,NEGATIVE,0.992
2012,NEGATIVE,0.9997
2013,NEGATIVE,0.9921
2014,NEGATIVE,0.9956
2015,POSITIVE,0.999
2016,NEGATIVE,0.9867
2017,POSITIVE,0.9995
2018,NEGATIVE,0.911
