0,POSITIVE,0.9627
1,NEGATIVE,0.9994
2,NEGATIVE,0.9903
3,NEGATIVE,0.9817
4,NEGATIVE,0.9766
5,POSITIVE,0.954
6,NEGATIVE,0.9882
7,POSITIVE,0.9948
8,POSITIVE,0.9984
9,NEGATIVE,0.9447
10,NEGATIVE,0.9866
11,NEGATIVE,0.9979
12,NEGATIVE,0.9988
13,POSITIVE,0.9999
14,POSITIVE,0.9973
15,POSITIVE,0.9654
16,POSITIVE,0.8411
17,NEGATIVE,0.868
18,NEGATIVE,0.9895
19,NEGATIVE,0.9994
20,NEGATIVE,0.998
21,NEGATIVE,0.9798
22,NEGATIVE,0.9793
23,POSITIVE,0.9996
24,NEGATIVE,0.9915
25,NEGATIVE,0.9989
26,NEGATIVE,0.9994
27,NEGATIVE,0.9998
28,POSITIVE,0.9998
29,NEGATIVE,0.9959
30,NEGATIVE,0.7188
31,NEGATIVE,0.9979
32,NEGATIVE,0.9935
33,POSITIVE,0.996
34,POSITIVE,0.9957
35,NEGATIVE,0.9897
36,POSITIVE,0.9951
37,NEGATIVE,0.9993
38,NEGATIVE,0.9984
39,NEGATIVE,0.9993
40,NEGATIVE,0.9994
41,NEGATIVE,0.9337
42,POSITIVE,0.9707
43,NEGATIVE,0.9591
44,NEGATIVE,0.9901
45,POSITIVE,0.9989
46,NEGATIVE,0.9944
47,NEGATIVE,0.9995
48,NEGATIVE,0.9887
49,NEGATIVE,0.9993
50,POSITIVE,0.9949
51,POSITIVE,0.9995
52,NEGATIVE,0.9993
53,NEGATIVE,0.8051
54,NEGATIVE,0.9992
55,POSITIVE,0.7471
56,POSITIVE,0.9551
57,NEGATIVE,0.998
58,POSITIVE,0.991
59,NEGATIVE,0.9984
60,NEGATIVE,0.9905
61,POSITIVE,0.9998
62,POSITIVE,0.9738
63,POSITIVE,0.997
64,NEGATIVE,0.8533
65,POSITIVE,0.9852
66,POSITIVE,0.9988
67,NEGATIVE,0.6821
68,POSITIVE,0.9453
69,NEGATIVE,0.9745
70,POSITIVE,0.9919
71,POSITIVE,0.9929
72,NEGATIVE,0.996
73,POSITIVE,0.9998
74,POSITIVE,0.9995
75,NEGATIVE,0.9993
76,NEGATIVE,0.991
77,NEGATIVE,0.9992
78,POSITIVE,0.997
79,NEGATIVE,0.9995
80,NEGATIVE,0.9983
81,NEGATIVE,0.9454
82,NEGATIVE,0.9976
83,POSITIVE,0.9996
84,NEGATIVE,0.9986
85,NEGATIVE,0.5092
86,NEGATIVE,0.9959
87,POSITIVE,0.9986
88,NEGATIVE,0.9942
89,POSITIVE,0.9934
90,NEGATIVE,0.8299
91,NEGATIVE,0.9989
92,NEGATIVE,0.9995
93,POSITIVE,0.9901
94,NEGATIVE,0.9975
95,NEGATIVE,0.9986
96,NEGATIVE,0.9358
97,NEGATIVE,0.9934
98,POSITIVE,0.9975
99,NEGATIVE,0.9979
100,NEGATIVE,0.9915
101,NEGATIVE,0.9913
102,NEGATIVE,0.9968
103,NEGATIVE,0.9893
104,POSITIVE,0.988
105,NEGATIVE,0.9545
106,POSITIVE,0.9741
107,NEGATIVE,0.997
108,POSITIVE,0.6888
109,NEGATIVE,0.9595
110,NEGATIVE,0.998
111,NEGATIVE,0.9714
112,POSITIVE,0.9997
113,NEGATIVE,0.9997
114,NEGATIVE,0.9963
115,POSITIVE,0.9951
116,POSITIVE,0.9992
117,POSITIVE,0.9751
118,NEGATIVE,0.9933
119,POSITIVE,0.9993
120,NEGATIVE,0.9977
121,POSITIVE,0.9007
122,NEGATIVE,0.989
123,NEGATIVE,0.9995
124,POSITIVE,0.9994
125,NEGATIVE,0.9939
126,NEGATIVE,0.9991
127,NEGATIVE,0.983
128,NEGATIVE,0.7939
129,NEGATIVE,0.9881
130,NEGATIVE,0.9928
131,POSITIVE,0.9983
132,POSITIVE,0.9928
133,NEGATIVE,0.8138
134,NEGATIVE,0.9994
135,NEGATIVE,0.9992
136,NEGATIVE,0.9976
137,NEGATIVE,0.9984
138,NEGATIVE,0.9763
139,POSITIVE,0.6475
140,NEGATIVE,0.9963
141,NEGATIVE,0.9993
142,POSITIVE,0.8242
143,POSITIVE,0.9955
144,NEGATIVE,0.9937
145,NEGATIVE,0.9997
146,NEGATIVE,0.927
147,NEGATIVE,0.6324
148,POSITIVE,0.9928
149,POSITIVE,0.9998
150,NEGATIVE,0.9597
151,POSITIVE,0.9721
152,POSITIVE,0.9991
153,NEGATIVE,0.8739
154,NEGATIVE,0.9998
155,NEGATIVE,0.9354
156,POSITIVE,0.9968
157,NEGATIVE,0.9683
158,NEGATIVE,0.9799
159,NEGATIVE,0.9483
160,POSITIVE,0.9824
161,NEGATIVE,0.8902
162,NEGATIVE,0.9796
163,NEGATIVE,0.9845
164,POSITIVE,0.9985
165,NEGATIVE,0.8196
166,NEGATIVE,0.6772
167,NEGATIVE,0.9951
168,POSITIVE,0.9982
169,POSITIVE,0.9998
170,NEGATIVE,0.7769
171,POSITIVE,0.6762
172,POSITIVE,0.9998
173,NEGATIVE,0.9962
174,NEGATIVE,0.9969
175,POSITIVE,0.9986
176,POSITIVE,0.9235
177,NEGATIVE,0.9844
178,NEGATIVE,0.9928
179,POSITIVE,0.6832
180,POSITIVE,0.9901
181,NEGATIVE,0.9987
182,NEGATIVE,0.999
183,NEGATIVE,0.9962
184,POSITIVE,0.5977
185,POSITIVE,0.9948
186,POSITIVE,0.8938
187,POSITIVE,0.9912
188,NEGATIVE,0.9923
189,POSITIVE,0.9941
190,POSITIVE,0.9948
191,NEGATIVE,0.9978
192,POSITIVE,0.841
193,POSITIVE,0.8414
194,NEGATIVE,0.949
195,NEGATIVE,0.9993
196,POSITIVE,0.9995
197,NEGATIVE,0.987
198,POSITIVE,0.8886
199,POSITIVE,0.674
200,NEGATIVE,0.996
201,NEGATIVE,0.9959
202,POSITIVE,0.6804
203,POSITIVE,0.9593
204,NEGATIVE,0.999
205,POSITIVE,0.9979
206,POSITIVE,0.9589
207,POSITIVE,0.9099
208,NEGATIVE,0.9372
209,NEGATIVE,0.9827
210,POSITIVE,0.9805
211,POSITIVE,0.9951
212,NEGATIVE,0.9993
213,POSITIVE,0.9815
214,POSITIVE,0.9972
215,NEGATIVE,0.9884
216,NEGATIVE,0.9756
217,NEGATIVE,0.9837
218,POSITIVE,0.9711
219,POSITIVE,0.7901
220,POSITIVE,0.9586
221,POSITIVE,0.9996
222,NEGATIVE,0.9977
223,NEGATIVE,0.9029
224,POSITIVE,0.9997
225,NEGATIVE,0.996
226,POSITIVE,0.9999
227,POSITIVE,0.9961
228,NEGATIVE,0.9844
229,POSITIVE,0.9802
230,NEGATIVE,0.6063
231,NEGATIVE,0.9794
232,POSITIVE,0.9989
233,POSITIVE,0.9392
234,POSITIVE,0.9997
235,NEGATIVE,0.9955
236,POSITIVE,0.9998
237,NEGATIVE,0.9954
238,POSITIVE,0.7485
239,POSITIVE,0.8748
240,POSITIVE,0.9997
241,NEGATIVE,0.9799
242,POSITIVE,0.9505
243,POSITIVE,0.9992
244,POSITIVE,0.9926
245,POSITIVE,0.9998
246,POSITIVE,0.9754
247,NEGATIVE,0.9972
248,NEGATIVE,0.6851
249,POSITIVE,0.7583
250,NEGATIVE,0.9972
251,POSITIVE,0.9832
252,POSITIVE,0.9986
253,NEGATIVE,0.9774
254,NEGATIVE,0.9891
255,NEGATIVE,0.9491
256,NEGATIVE,0.9836
257,NEGATIVE,0.9997
258,POSITIVE,0.9979
259,POSITIVE,0.9997
260,NEGATIVE,0.9918
261,NEGATIVE,0.9933
262,NEGATIVE,0.9993
263,NEGATIVE,0.9989
264,POSITIVE,0.5131
265,POSITIVE,0.9983
266,POSITIVE,0.989
267,POSITIVE,0.9998
268,NEGATIVE,0.9872
269,NEGATIVE,0.9982
270,POSITIVE,0.9948
271,NEGATIVE,0.9891
272,POSITIVE,0.7933
273,POSITIVE,0.6881
274,NEGATIVE,0.9758
275,NEGATIVE,0.9625
276,NEGATIVE,0.9883
277,NEGATIVE,0.9983
278,POSITIVE,0.9728
279,POSITIVE,0.9897
280,POSITIVE,0.921
281,NEGATIVE,0.9035
282,POSITIVE,0.9988
283,POSITIVE,0.9969
284,POSITIVE,0.9542
285,POSITIVE,0.7811
286,NEGATIVE,0.9857
287,POSITIVE,0.6051
288,POSITIVE,0.9977
289,NEGATIVE,0.7593
290,NEGATIVE,0.9994
291,NEGATIVE,0.9992
292,NEGATIVE,0.9991
293,NEGATIVE,0.9972
294,POSITIVE,0.9997
295,POSITIVE,0.9991
296,POSITIVE,0.9823
297,POSITIVE,0.8509
298,POSITIVE,0.9967
299,POSITIVE,0.9748
300,POSITIVE,0.9731
301,POSITIVE,0.9939
302,NEGATIVE,0.9995
303,NEGATIVE,0.9751
304,NEGATIVE,0.9987
305,POSITIVE,0.8999
306,NEGATIVE,0.7394
307,POSITIVE,0.996
308,NEGATIVE,0.9853
309,POSITIVE,0.9892
310,NEGATIVE,0.9995
311,POSITIVE,0.9946
312,POSITIVE,0.9208
313,POSITIVE,0.9998
314,POSITIVE,0.9529
315,NEGATIVE,0.9917
316,POSITIVE,0.9997
317,POSITIVE,0.8594
318,POSITIVE,0.9997
319,POSITIVE,0.9052
320,NEGATIVE,0.8571
321,NEGATIVE,0.9991
322,POSITIVE,0.9836
323,NEGATIVE,0.9995
324,NEGATIVE,0.7913
325,NEGATIVE,0.9118
326,POSITIVE,0.9975
327,NEGATIVE,0.8499
328,POSITIVE,0.9999
329,POSITIVE,0.9984
330,NEGATIVE,0.9952
331,POSITIVE,0.9943
332,NEGATIVE,0.9865
333,POSITIVE,0.9997
334,POSITIVE,0.9994
335,POSITIVE,0.9995
336,NEGATIVE,0.9987
337,POSITIVE,0.9998
338,NEGATIVE,0.9984
339,NEGATIVE,0.9972
340,POSITIVE,0.999
341,NEGATIVE,0.9987
342,NEGATIVE,0.854
343,POSITIVE,0.9824
344,POSITIVE,0.9998
345,NEGATIVE,0.9941
346,POSITIVE,0.9987
347,NEGATIVE,0.9966
348,POSITIVE,0.9997
349,NEGATIVE,0.9997
350,POSITIVE,0.9773
351,NEGATIVE,0.9929
352,NEGATIVE,0.9894
353,POSITIVE,0.9985
354,POSITIVE,0.9899
355,POSITIVE,0.9948
356,POSITIVE,0.7618
357,NEGATIVE,0.9957
358,POSITIVE,0.974
359,POSITIVE,0.9988
360,NEGATIVE,0.9589
361,NEGATIVE,0.9899
362,NEGATIVE,0.8877
363,NEGATIVE,0.9958
364,NEGATIVE,0.9781
365,NEGATIVE,0.9969
366,POSITIVE,0.968
367,NEGATIVE,0.9995
368,NEGATIVE,0.999
369,NEGATIVE,0.9736
370,POSITIVE,0.9999
371,NEGATIVE,0.9983
372,NEGATIVE,0.9919
373,NEGATIVE,0.9985
374,NEGATIVE,0.9883
375,NEGATIVE,0.9959
376,POSITIVE,0.9989
377,NEGATIVE,0.9979
378,POSITIVE,0.9971
379,POSITIVE,0.9905
380,NEGATIVE,0.9517
381,NEGATIVE,0.9847
382,POSITIVE,0.9987
383,NEGATIVE,0.7274
384,POSITIVE,0.9887
385,POSITIVE,0.6623
386,POSITIVE,0.9895
387,POSITIVE,0.9986
388,NEGATIVE,0.9884
389,NEGATIVE,0.9917
390,NEGATIVE,0.8838
391,NEGATIVE,0.9636
392,POSITIVE,0.9999
393,POSITIVE,0.9986
394,NEGATIVE,0.9965
395,POSITIVE,0.9997
396,NEGATIVE,0.9987
397,NEGATIVE,0.9559
398,NEGATIVE,0.9988
399,NEGATIVE,0.9886
400,NEGATIVE,0.9992
401,NEGATIVE,0.6187
402,POSITIVE,0.9982
403,NEGATIVE,0.7769
404,NEGATIVE,0.992
405,NEGATIVE,0.9426
406,NEGATIVE,0.9994
407,POSITIVE,0.7389
408,NEGATIVE,0.9877
409,NEGATIVE,0.9944
410,NEGATIVE,0.7956
411,NEGATIVE,0.991
412,NEGATIVE,0.8845
413,POSITIVE,0.9995
414,POSITIVE,0.9916
415,POSITIVE,0.9981
416,NEGATIVE,0.9855
417,NEGATIVE,0.9996
418,POSITIVE,0.9992
419,POSITIVE,0.9998
420,POSITIVE,0.9999
421,NEGATIVE,0.9945
422,NEGATIVE,0.9403
423,NEGATIVE,0.9969
424,NEGATIVE,0.9998
425,POSITIVE,0.9249
426,NEGATIVE,0.9874
427,POSITIVE,0.9844
428,NEGATIVE,0.9946
429,NEGATIVE,0.9852
430,NEGATIVE,0.993
431,POSITIVE,0.889
432,POSITIVE,0.9765
433,NEGATIVE,0.9988
434,NEGATIVE,0.9551
435,NEGATIVE,0.988
436,POSITIVE,0.8343
437,NEGATIVE,0.9921
438,NEGATIVE,0.9759
439,POSITIVE,0.9985
440,NEGATIVE,0.9962
441,POSITIVE,0.9867
442,POSITIVE,0.9988
443,POSITIVE,0.9997
444,NEGATIVE,0.9996
445,POSITIVE,0.9961
446,NEGATIVE,0.9818
447,NEGATIVE,0.9666
448,POSITIVE,0.7579
449,NEGATIVE,0.9984
450,POSITIVE,0.9999
451,POSITIVE,0.9995
452,POSITIVE,0.9999
453,NEGATIVE,0.9994
454,NEGATIVE,0.7786
455,POSITIVE,0.9999
456,POSITIVE,0.9995
457,NEGATIVE,0.9726
458,POSITIVE,0.9872
459,POSITIVE,0.5777
460,POSITIVE,0.9999
461,POSITIVE,0.9998
462,NEGATIVE,0.9993
463,POSITIVE,0.9936
464,POSITIVE,0.9889
465,NEGATIVE,0.9866
466,NEGATIVE,0.9969
467,NEGATIVE,0.9766
468,NEGATIVE,0.7069
469,NEGATIVE,0.943
470,POSITIVE,0.7872
471,NEGATIVE,0.9996
472,NEGATIVE,0.9854
473,NEGATIVE,0.942
474,NEGATIVE,0.9969
475,NEGATIVE,0.9998
476,NEGATIVE,0.9931
477,NEGATIVE,0.9944
478,NEGATIVE,0.9909
479,NEGATIVE,0.9078
480,POSITIVE,0.6982
481,POSITIVE,0.9903
482,NEGATIVE,0.5096
483,NEGATIVE,0.9994
484,NEGATIVE,0.9986
485,NEGATIVE,0.998
486,NEGATIVE,0.9985
487,NEGATIVE,0.9964
488,POSITIVE,0.999
489,NEGATIVE,0.9575
490,NEGATIVE,0.9991
491,POSITIVE,0.9703
492,NEGATIVE,0.9704
493,NEGATIVE,0.9676
494,NEGATIVE,0.9243
495,NEGATIVE,0.715
496,NEGATIVE,0.9967
497,POSITIVE,0.9222
498,POSITIVE,0.7886
499,NEGATIVE,0.9803
500,NEGATIVE,0.9977
501,NEGATIVE,0.9966
502,NEGATIVE,0.9966
503,NEGATIVE,0.9879
504,NEGATIVE,0.9767
505,POSITIVE,0.9512
506,NEGATIVE,0.9971
507,POSITIVE,0.9919
508,POSITIVE,0.9817
509,NEGATIVE,0.9947
510,NEGATIVE,0.9902
511,POSITIVE,0.9888
512,NEGATIVE,0.9834
513,POSITIVE,0.9989
514,NEGATIVE,0.9996
515,NEGATIVE,0.9982
516,NEGATIVE,0.9909
517,NEGATIVE,0.9991
518,NEGATIVE,0.9919
519,POSITIVE,0.9736
520,NEGATIVE,0.9937
521,POSITIVE,0.9994
522,NEGATIVE,0.9987
523,NEGATIVE,0.9841
524,POSITIVE,0.9922
525,NEGATIVE,0.9838
526,NEGATIVE,0.9986
527,POSITIVE,0.9986
528,NEGATIVE,0.9657
529,POSITIVE,0.7623
530,NEGATIVE,0.9993
531,POSITIVE,0.9949
532,NEGATIVE,0.9934
533,NEGATIVE,0.9992
534,POSITIVE,0.9996
535,POSITIVE,0.9993
536,NEGATIVE,0.9887
537,POSITIVE,0.9984
538,NEGATIVE,0.9799
539,NEGATIVE,0.9739
540,NEGATIVE,0.6605
541,NEGATIVE,0.9989
542,NEGATIVE,0.9626
543,NEGATIVE,0.9931
544,NEGATIVE,0.9956
545,POSITIVE,0.9951
546,NEGATIVE,0.9945
547,NEGATIVE,0.5645
548,NEGATIVE,0.9928
549,POSITIVE,0.9987
550,POSITIVE,0.9747
551,POSITIVE,0.9987
552,NEGATIVE,0.9744
553,NEGATIVE,0.9981
554,NEGATIVE,0.7795
555,POSITIVE,0.9211
556,NEGATIVE,0.6118
557,NEGATIVE,0.9894
558,POSITIVE,0.9925
559,POSITIVE,0.9937
560,NEGATIVE,0.6221
561,POSITIVE,0.9931
562,NEGATIVE,0.9027
563,NEGATIVE,0.9559
564,NEGATIVE,0.9971
565,NEGATIVE,0.9938
566,POSITIVE,0.9995
567,POSITIVE,0.9962
568,POSITIVE,0.8781
569,POSITIVE,0.9077
570,POSITIVE,0.8914
571,POSITIVE,0.9539
572,NEGATIVE,0.9913
573,POSITIVE,0.6633
574,POSITIVE,0.9992
575,POSITIVE,0.9979
576,POSITIVE,0.9625
577,POSITIVE,0.9925
578,POSITIVE,0.9988
579,POSITIVE,0.9995
580,POSITIVE,0.9683
581,POSITIVE,0.9996
582,NEGATIVE,0.9721
583,POSITIVE,0.6005
584,NEGATIVE,0.9995
585,POSITIVE,0.977
586,NEGATIVE,0.9732
587,NEGATIVE,0.9837
588,NEGATIVE,0.8863
589,POSITIVE,0.9999
590,POSITIVE,0.9979
591,NEGATIVE,0.9875
592,NEGATIVE,0.991
593,POSITIVE,0.9751
594,NEGATIVE,0.9988
595,NEGATIVE,0.7922
596,POSITIVE,0.9937
597,POSITIVE,0.997
598,POSITIVE,0.9852
599,NEGATIVE,0.9979
600,POSITIVE,0.9985
601,POSITIVE,0.9492
602,POSITIVE,0.9998
603,NEGATIVE,0.9987
604,POSITIVE,0.9998
605,POSITIVE,0.9987
606,POSITIVE,0.9989
607,POSITIVE,0.9905
608,POSITIVE,0.9993
609,NEGATIVE,0.986
610,NEGATIVE,0.9944
611,POSITIVE,0.994
612,NEGATIVE,0.9979
613,NEGATIVE,0.9494
614,NEGATIVE,0.9932
615,POSITIVE,0.9313
616,POSITIVE,0.6496
617,POSITIVE,0.9991
618,POSITIVE,0.9995
619,NEGATIVE,0.996
620,NEGATIVE,0.9977
621,POSITIVE,0.9998
622,POSITIVE,0.9878
623,NEGATIVE,0.9536
624,POSITIVE,0.9888
625,POSITIVE,0.9345
626,NEGATIVE,0.9997
627,NEGATIVE,0.9996
628,NEGATIVE,0.9995
629,POSITIVE,0.9981
630,NEGATIVE,0.8286
631,NEGATIVE,0.8964
632,POSITIVE,0.9873
633,NEGATIVE,0.8969
634,NEGATIVE,0.9973
635,POSITIVE,0.9724
636,NEGATIVE,0.9994
637,NEGATIVE,0.9946
638,POSITIVE,0.9986
639,POSITIVE,0.5697
640,POSITIVE,0.9999
641,POSITIVE,0.9989
642,NEGATIVE,0.9948
643,NEGATIVE,0.9792
644,POSITIVE,0.9304
645,POSITIVE,0.9833
646,POSITIVE,0.9997
647,NEGATIVE,0.9559
648,NEGATIVE,0.8996
649,POSITIVE,0.9999
650,POSITIVE,0.9998
651,NEGATIVE,0.9295
652,NEGATIVE,0.8952
653,NEGATIVE,0.9786
654,POSITIVE,0.9979
655,POSITIVE,0.9867
656,NEGATIVE,0.9995
657,NEGATIVE,0.9849
658,NEGATIVE,0.9826
659,POSITIVE,0.9997
660,NEGATIVE,0.9914
661,NEGATIVE,0.9994
662,NEGATIVE,0.9977
663,NEGATIVE,0.9508
664,NEGATIVE,0.9984
665,NEGATIVE,0.9696
666,NEGATIVE,0.9898
667,POSITIVE,0.9118
668,NEGATIVE,0.923
669,POSITIVE,0.9972
670,NEGATIVE,0.9963
671,POSITIVE,0.7655
672,POSITIVE,0.9851
673,POSITIVE,0.9953
674,NEGATIVE,0.9878
675,POSITIVE,0.9854
676,POSITIVE,0.9996
677,POSITIVE,0.9982
678,POSITIVE,0.9991
679,POSITIVE,0.5033
680,NEGATIVE,0.728
681,NEGATIVE,0.9997
682,POSITIVE,0.9987
683,POSITIVE,0.9969
684,NEGATIVE,0.9984
685,NEGATIVE,0.9872
686,NEGATIVE,0.9923
687,POSITIVE,0.9984
688,NEGATIVE,0.993
689,NEGATIVE,0.9961
690,NEGATIVE,0.9994
691,POSITIVE,0.9543
692,NEGATIVE,0.7491
693,NEGATIVE,0.9996
694,NEGATIVE,0.9977
695,NEGATIVE,0.9917
696,NEGATIVE,0.9291
697,NEGATIVE,0.9766
698,NEGATIVE,0.9584
699,NEGATIVE,0.9486
700,POSITIVE,0.9988
701,NEGATIVE,0.9612
702,NEGATIVE,0.9829
703,NEGATIVE,0.7402
704,NEGATIVE,0.6021
705,NEGATIVE,0.9984
706,NEGATIVE,0.9987
707,NEGATIVE,0.9432
708,NEGATIVE,0.9598
709,POSITIVE,0.9713
710,POSITIVE,0.9997
711,NEGATIVE,0.9938
712,POSITIVE,0.9997
713,NEGATIVE,0.5014
714,NEGATIVE,0.9981
715,POSITIVE,0.9988
716,NEGATIVE,0.9988
717,NEGATIVE,0.9948
718,POSITIVE,0.9968
719,NEGATIVE,0.906
720,POSITIVE,0.8911
721,POSITIVE,0.9986
722,NEGATIVE,0.8681
723,NEGATIVE,0.9896
724,NEGATIVE,0.9393
725,NEGATIVE,0.9898
726,POSITIVE,0.9805
727,POSITIVE,0.9999
728,NEGATIVE,0.9997
729,POSITIVE,0.999
730,POSITIVE,0.9996
731,NEGATIVE,0.999
732,NEGATIVE,0.9925
733,NEGATIVE,0.9989
734,POSITIVE,0.9998
735,NEGATIVE,0.9975
736,NEGATIVE,0.9928
737,NEGATIVE,0.9839
738,NEGATIVE,0.9901
739,POSITIVE,0.9999
740,NEGATIVE,0.9979
741,NEGATIVE,0.9962
742,POSITIVE,0.9986
743,NEGATIVE,0.9987
744,POSITIVE,0.9997
745,NEGATIVE,0.9984
746,POSITIVE,0.9905
747,POSITIVE,0.9982
748,POSITIVE,0.9788
749,POSITIVE,0.9944
750,POSITIVE,0.8882
751,NEGATIVE,0.9631
752,NEGATIVE,0.9835
753,NEGATIVE,0.9874
754,POSITIVE,0.9985
755,POSITIVE,0.9984
756,POSITIVE,0.9998
757,NEGATIVE,0.5317
758,NEGATIVE,0.9904
759,NEGATIVE,0.9982
760,NEGATIVE,0.9909
761,NEGATIVE,0.9987
762,POSITIVE,0.9939
763,NEGATIVE,0.994
764,NEGATIVE,0.9903
765,POSITIVE,0.9996
766,POSITIVE,0.9661
767,NEGATIVE,0.9849
768,NEGATIVE,0.9994
769,NEGATIVE,0.9622
770,NEGATIVE,0.9941
771,NEGATIVE,0.998
772,NEGATIVE,0.9996
773,POSITIVE,0.8623
774,NEGATIVE,0.9924
775,POSITIVE,0.9932
776,NEGATIVE,0.929
777,POSITIVE,0.9761
778,NEGATIVE,0.9883
779,POSITIVE,0.953
780,POSITIVE,0.9902
781,NEGATIVE,0.9997
782,POSITIVE,0.7568
783,NEGATIVE,0.9862
784,NEGATIVE,0.8005
785,NEGATIVE,0.5625
786,NEGATIVE,0.9928
787,NEGATIVE,0.9961
788,NEGATIVE,0.9856
789,POSITIVE,0.9807
790,NEGATIVE,0.9954
791,POSITIVE,0.9992
792,NEGATIVE,0.9976
793,NEGATIVE,0.8854
794,NEGATIVE,0.9955
795,POSITIVE,0.9942
796,NEGATIVE,0.9992
797,NEGATIVE,0.6363
798,POSITIVE,0.9951
799,NEGATIVE,0.9719
800,NEGATIVE,0.9939
801,NEGATIVE,0.994
802,NEGATIVE,0.9868
803,NEGATIVE,0.9879
804,NEGATIVE,0.9566
805,NEGATIVE,0.9898
806,POSITIVE,0.9782
807,POSITIVE,0.9999
808,NEGATIVE,0.999
809,NEGATIVE,0.9996
810,NEGATIVE,0.9877
811,NEGATIVE,0.9896
812,NEGATIVE,0.5196
813,NEGATIVE,0.9969
814,NEGATIVE,0.9497
815,POSITIVE,0.9885
816,NEGATIVE,0.9673
817,NEGATIVE,0.9969
818,NEGATIVE,0.9949
819,NEGATIVE,0.9991
820,NEGATIVE,0.996
821,NEGATIVE,0.9962
822,POSITIVE,0.9999
823,NEGATIVE,0.9996
824,NEGATIVE,0.8771
825,POSITIVE,0.997
826,POSITIVE,0.9692
827,NEGATIVE,0.9634
828,NEGATIVE,0.9849
829,POSITIVE,0.9998
830,NEGATIVE,0.9953
831,POSITIVE,0.7388
832,NEGATIVE,0.9958
833,NEGATIVE,0.9869
834,POSITIVE,0.9947
835,POSITIVE,0.765
836,NEGATIVE,0.9991
837,NEGATIVE,0.7844
838,POSITIVE,0.9999
839,NEGATIVE,0.957
840,NEGATIVE,0.9087
841,NEGATIVE,0.5581
842,NEGATIVE,0.9946
843,NEGATIVE,0.9486
844,POSITIVE,0.9959
845,NEGATIVE,0.9539
846,NEGATIVE,0.9147
847,NEGATIVE,0.9961
848,NEGATIVE,0.9994
849,NEGATIVE,0.9251
850,NEGATIVE,0.9904
851,POSITIVE,0.9991
852,NEGATIVE,0.7849
853,NEGATIVE,0.9626
854,NEGATIVE,0.9979
855,NEGATIVE,0.9816
856,NEGATIVE,0.9873
857,NEGATIVE,0.9983
858,NEGATIVE,0.9929
859,POSITIVE,0.992
860,POSITIVE,0.9996
861,POSITIVE,0.9975
862,NEGATIVE,0.9988
863,NEGATIVE,0.993
864,NEGATIVE,0.999
865,NEGATIVE,0.9941
866,POSITIVE,0.9998
867,NEGATIVE,0.972
868,NEGATIVE,0.9973
869,NEGATIVE,0.9997
870,POSITIVE,0.9947
871,POSITIVE,0.9878
872,NEGATIVE,0.9969
873,NEGATIVE,0.888
874,NEGATIVE,0.8992
875,NEGATIVE,0.9941
876,POSITIVE,0.9801
877,POSITIVE,0.9969
878,NEGATIVE,0.9986
879,POSITIVE,0.9961
880,NEGATIVE,0.9855
881,NEGATIVE,0.9975
882,POSITIVE,0.9993
883,NEGATIVE,0.9998
884,NEGATIVE,0.8617
885,NEGATIVE,0.6206
886,POSITIVE,0.6621
887,POSITIVE,0.9863
888,POSITIVE,0.9634
889,NEGATIVE,0.9522
890,NEGATIVE,0.9996
891,POSITIVE,0.9997
892,NEGATIVE,0.9884
893,NEGATIVE,0.9963
894,POSITIVE,0.9977
895,POSITIVE,0.9998
896,NEGATIVE,0.9933
897,POSITIVE,0.9998
898,NEGATIVE,0.8896
899,NEGATIVE,0.9973
900,POSITIVE,0.9999
901,POSITIVE,0.9996
902,NEGATIVE,0.9958
903,NEGATIVE,0.9989
904,NEGATIVE,0.9295
905,POSITIVE,0.9975
906,NEGATIVE,0.9961
907,NEGATIVE,0.954
908,NEGATIVE,0.9996
909,POSITIVE,0.9992
910,NEGATIVE,0.87
911,NEGATIVE,0.9915
912,POSITIVE,0.9982
913,POSITIVE,0.9977
914,NEGATIVE,0.999
915,NEGATIVE,0.9926
916,NEGATIVE,0.9857
917,POSITIVE,0.9458
918,NEGATIVE,0.9967
919,NEGATIVE,0.9811
920,POSITIVE,0.9949
921,NEGATIVE,0.9988
922,POSITIVE,0.9927
923,NEGATIVE,0.9973
924,POSITIVE,0.8566
925,POSITIVE,0.9944
926,NEGATIVE,0.9915
927,POSITIVE,0.9926
928,NEGATIVE,0.8768
929,POSITIVE,0.9996
930,NEGATIVE,0.9998
931,POSITIVE,0.9986
932,POSITIVE,0.9853
933,NEGATIVE,0.8703
934,NEGATIVE,0.9997
935,NEGATIVE,0.9872
936,NEGATIVE,0.8148
937,NEGATIVE,0.9929
938,NEGATIVE,0.9997
939,NEGATIVE,0.9585
940,POSITIVE,0.9929
941,NEGATIVE,0.996
942,NEGATIVE,0.6098
943,POSITIVE,0.9592
944,POSITIVE,0.9999
945,POSITIVE,0.9996
946,POSITIVE,0.9995
947,POSITIVE,0.9997
948,NEGATIVE,0.9985
949,POSITIVE,0.9999
950,POSITIVE,0.9997
951,NEGATIVE,0.9983
952,POSITIVE,0.6035
953,POSITIVE,0.9799
954,NEGATIVE,0.9977
955,POSITIVE,0.9997
956,NEGATIVE,0.9959
957,POSITIVE,0.9994
958,NEGATIVE,0.8749
959,POSITIVE,0.997
960,NEGATIVE,0.9277
961,NEGATIVE,0.8697
962,NEGATIVE,0.9849
963,NEGATIVE,0.9809
964,POSITIVE,0.6417
965,POSITIVE,0.9961
966,NEGATIVE,0.9989
967,POSITIVE,0.9928
968,POSITIVE,0.9996
969,POSITIVE,0.6424
970,NEGATIVE,0.9904
971,POSITIVE,0.8231
972,POSITIVE,0.9974
973,POSITIVE,0.9999
974,NEGATIVE,0.9868
975,POSITIVE,0.9997
976,POSITIVE,0.9104
977,NEGATIVE,0.9881
978,POSITIVE,0.9831
979,POSITIVE,0.9522
980,NEGATIVE,0.9996
981,NEGATIVE,0.8959
982,NEGATIVE,0.9969
983,POSITIVE,0.9996
984,NEGATIVE,0.9461
985,NEGATIVE,0.999
986,NEGATIVE,0.6364
987,POSITIVE,0.9725
988,NEGATIVE,0.9964
989,NEGATIVE,0.7868
990,NEGATIVE,0.9909
991,POSITIVE,0.9892
992,NEGATIVE,0.9721
993,POSITIVE,0.9935
994,POSITIVE,0.9998
995,POSITIVE,0.9998
996,NEGATIVE,0.9978
997,NEGATIVE,0.992
998,POSITIVE,0.9994
999,NEGATIVE,0.9498
1000,POSITIVE,0.9517
1001,NEGATIVE,0.9872
1002,NEGATIVE,0.7319
1003,NEGATIVE,0.7439
1004,NEGATIVE,0.9308
1005,POSITIVE,0.9994
1006,NEGATIVE,0.996
1007,NEGATIVE,0.9898
1008,NEGATIVE,0.9993
1009,POSITIVE,0.9997
1010,POSITIVE,0.9899
1011,NEGATIVE,0.9778
1012,POSITIVE,0.9995
1013,POSITIVE,0.9987
1014,NEGATIVE,0.9996
1015,POSITIVE,0.6216
1016,NEGATIVE,0.9993
1017,NEGATIVE,0.9856
1018,POSITIVE,0.9881
1019,POSITIVE,0.983
1020,POSITIVE,0.9992
1021,POSITIVE,0.9865
1022,NEGATIVE,0.8272
1023,NEGATIVE,0.8575
1024,POSITIVE,0.9788
1025,POSITIVE,0.9997
1026,NEGATIVE,0.9859
1027,POSITIVE,0.9706
1028,POSITIVE,0.8124
1029,NEGATIVE,0.9995
1030,POSITIVE,0.9978
1031,NEGATIVE,0.9986
1032,POSITIVE,0.9965
1033,POSITIVE,0.9994
1034,NEGATIVE,0.9994
1035,POSITIVE,0.9995
1036,NEGATIVE,0.9988
1037,NEGATIVE,0.9994
1038,NEGATIVE,0.9933
1039,POSITIVE,0.9996
1040,NEGATIVE,0.9792
1041,NEGATIVE,0.9986
1042,NEGATIVE,0.9863
1043,NEGATIVE,0.9969
1044,POSITIVE,0.9998
1045,NEGATIVE,0.9993
1046,NEGATIVE,0.9573
1047,POSITIVE,0.9956
1048,POSITIVE,0.9934
1049,POSITIVE,0.997
1050,NEGATIVE,0.9623
1051,NEGATIVE,0.9978
1052,NEGATIVE,0.9831
1053,POSITIVE,0.9329
1054,NEGATIVE,0.7207
1055,POSITIVE,0.9437
1056,NEGATIVE,0.996
1057,POSITIVE,0.9998
1058,NEGATIVE,0.9929
1059,POSITIVE,0.9998
1060,NEGATIVE,0.9981
1061,POSITIVE,0.992
1062,POSITIVE,0.996
1063,NEGATIVE,0.9972
1064,NEGATIVE,0.9902
1065,POSITIVE,0.9994
1066,POSITIVE,0.9995
1067,NEGATIVE,0.992
1068,POSITIVE,0.9968
1069,POSITIVE,0.9922
1070,NEGATIVE,0.9986
1071,NEGATIVE,0.9994
1072,NEGATIVE,0.9881
1073,POSITIVE,0.9994
1074,POSITIVE,0.9998
1075,POSITIVE,0.9986
1076,NEGATIVE,0.996
1077,NEGATIVE,0.966
1078,NEGATIVE,0.9919
1079,POSITIVE,0.9928
1080,POSITIVE,0.9566
1081,NEGATIVE,0.9996
1082,NEGATIVE,0.9985
1083,NEGATIVE,0.9944
1084,NEGATIVE,0.9873
1085,NEGATIVE,0.9934
1086,NEGATIVE,0.9979
1087,POSITIVE,0.7231
1088,NEGATIVE,0.9882
1089,POSITIVE,0.9921
1090,NEGATIVE,0.9997
1091,POSITIVE,0.9998
1092,NEGATIVE,0.9946
1093,NEGATIVE,0.8756
1094,POSITIVE,0.9697
1095,POSITIVE,0.9941
1096,POSITIVE,0.9992
1097,POSITIVE,0.9346
1098,NEGATIVE,0.9847
1099,NEGATIVE,0.9834
1100,POSITIVE,0.9986
1101,POSITIVE,0.9919
1102,POSITIVE,0.9996
1103,POSITIVE,0.9992
1104,POSITIVE,0.9976
1105,NEGATIVE,0.967
1106,NEGATIVE,0.9969
1107,NEGATIVE,0.9989
1108,NEGATIVE,0.9925
1109,NEGATIVE,0.8962
1110,NEGATIVE,0.992
1111,POSITIVE,0.977
1112,NEGATIVE,0.9508
1113,POSITIVE,0.9067
1114,NEGATIVE,0.9976
1115,POSITIVE,0.9345
1116,NEGATIVE,0.9892
1117,NEGATIVE,0.9925
1118,POSITIVE,0.9941
1119,POSITIVE,0.9962
1120,POSITIVE,0.9994
1121,NEGATIVE,0.9981
1122,NEGATIVE,0.9899
1123,POSITIVE,0.6336
1124,NEGATIVE,0.9585
1125,POSITIVE,0.9261
1126,NEGATIVE,0.9961
1127,POSITIVE,0.9997
1128,POSITIVE,0.9929
1129,NEGATIVE,0.9624
1130,POSITIVE,0.9997
1131,POSITIVE,0.9995
1132,NEGATIVE,0.9983
1133,NEGATIVE,0.9774
1134,NEGATIVE,0.9986
1135,NEGATIVE,0.9991
1136,NEGATIVE,0.9676
1137,POSITIVE,0.9984
1138,NEGATIVE,0.64
1139,NEGATIVE,0.9854
1140,POSITIVE,0.9905
1141,NEGATIVE,0.9465
1142,NEGATIVE,0.9939
1143,NEGATIVE,0.9953
1144,POSITIVE,0.9988
1145,NEGATIVE,0.9687
1146,POSITIVE,0.9991
1147,POSITIVE,0.9565
1148,POSITIVE,0.9225
1149,POSITIVE,0.9998
1150,NEGATIVE,0.9991
1151,POSITIVE,0.9987
1152,NEGATIVE,0.9915
1153,POSITIVE,0.6372
1154,POSITIVE,0.9884
1155,POSITIVE,0.8649
1156,POSITIVE,0.5376
1157,NEGATIVE,0.9433
1158,NEGATIVE,0.9379
1159,NEGATIVE,0.996
1160,POSITIVE,0.9204
1161,POSITIVE,0.9221
1162,NEGATIVE,0.9597
1163,POSITIVE,0.9921
1164,NEGATIVE,0.9738
1165,NEGATIVE,0.9998
1166,NEGATIVE,0.9983
1167,NEGATIVE,0.9206
1168,NEGATIVE,0.9983
1169,NEGATIVE,0.9997
1170,NEGATIVE,0.9882
1171,NEGATIVE,0.9982
1172,NEGATIVE,0.9965
1173,NEGATIVE,0.9868
1174,NEGATIVE,0.9425
1175,NEGATIVE,0.9982
1176,NEGATIVE,0.834
1177,NEGATIVE,0.9998
1178,POSITIVE,0.9861
1179,NEGATIVE,0.9903
1180,POSITIVE,0.9974
1181,POSITIVE,0.9968
1182,NEGATIVE,0.9046
1183,NEGATIVE,0.9952
1184,POSITIVE,0.9959
1185,NEGATIVE,0.9862
1186,NEGATIVE,0.9982
1187,NEGATIVE,0.9815
1188,POSITIVE,0.9983
1189,POSITIVE,0.9983
1190,POSITIVE,0.9984
1191,NEGATIVE,0.9386
1192,POSITIVE,0.9947
1193,POSITIVE,0.9994
1194,NEGATIVE,0.998
1195,NEGATIVE,0.9978
1196,NEGATIVE,0.9915
1197,NEGATIVE,0.9925
1198,POSITIVE,0.9918
1199,NEGATIVE,0.9995
1200,NEGATIVE,0.9972
1201,NEGATIVE,0.983
1202,NEGATIVE,0.9742
1203,POSITIVE,0.9998
1204,NEGATIVE,0.9933
1205,POSITIVE,0.9957
1206,NEGATIVE,0.9961
1207,POSITIVE,0.9878
1208,POSITIVE,0.9941
1209,NEGATIVE,0.9686
1210,NEGATIVE,0.9971
1211,POSITIVE,0.9984
1212,POSITIVE,0.9928
1213,NEGATIVE,0.9404
1214,POSITIVE,0.9954
1215,POSITIVE,0.9959
1216,NEGATIVE,0.8713
1217,POSITIVE,0.9985
1218,POSITIVE,0.9974
1219,NEGATIVE,0.9275
1220,POSITIVE,0.9999
1221,POSITIVE,0.5977
1222,NEGATIVE,0.9785
1223,NEGATIVE,0.9625
1224,NEGATIVE,0.5796
1225,POSITIVE,0.9995
1226,NEGATIVE,0.9881
1227,NEGATIVE,0.9937
1228,NEGATIVE,0.5485
1229,POSITIVE,0.9992
1230,NEGATIVE,0.9516
1231,POSITIVE,0.9807
1232,NEGATIVE,0.995
1233,NEGATIVE,0.8683
1234,POSITIVE,0.9788
1235,POSITIVE,0.9918
1236,POSITIVE,0.8757
1237,POSITIVE,0.999
1238,POSITIVE,0.996
1239,POSITIVE,0.7516
1240,NEGATIVE,0.9232
1241,POSITIVE,0.9966
1242,POSITIVE,0.9984
1243,NEGATIVE,0.7937
1244,POSITIVE,0.9871
1245,NEGATIVE,0.9993
1246,POSITIVE,0.9976
1247,POSITIVE,0.9996
1248,POSITIVE,0.9975
1249,NEGATIVE,0.9983
1250,NEGATIVE,0.9984
1251,POSITIVE,0.9998
1252,NEGATIVE,0.9967
1253,NEGATIVE,0.9988
1254,POSITIVE,0.9996
1255,NEGATIVE,0.9981
1256,NEGATIVE,0.9978
1257,POSITIVE,0.9977
1258,NEGATIVE,0.9733
1259,NEGATIVE,0.8433
1260,POSITIVE,0.9955
1261,POSITIVE,0.5532
1262,POSITIVE,0.9997
1263,NEGATIVE,0.9851
1264,NEGATIVE,0.9823
1265,POSITIVE,0.9998
1266,NEGATIVE,0.9753
1267,NEGATIVE,0.9856
1268,POSITIVE,0.9595
1269,NEGATIVE,0.9892
1270,NEGATIVE,0.9894
1271,NEGATIVE,0.9963
1272,NEGATIVE,0.9997
1273,NEGATIVE,0.9986
1274,NEGATIVE,0.9404
1275,NEGATIVE,0.9982
1276,NEGATIVE,0.9871
1277,POSITIVE,0.9998
1278,POSITIVE,0.9991
1279,NEGATIVE,0.9972
1280,NEGATIVE,0.9915
1281,NEGATIVE,0.5275
1282,POSITIVE,0.9977
1283,POSITIVE,0.9984
1284,POSITIVE,0.9999
1285,POSITIVE,0.5821
1286,NEGATIVE,0.9987
1287,POSITIVE,0.9988
1288,POSITIVE,0.9415
1289,NEGATIVE,0.9221
1290,NEGATIVE,0.9786
1291,POSITIVE,0.9774
1292,NEGATIVE,0.9978
1293,NEGATIVE,0.9781
1294,POSITIVE,0.7724
1295,POSITIVE,0.9673
1296,NEGATIVE,0.9873
1297,POSITIVE,0.6389
1298,POSITIVE,0.9041
1299,NEGATIVE,0.9922
1300,NEGATIVE,0.9733
1301,POSITIVE,0.9184
1302,POSITIVE,0.9917
1303,NEGATIVE,0.9971
1304,NEGATIVE,0.5811
1305,POSITIVE,0.9457
1306,NEGATIVE,0.9806
1307,NEGATIVE,0.9781
1308,NEGATIVE,0.724
1309,POSITIVE,0.9995
1310,POSITIVE,0.5838
1311,POSITIVE,0.8962
1312,NEGATIVE,0.9915
1313,NEGATIVE,0.9992
1314,POSITIVE,0.984
1315,POSITIVE,0.9936
1316,NEGATIVE,0.9872
1317,NEGATIVE,0.9917
1318,NEGATIVE,0.8564
1319,NEGATIVE,0.9984
1320,NEGATIVE,0.9961
1321,NEGATIVE,0.9877
1322,NEGATIVE,0.999
1323,POSITIVE,0.9799
1324,POSITIVE,0.9998
1325,POSITIVE,0.9673
1326,NEGATIVE,0.5878
1327,POSITIVE,0.9999
1328,NEGATIVE,0.9984
1329,NEGATIVE,0.998
1330,NEGATIVE,0.9996
1331,POSITIVE,0.9963
1332,NEGATIVE,0.9634
1333,POSITIVE,0.9998
1334,NEGATIVE,0.998
1335,NEGATIVE,0.9973
1336,POSITIVE,0.9796
1337,NEGATIVE,0.998
1338,POSITIVE,0.998
1339,POSITIVE,0.9865
1340,POSITIVE,0.9737
1341,POSITIVE,0.5961
1342,POSITIVE,0.9829
1343,POSITIVE,0.9882
1344,POSITIVE,0.6735
1345,POSITIVE,0.9992
1346,POSITIVE,0.9979
1347,POSITIVE,0.9995
1348,POSITIVE,0.9788
1349,NEGATIVE,0.9997
1350,POSITIVE,0.9998
1351,POSITIVE,0.995
1352,POSITIVE,0.9999
1353,NEGATIVE,0.9794
1354,NEGATIVE,0.9668
1355,POSITIVE,0.9999
1356,NEGATIVE,0.9978
1357,NEGATIVE,0.9904
1358,NEGATIVE,0.9985
1359,POSITIVE,0.9967
1360,NEGATIVE,0.9972
1361,POSITIVE,0.9986
1362,NEGATIVE,0.9894
1363,POSITIVE,0.9981
1364,POSITIVE,0.9952
1365,NEGATIVE,0.985
1366,POSITIVE,0.9997
1367,NEGATIVE,0.9846
1368,POSITIVE,0.9998
1369,POSITIVE,0.9967
1370,POSITIVE,0.9637
1371,NEGATIVE,0.9997
1372,NEGATIVE,0.5072
1373,NEGATIVE,0.915
1374,NEGATIVE,0.7385
1375,NEGATIVE,0.9989
1376,POSITIVE,0.988
1377,NEGATIVE,0.8259
1378,POSITIVE,0.9998
1379,NEGATIVE,0.9409
1380,POSITIVE,0.9999
1381,NEGATIVE,0.9989
1382,POSITIVE,0.9857
1383,POSITIVE,0.9988
1384,NEGATIVE,0.999
1385,NEGATIVE,0.7416
1386,POSITIVE,0.9996
1387,NEGATIVE,0.9889
1388,NEGATIVE,0.7968
1389,NEGATIVE,0.9853
1390,POSITIVE,0.7285
1391,POSITIVE,0.9997
1392,NEGATIVE,0.9339
1393,NEGATIVE,0.9996
1394,POSITIVE,0.5446
1395,POSITIVE,0.6521
1396,POSITIVE,0.633
1397,POSITIVE,0.9983
1398,NEGATIVE,0.9903
1399,POSITIVE,0.9989
1400,NEGATIVE,0.7745
1401,POSITIVE,0.9903
1402,NEGATIVE,0.9929
1403,NEGATIVE,0.9956
1404,NEGATIVE,0.9604
1405,NEGATIVE,0.9947
1406,NEGATIVE,0.8117
1407,NEGATIVE,0.9786
1408,POSITIVE,0.9997
1409,NEGATIVE,0.9581
1410,NEGATIVE,0.972
1411,NEGATIVE,0.9951
1412,NEGATIVE,0.9998
1413,POSITIVE,0.9744
1414,NEGATIVE,0.9898
1415,NEGATIVE,0.9481
1416,NEGATIVE,0.9953
1417,NEGATIVE,0.9812
1418,NEGATIVE,0.9996
1419,POSITIVE,0.9808
1420,NEGATIVE,0.9929
1421,POSITIVE,0.9976
1422,POSITIVE,0.9679
1423,NEGATIVE,0.9736
1424,NEGATIVE,0.9961
1425,NEGATIVE,0.9961
1426,NEGATIVE,0.9902
1427,NEGATIVE,0.8833
1428,NEGATIVE,0.9869
1429,POSITIVE,0.9983
1430,POSITIVE,0.9857
1431,POSITIVE,0.9978
1432,POSITIVE,0.9983
1433,POSITIVE,0.9997
1434,NEGATIVE,0.5009
1435,POSITIVE,0.9542
1436,NEGATIVE,0.925
1437,NEGATIVE,0.9595
1438,POSITIVE,0.8861
1439,NEGATIVE,0.9994
1440,NEGATIVE,0.9872
1441,POSITIVE,0.9835
1442,NEGATIVE,0.9881
1443,NEGATIVE,0.8562
1444,POSITIVE,0.9971
1445,POSITIVE,0.9985
1446,POSITIVE,0.9983
1447,POSITIVE,0.9981
1448,NEGATIVE,0.9888
1449,POSITIVE,0.999
1450,POSITIVE,0.996
1451,POSITIVE,0.9987
1452,POSITIVE,0.9998
1453,POSITIVE,0.9992
1454,POSITIVE,0.9958
1455,NEGATIVE,0.9852
1456,POSITIVE,0.9918
1457,POSITIVE,0.8733
1458,NEGATIVE,0.8608
1459,NEGATIVE,0.9951
1460,NEGATIVE,0.9998
1461,NEGATIVE,0.9962
1462,NEGATIVE,0.9921
1463,NEGATIVE,0.9911
1464,NEGATIVE,0.9992
1465,POSITIVE,0.8479
1466,NEGATIVE,0.9697
1467,POSITIVE,0.9985
1468,POSITIVE,0.9942
1469,NEGATIVE,0.9491
1470,NEGATIVE,0.9995
1471,NEGATIVE,0.9958
1472,NEGATIVE,0.9944
1473,NEGATIVE,0.9865
1474,POSITIVE,0.976
1475,NEGATIVE,0.9976
1476,NEGATIVE,0.9248
1477,POSITIVE,0.9973
1478,NEGATIVE,0.8875
1479,POSITIVE,0.9997
1480,NEGATIVE,0.9748
1481,NEGATIVE,0.7791
1482,POSITIVE,0.9993
1483,NEGATIVE,0.9971
1484,NEGATIVE,0.9139
1485,NEGATIVE,0.969
1486,POSITIVE,0.9452
1487,POSITIVE,0.9634
1488,NEGATIVE,0.9966
1489,POSITIVE,0.8638
1490,NEGATIVE,0.9997
1491,POSITIVE,0.9999
1492,NEGATIVE,0.9616
1493,NEGATIVE,0.9876
1494,POSITIVE,0.9854
1495,POSITIVE,0.8672
1496,NEGATIVE,0.9554
1497,POSITIVE,0.9956
1498,NEGATIVE,0.9669
1499,NEGATIVE,0.843
1500,POSITIVE,0.9996
1501,POSITIVE,0.9991
1502,NEGATIVE,0.9917
1503,POSITIVE,0.8043
1504,NEGATIVE,0.9614
1505,POSITIVE,0.9967
1506,NEGATIVE,0.9787
1507,POSITIVE,0.9998
1508,NEGATIVE,0.9993
1509,NEGATIVE,0.6634
1510,POSITIVE,0.9981
1511,POSITIVE,0.9897
1512,NEGATIVE,0.9302
1513,NEGATIVE,0.9476
1514,POSITIVE,0.997
1515,NEGATIVE,0.9988
1516,NEGATIVE,0.6096
1517,POSITIVE,0.9995
1518,NEGATIVE,0.9996
1519,POSITIVE,0.9997
1520,POSITIVE,0.9996
1521,NEGATIVE,0.9993
1522,NEGATIVE,0.9895
1523,NEGATIVE,0.9959
1524,NEGATIVE,0.9427
1525,NEGATIVE,0.9602
1526,POSITIVE,0.9953
1527,POSITIVE,0.6713
1528,NEGATIVE,0.813
1529,POSITIVE,0.9972
1530,NEGATIVE,0.9986
1531,NEGATIVE,0.9413
1532,NEGATIVE,0.9787
1533,POSITIVE,0.9684
1534,NEGATIVE,0.9377
1535,POSITIVE,0.7401
1536,POSITIVE,0.9988
1537,NEGATIVE,0.9245
1538,POSITIVE,0.9962
1539,POSITIVE,0.9824
1540,NEGATIVE,0.9712
1541,POSITIVE,0.9998
1542,NEGATIVE,0.8355
1543,NEGATIVE,0.9775
1544,NEGATIVE,0.9859
1545,NEGATIVE,0.9703
1546,NEGATIVE,0.9888
1547,NEGATIVE,0.9998
1548,NEGATIVE,0.981
1549,NEGATIVE,0.9987
1550,NEGATIVE,0.9581
1551,POSITIVE,0.9598
1552,POSITIVE,0.9998
1553,NEGATIVE,0.9978
1554,NEGATIVE,0.932
1555,NEGATIVE,0.9792
1556,NEGATIVE,0.9916
1557,NEGATIVE,0.9854
1558,NEGATIVE,0.999
1559,POSITIVE,0.6426
1560,NEGATIVE,0.967
1561,POSITIVE,0.9998
1562,NEGATIVE,0.7708
1563,NEGATIVE,0.9992
1564,NEGATIVE,0.9972
1565,NEGATIVE,0.5426
1566,POSITIVE,0.9528
1567,NEGATIVE,0.9952
1568,POSITIVE,0.9946
1569,NEGATIVE,0.9854
1570,NEGATIVE,0.999
1571,NEGATIVE,0.9798
1572,POSITIVE,0.9999
1573,POSITIVE,0.9922
1574,NEGATIVE,0.9838
1575,NEGATIVE,0.9797
1576,POSITIVE,0.9998
1577,POSITIVE,0.9995
1578,POSITIVE,0.9998
1579,POSITIVE,0.998
1580,NEGATIVE,0.9904
1581,NEGATIVE,0.973
1582,POSITIVE,0.8443
1583,POSITIVE,0.9991
1584,POSITIVE,0.986
1585,POSITIVE,0.9989
1586,POSITIVE,0.9408
1587,NEGATIVE,0.9992
1588,NEGATIVE,0.7079
1589,NEGATIVE,0.9654
1590,NEGATIVE,0.9969
1591,POSITIVE,0.8392
1592,NEGATIVE,0.674
1593,NEGATIVE,0.9026
1594,POSITIVE,0.9254
1595,POSITIVE,0.9932
1596,NEGATIVE,0.9985
1597,NEGATIVE,0.9991
1598,POSITIVE,0.9931
1599,NEGATIVE,0.9983
1600,NEGATIVE,0.9962
1601,NEGATIVE,0.5167
1602,POSITIVE,0.6757
1603,NEGATIVE,0.9997
1604,POSITIVE,0.9999
1605,NEGATIVE,0.9989
1606,POSITIVE,0.9993
1607,POSITIVE,0.751
1608,POSITIVE,0.9919
1609,POSITIVE,0.9998
1610,NEGATIVE,0.9892
1611,POSITIVE,0.9973
1612,POSITIVE,0.9984
1613,NEGATIVE,0.9937
1614,NEGATIVE,0.9926
1615,POSITIVE,0.9959
1616,POSITIVE,0.9999
1617,POSITIVE,0.9326
1618,POSITIVE,0.9994
1619,POSITIVE,0.9998
1620,NEGATIVE,0.9943
1621,POSITIVE,0.9975
1622,NEGATIVE,0.7068
1623,POSITIVE,0.9994
1624,POSITIVE,0.9966
1625,POSITIVE,0.9993
1626,NEGATIVE,0.8042
1627,POSITIVE,0.9991
1628,NEGATIVE,0.9829
1629,NEGATIVE,0.9872
1630,NEGATIVE,0.9996
1631,NEGATIVE,0.9956
1632,NEGATIVE,0.5812
1633,POSITIVE,0.9825
1634,POSITIVE,0.9963
1635,NEGATIVE,0.9986
1636,NEGATIVE,0.9814
1637,NEGATIVE,0.7129
1638,NEGATIVE,0.9977
1639,NEGATIVE,0.9975
1640,NEGATIVE,0.9527
1641,NEGATIVE,0.7155
1642,POSITIVE,0.9986
1643,NEGATIVE,0.9858
1644,POSITIVE,0.9943
1645,NEGATIVE,0.9974
1646,NEGATIVE,0.9959
1647,NEGATIVE,0.7733
1648,NEGATIVE,0.9959
1649,NEGATIVE,0.9892
1650,NEGATIVE,0.9963
1651,POSITIVE,0.9997
1652,NEGATIVE,0.9944
1653,NEGATIVE,0.6949
1654,NEGATIVE,0.8926
1655,POSITIVE,0.9644
1656,NEGATIVE,0.822
1657,POSITIVE,0.9909
1658,NEGATIVE,0.9098
1659,NEGATIVE,0.9678
1660,NEGATIVE,0.9982
1661,NEGATIVE,0.9983
1662,POSITIVE,0.9571
1663,POSITIVE,0.9157
1664,NEGATIVE,0.9865
1665,POSITIVE,0.9994
1666,NEGATIVE,0.9998
1667,POSITIVE,0.9998
1668,POSITIVE,0.9665
1669,NEGATIVE,0.9782
1670,NEGATIVE,0.9908
1671,NEGATIVE,0.9945
1672,NEGATIVE,0.9989
1673,NEGATIVE,0.9984
1674,POSITIVE,0.8789
1675,NEGATIVE,0.9935
1676,POSITIVE,0.9963
1677,POSITIVE,0.998
1678,POSITIVE,0.9989
1679,NEGATIVE,0.9985
1680,POSITIVE,0.9435
1681,POSITIVE,0.9917
1682,POSITIVE,0.9998
1683,NEGATIVE,0.9963
1684,NEGATIVE,0.9702
1685,POSITIVE,0.9984
1686,POSITIVE,0.9901
1687,NEGATIVE,0.9994
1688,NEGATIVE,0.6686
1689,POSITIVE,0.8807
1690,NEGATIVE,0.9997
1691,NEGATIVE,0.9997
1692,NEGATIVE,0.8274
1693,NEGATIVE,0.7887
1694,NEGATIVE,0.8941
1695,NEGATIVE,0.823
1696,POSITIVE,0.9998
1697,NEGATIVE,0.9938
1698,NEGATIVE,0.9931
1699,POSITIVE,0.9994
1700,NEGATIVE,0.9871
1701,NEGATIVE,0.9645
1702,NEGATIVE,0.9856
1703,NEGATIVE,0.9975
1704,NEGATIVE,0.9994
1705,NEGATIVE,0.9867
1706,NEGATIVE,0.9981
1707,NEGATIVE,0.994
1708,NEGATIVE,0.9824
1709,NEGATIVE,0.9982
1710,NEGATIVE,0.999
1711,NEGATIVE,0.9625
1712,POSITIVE,0.9992
1713,POSITIVE,0.969
1714,NEGATIVE,0.9972
1715,NEGATIVE,0.9929
1716,NEGATIVE,0.9702
1717,NEGATIVE,0.9945
1718,NEGATIVE,0.9994
1719,NEGATIVE,0.557
1720,NEGATIVE,0.9656
1721,NEGATIVE,0.9962
1722,POSITIVE,0.9884
1723,NEGATIVE,0.9792
1724,POSITIVE,0.8611
1725,NEGATIVE,0.9967
1726,POSITIVE,0.999
1727,POSITIVE,0.9971
1728,NEGATIVE,0.9907
1729,NEGATIVE,0.9993
1730,NEGATIVE,0.9997
1731,NEGATIVE,0.9743
1732,POSITIVE,0.9187
1733,NEGATIVE,0.9903
1734,NEGATIVE,0.9902
1735,NEGATIVE,0.9982
1736,POSITIVE,0.876
1737,NEGATIVE,0.9937
1738,POSITIVE,0.9986
1739,NEGATIVE,0.9877
1740,POSITIVE,0.9957
1741,POSITIVE,0.9696
1742,NEGATIVE,0.9989
1743,NEGATIVE,0.958
1744,NEGATIVE,0.9991
1745,NEGATIVE,0.9838
1746,POSITIVE,0.9693
1747,POSITIVE,0.9993
1748,NEGATIVE,0.9985
1749,POSITIVE,0.8274
1750,POSITIVE,0.9984
1751,NEGATIVE,0.9751
1752,POSITIVE,0.9793
1753,POSITIVE,0.9995
1754,POSITIVE,0.9972
1755,POSITIVE,0.9951
1756,POSITIVE,0.9983
1757,POSITIVE,0.7854
1758,POSITIVE,0.9999
1759,NEGATIVE,0.5092
1760,NEGATIVE,0.9728
1761,NEGATIVE,0.9987
1762,NEGATIVE,0.998
1763,POSITIVE,0.9972
1764,NEGATIVE,0.9957
1765,NEGATIVE,0.9982
1766,POSITIVE,0.9999
1767,POSITIVE,0.9928
1768,POSITIVE,0.9938
1769,NEGATIVE,0.9931
1770,POSITIVE,0.9988
1771,NEGATIVE,0.9887
1772,NEGATIVE,0.8779
1773,POSITIVE,0.8992
1774,NEGATIVE,0.9227
1775,NEGATIVE,0.5707
1776,NEGATIVE,0.9749
1777,NEGATIVE,0.9741
1778,NEGATIVE,0.9845
1779,NEGATIVE,0.9985
1780,NEGATIVE,0.9258
1781,POSITIVE,0.9997
1782,POSITIVE,0.9996
1783,POSITIVE,0.8241
1784,POSITIVE,0.98
1785,NEGATIVE,0.997
1786,NEGATIVE,0.9644
1787,NEGATIVE,0.9993
1788,NEGATIVE,0.5452
1789,POSITIVE,0.9968
1790,NEGATIVE,0.9967
1791,POSITIVE,0.9953
1792,POSITIVE,0.9998
1793,NEGATIVE,0.8876
1794,POSITIVE,0.9932
1795,POSITIVE,0.9054
1796,NEGATIVE,0.708
1797,NEGATIVE,0.9975
1798,NEGATIVE,0.9921
1799,NEGATIVE,0.9989
1800,NEGATIVE,0.9833
1801,NEGATIVE,0.9672
1802,POSITIVE,0.9954
1803,NEGATIVE,0.9494
1804,NEGATIVE,0.999
1805,NEGATIVE,0.999
1806,NEGATIVE,0.9957
1807,NEGATIVE,0.9425
1808,POSITIVE,0.9692
1809,POSITIVE,0.9997
1810,POSITIVE,0.9996
1811,NEGATIVE,0.9496
1812,NEGATIVE,0.9341
1813,NEGATIVE,0.9979
1814,NEGATIVE,0.9719
1815,NEGATIVE,0.9997
1816,NEGATIVE,0.9707
1817,NEGATIVE,0.999
1818,NEGATIVE,0.9991
1819,POSITIVE,0.9993
1820,NEGATIVE,0.5574
1821,NEGATIVE,0.996
1822,NEGATIVE,0.9618
1823,NEGATIVE,0.9929
1824,POSITIVE,0.9788
1825,POSITIVE,0.9442
1826,POSITIVE,0.9926
1827,POSITIVE,0.7828
1828,POSITIVE,0.9759
1829,NEGATIVE,0.9481
1830,POSITIVE,0.9673
1831,POSITIVE,0.7422
1832,POSITIVE,0.9862
1833,POSITIVE,0.6584
1834,POSITIVE,0.8226
1835,POSITIVE,0.9527
1836,POSITIVE,0.9975
1837,NEGATIVE,0.9976
1838,POSITIVE,0.963
1839,NEGATIVE,0.9553
1840,NEGATIVE,0.9861
1841,NEGATIVE,0.9944
1842,NEGATIVE,0.9773
1843,POSITIVE,0.8926
1844,NEGATIVE,0.9562
1845,NEGATIVE,0.9918
1846,POSITIVE,0.9998
1847,NEGATIVE,0.9925
1848,NEGATIVE,0.9904
1849,POSITIVE,0.9735
1850,POSITIVE,0.944
1851,POSITIVE,0.9817
1852,NEGATIVE,0.7497
1853,POSITIVE,0.9995
1854,NEGATIVE,0.9882
1855,POSITIVE,0.9997
1856,POSITIVE,0.9917
1857,NEGATIVE,0.9495
1858,POSITIVE,0.9971
1859,NEGATIVE,0.9997
1860,NEGATIVE,0.973
1861,POSITIVE,0.9996
1862,POSITIVE,0.9998
1863,NEGATIVE,0.9974
1864,POSITIVE,0.9967
1865,NEGATIVE,0.9836
1866,NEGATIVE,0.9996
1867,NEGATIVE,0.9997
1868,POSITIVE,0.9858
1869,NEGATIVE,0.9434
1870,POSITIVE,0.9973
1871,POSITIVE,0.9978
1872,NEGATIVE,0.9904
1873,NEGATIVE,0.9959
1874,NEGATIVE,0.9998
1875,POSITIVE,0.9881
1876,NEGATIVE,0.9962
1877,POSITIVE,0.9934
1878,NEGATIVE,0.9972
1879,NEGATIVE,0.6306
1880,NEGATIVE,0.8774
1881,POSITIVE,0.8508
1882,POSITIVE,0.9763
1883,NEGATIVE,0.9928
1884,NEGATIVE,0.9812
1885,NEGATIVE,0.9843
1886,NEGATIVE,0.9998
1887,NEGATIVE,0.9936
1888,NEGATIVE,0.9669
1889,NEGATIVE,0.9976
1890,NEGATIVE,0.9976
1891,NEGATIVE,0.9985
1892,NEGATIVE,0.8325
1893,POSITIVE,0.9946
1894,NEGATIVE,0.9997
1895,NEGATIVE,0.9942
1896,NEGATIVE,0.9188
1897,POSITIVE,0.8103
1898,NEGATIVE,0.9755
1899,NEGATIVE,0.9944
1900,POSITIVE,0.9998
1901,NEGATIVE,0.9998
1902,NEGATIVE,0.8145
1903,NEGATIVE,0.6928
1904,POSITIVE,0.9988
1905,NEGATIVE,0.9994
1906,NEGATIVE,0.8501
1907,POSITIVE,0.9971
1908,NEGATIVE,0.809
1909,NEGATIVE,0.9998
1910,NEGATIVE,0.9878
1911,POSITIVE,0.9985
1912,POSITIVE,0.6677
1913,NEGATIVE,0.9993
1914,NEGATIVE,0.9919
1915,NEGATIVE,0.9975
1916,POSITIVE,0.5619
1917,NEGATIVE,0.9852
1918,POSITIVE,0.9974
1919,NEGATIVE,0.9895
1920,NEGATIVE,0.9641
1921,NEGATIVE,0.7621
1922,NEGATIVE,0.9991
1923,POSITIVE,0.8512
1924,POSITIVE,0.9998
1925,NEGATIVE,0.9859
1926,POSITIVE,0.9999
1927,NEGATIVE,0.9418
1928,NEGATIVE,0.9996
1929,POSITIVE,0.9987
1930,NEGATIVE,0.8232
1931,NEGATIVE,0.9974
1932,NEGATIVE,0.9994
1933,POSITIVE,0.9975
1934,POSITIVE,0.9932
1935,POSITIVE,0.9999
1936,NEGATIVE,0.9406
1937,POSITIVE,0.9988
1938,POSITIVE,0.9667
1939,POSITIVE,0.9995
1940,NEGATIVE,0.9964
1941,NEGATIVE,0.9997
1942,POSITIVE,0.7295
1943,NEGATIVE,0.9498
1944,POSITIVE,0.9662
1945,NEGATIVE,0.5912
1946,NEGATIVE,0.9818
1947,POSITIVE,0.9997
1948,NEGATIVE,0.9584
1949,POSITIVE,0.8794
1950,NEGATIVE,0.9936
1951,POSITIVE,0.9995
1952,NEGATIVE,0.9971
1953,POSITIVE,0.984
1954,NEGATIVE,0.9889
1955,NEGATIVE,0.729
1956,NEGATIVE,0.7854
1957,POSITIVE,0.9853
1958,NEGATIVE,0.722
1959,NEGATIVE,0.8405
1960,NEGATIVE,0.9969
1961,NEGATIVE,0.9995
1962,NEGATIVE,0.5773
1963,POSITIVE,0.9998
1964,NEGATIVE,0.9997
1965,POSITIVE,0.6508
1966,NEGATIVE,0.9875
1967,NEGATIVE,0.9948
1968,POSITIVE,0.9991
1969,POSITIVE,0.9972
1970,NEGATIVE,0.9951
1971,NEGATIVE,0.924
1972,NEGATIVE,0.9963
1973,NEGATIVE,0.9789
1974,POSITIVE,0.9999
1975,NEGATIVE,0.9942
1976,NEGATIVE,0.9985
1977,POSITIVE,0.9959
1978,POSITIVE,0.8384
1979,POSITIVE,0.9949
1980,POSITIVE,0.9903
1981,NEGATIVE,0.6687
1982,POSITIVE,0.735
1983,NEGATIVE,0.9979
1984,POSITIVE,0.9833
1985,NEGATIVE,0.9975
1986,NEGATIVE,0.9998
1987,POSITIVE,0.9997
1988,NEGATIVE,0.8863
1989,NEGATIVE,0.9997
1990,NEGATIVE,0.9763
1991,NEGATIVE,0.6054
1992,NEGATIVE,0.8555
1993,NEGATIVE,0.984
1994,POSITIVE,0.9893
1995,NEGATIVE,0.9706
1996,POSITIVE,0.9972
1997,POSITIVE,0.9974
1998,POSITIVE,0.9896
1999,NEGATIVE,0.521
2000,POSITIVE,0.9942
2001,NEGATIVE,0.994
2002,NEGATIVE,0.9862
2003,NEGATIVE,0.9887
2004,NEGATIVE,0.9995
2005,POSITIVE,0.9944
2006,POSITIVE,0.998
2007,NEGATIVE,0.997
2008,POSITIVE,0.9994
2009,POSITIVE,0.9824
2010,NEGATIVE,0.9766
2011,NEGATIVE,0.9727
2012,NEGATIVE,0.9888
2013,NEGATIVE,0.9993
2014,NEGATIVE,0.9911
2015,NEGATIVE,0.9932
2016,NEGATIVE,0.96
2017,NEGATIVE,0.9954
2018,NEGATIVE,0.8859
